split,model,h,ward,scenario,n,rmse,mae,rmse_clipped,mae_clipped,skill_vs_persistence
train,edmd_D1,1,Menard 1,overall,2730,0.008828202936265066,0.006614787516457275,0.008828202936265066,0.006614787516457275,0.18785832276366
train,edmd_D1,1,Menard 2,overall,2730,0.00683889479266409,0.005257921298593056,0.00683889479266409,0.005257921298593056,0.15472167610295862
train,edmd_D1,1,Sorrel 0,overall,2730,0.0064024439336451576,0.00492284796474783,0.0064024439336451576,0.00492284796474783,0.1121266036254519
train,edmd_D1,1,Sorrel 1,overall,2730,0.009078564576318915,0.006807647401501472,0.009078564576318915,0.006807647401501472,0.0619993396959263
train,edmd_D1,1,Sorrel 2,overall,2730,0.007292028316529359,0.005675377775361707,0.007292028316529359,0.005675377775361707,0.11870992777361566
train,edmd_D1,1,Other,overall,2730,0.0061263941241450175,0.004825454398269081,0.0061263941241450175,0.004825454398269081,0.157615079278835
train,edmd_D1,1,overall,overall,2730,0.00751471505439266,0.00568400605915507,0.00751471505439266,0.00568400605915507,0.13290331150453183
train,edmd_D1,1,Menard 1,endemic,1365,0.01030662900346349,0.007815720758408013,0.01030662900346349,0.007815720758408013,0.17098122792391024
train,edmd_D1,1,Menard 2,endemic,1365,0.007628526413352833,0.005824967890028279,0.007628526413352833,0.005824967890028279,0.10929916991057853
train,edmd_D1,1,Sorrel 0,endemic,1365,0.00708624519143572,0.005343826283630921,0.00708624519143572,0.005343826283630921,0.04920963992571925
train,edmd_D1,1,Sorrel 1,endemic,1365,0.010737447709643355,0.008057467518228379,0.010737447709643355,0.008057467518228379,0.009683417103395264
train,edmd_D1,1,Sorrel 2,endemic,1365,0.008182159198640307,0.006265833430371007,0.008182159198640307,0.006265833430371007,0.05831220974933238
train,edmd_D1,1,Other,endemic,1365,0.006442675298138718,0.0050594465909945445,0.006442675298138718,0.0050594465909945445,0.12644035853347924
train,edmd_D1,1,overall,endemic,1365,0.008547752775182774,0.0063945437452768575,0.008547752775182774,0.0063945437452768575,0.09130761902669782
train,edmd_D1,1,Menard 1,outbreak,1365,0.007046114727473819,0.005413854274506534,0.007046114727473819,0.005413854274506534,0.22076028163372163
train,edmd_D1,1,Menard 2,outbreak,1365,0.005945296353507886,0.004690874707157833,0.005945296353507886,0.004690874707157833,0.21640682822370805
train,edmd_D1,1,Sorrel 0,outbreak,1365,0.0056362847456275225,0.004501869645864741,0.0056362847456275225,0.004501869645864741,0.19025415269934265
train,edmd_D1,1,Sorrel 1,outbreak,1365,0.007039025942235186,0.0055578272847745655,0.007039025942235186,0.0055578272847745655,0.15743114365498945
train,edmd_D1,1,Sorrel 2,outbreak,1365,0.006276912042257548,0.005084922120352406,0.006276912042257548,0.005084922120352406,0.19914992960042488
train,edmd_D1,1,Other,outbreak,1365,0.005792870180788654,0.004591462205543616,0.005792870180788654,0.004591462205543616,0.1919208607881976
train,edmd_D1,1,overall,outbreak,1365,0.006314887741819845,0.004973468373033283,0.006314887741819845,0.004973468373033283,0.19627085252812182
train,edmd_D1,2,Menard 1,overall,2730,0.01422322129740385,0.010693587471031033,0.01422322129740385,0.010693587471031033,0.2510414077624443
train,edmd_D1,2,Menard 2,overall,2730,0.010908951099173987,0.008402618449364605,0.010908951099173987,0.008402618449364605,0.21374990108101655
train,edmd_D1,2,Sorrel 0,overall,2730,0.010090689354869236,0.00785527193467652,0.010090689354869236,0.00785527193467652,0.16455747374951235
train,edmd_D1,2,Sorrel 1,overall,2730,0.014462857039208153,0.010999088994709584,0.014462857039208153,0.010999088994709584,0.09277761391800177
train,edmd_D1,2,Sorrel 2,overall,2730,0.011509534174654503,0.008954951611715603,0.011509534174654503,0.008954951611715603,0.17666227516945088
train,edmd_D1,2,Other,overall,2730,0.009509456944663148,0.007499783451100713,0.009509456944663148,0.007499783451100713,0.22527006645649383
train,edmd_D1,2,overall,overall,2730,0.011938736894747826,0.009067550318766344,0.011938736894747826,0.009067550318766344,0.18869171583735245
train,edmd_D1,2,Menard 1,endemic,1365,0.016718020292414506,0.012825662057540438,0.016718020292414506,0.012825662057540438,0.22531893891802612
train,edmd_D1,2,Menard 2,endemic,1365,0.012232749952506923,0.009489209596987912,0.012232749952506923,0.009489209596987912,0.15380406520069068
train,edmd_D1,2,Sorrel 0,endemic,1365,0.011184459669811447,0.00879882400715828,0.011184459669811447,0.00879882400715828,0.07819576788767635
train,edmd_D1,2,Sorrel 1,endemic,1365,0.01717068648544146,0.013283279674036837,0.01717068648544146,0.013283279674036837,0.016200465458186097
train,edmd_D1,2,Sorrel 2,endemic,1365,0.012814423613905026,0.009994338742882455,0.012814423613905026,0.009994338742882455,0.09382440287365712
train,edmd_D1,2,Other,endemic,1365,0.009968306871192637,0.007895346703887727,0.009968306871192637,0.007895346703887727,0.18279436689784867
train,edmd_D1,2,overall,endemic,1365,0.013617596342110546,0.01038111013041561,0.013617596342110546,0.01038111013041561,0.13156885086547765
train,edmd_D1,2,Menard 1,outbreak,1365,0.011185161851858095,0.008561512884521626,0.011185161851858095,0.008561512884521626,0.30034202118906195
train,edmd_D1,2,Menard 2,outbreak,1365,0.009400545556922775,0.007316027301741298,0.009400545556922775,0.007316027301741298,0.2914705977789809
train,edmd_D1,2,Sorrel 0,outbreak,1365,0.008862950141307571,0.00691171986219476,0.008862950141307571,0.00691171986219476,0.26283590562595094
train,edmd_D1,2,Sorrel 1,outbreak,1365,0.011113774925371835,0.008714898315382332,0.011113774925371835,0.008714898315382332,0.22124304501174696
train,edmd_D1,2,Sorrel 2,outbreak,1365,0.010036398820217991,0.007915564480548752,0.010036398820217991,0.007915564480548752,0.273520535644888
train,edmd_D1,2,Other,outbreak,1365,0.009027314156854076,0.007104220198313697,0.009027314156854076,0.007104220198313697,0.2690774194405813
train,edmd_D1,2,overall,outbreak,1365,0.00998138002218949,0.007753990507117077,0.00998138002218949,0.007753990507117077,0.2704848100116366
train,edmd_D1,3,Menard 1,overall,2730,0.018364482828056417,0.013915288507773972,0.018364482828056417,0.013915288507773972,0.2976522333001226
train,edmd_D1,3,Menard 2,overall,2730,0.01392643838896771,0.010831961392830226,0.01392643838896771,0.010831961392830226,0.26113224194681917
train,edmd_D1,3,Sorrel 0,overall,2730,0.012721515149055203,0.009993471065450905,0.012721515149055203,0.009993471065450905,0.21187462562962456
train,edmd_D1,3,Sorrel 1,overall,2730,0.018450946477075427,0.013993781719167262,0.018450946477075427,0.013993781719167262,0.12092207604403682
train,edmd_D1,3,Sorrel 2,overall,2730,0.014580055914374114,0.011427755429398563,0.014580055914374114,0.011427755429398563,0.2248932671583732
train,edmd_D1,3,Other,overall,2730,0.011813152497114307,0.009227347559360886,0.011813152497114307,0.009227347559360886,0.28318016732270934
train,edmd_D1,3,overall,overall,2730,0.015196506680361276,0.011564934278996967,0.015196506680361276,0.011564934278996967,0.2346448434600127
train,edmd_D1,3,Menard 1,endemic,1365,0.021703087235341804,0.016858274628720655,0.021703087235341804,0.016858274628720655,0.26426581140206296
train,edmd_D1,3,Menard 2,endemic,1365,0.015699312378697493,0.012245870735434419,0.015699312378697493,0.012245870735434419,0.18680602461597073
train,edmd_D1,3,Sorrel 0,endemic,1365,0.014079772805877576,0.011130442353715405,0.014079772805877576,0.011130442353715405,0.10449838640260722
train,edmd_D1,3,Sorrel 1,endemic,1365,0.021977597362487982,0.01716564023099278,0.021977597362487982,0.01716564023099278,0.02390400563274364
train,edmd_D1,3,Sorrel 2,endemic,1365,0.016242740458786886,0.012748642638902519,0.016242740458786886,0.012748642638902519,0.1265625015911107
train,edmd_D1,3,Other,endemic,1365,0.012406207338748611,0.009646201092476029,0.012406207338748611,0.009646201092476029,0.23230604080180906
train,edmd_D1,3,overall,endemic,1365,0.01739965416775614,0.013299178613373633,0.01739965416775614,0.013299178613373633,0.16479377979536503
train,edmd_D1,3,Menard 1,outbreak,1365,0.014264798054620394,0.010972302386827287,0.014264798054620394,0.010972302386827287,0.3602626719629499
train,edmd_D1,3,Menard 2,outbreak,1365,0.011892138715954447,0.009418052050226033,0.011892138715954447,0.009418052050226033,0.3529700722658189
train,edmd_D1,3,Sorrel 0,outbreak,1365,0.01119972736767071,0.008856499777186406,0.01119972736767071,0.008856499777186406,0.32326317770653823
train,edmd_D1,3,Sorrel 1,outbreak,1365,0.01406627406146225,0.010821923207341747,0.01406627406146225,0.010821923207341747,0.2727595325791141
train,edmd_D1,3,Sorrel 2,outbreak,1365,0.012701552791727428,0.010106868219894607,0.012701552791727428,0.010106868219894607,0.3322711367625091
train,edmd_D1,3,Other,outbreak,1365,0.011188706954252399,0.008808494026245743,0.011188706954252399,0.008808494026245743,0.33374603741189957
train,edmd_D1,3,overall,outbreak,1365,0.012614264362816256,0.009830689944620304,0.012614264362816256,0.009830689944620304,0.33001105615024084
train,edmd_D1,4,Menard 1,overall,2730,0.0219590032040921,0.016675200913832833,0.0219590032040921,0.016675200913832833,0.33162156736066994
train,edmd_D1,4,Menard 2,overall,2730,0.016313903285215325,0.012635648434315833,0.016313903285215325,0.012635648434315833,0.3030979030684645
train,edmd_D1,4,Sorrel 0,overall,2730,0.014920211798858848,0.011728046160820805,0.014920211798858848,0.011728046160820805,0.25176456968409766
train,edmd_D1,4,Sorrel 1,overall,2730,0.0216313578799915,0.016746540772648037,0.0216313578799915,0.016746540772648037,0.14740942354001096
train,edmd_D1,4,Sorrel 2,overall,2730,0.0171486971219707,0.013474152062061436,0.0171486971219707,0.013474152062061436,0.2635323383784762
train,edmd_D1,4,Other,overall,2730,0.01370230333210693,0.010899341688403322,0.01370230333210693,0.010899341688403322,0.33053040265931166
train,edmd_D1,4,overall,overall,2730,0.017891807042880077,0.013693155005347048,0.017891807042880077,0.013693155005347048,0.27257681409422174
train,edmd_D1,4,Menard 1,endemic,1365,0.026117108013821066,0.020451976271273715,0.026117108013821066,0.020451976271273715,0.2925352688598194
train,edmd_D1,4,Menard 2,endemic,1365,0.018405727772625106,0.014428581264128867,0.018405727772625106,0.014428581264128867,0.21734454303066597
train,edmd_D1,4,Sorrel 0,endemic,1365,0.016437429972510617,0.013013716505161765,0.016437429972510617,0.013013716505161765,0.12715241975556357
train,edmd_D1,4,Sorrel 1,endemic,1365,0.025872557865969974,0.02068885667625983,0.025872557865969974,0.02068885667625983,0.031972605787356057
train,edmd_D1,4,Sorrel 2,endemic,1365,0.019244481630797082,0.015253640415068787,0.019244481630797082,0.015253640415068787,0.15274368157439333
train,edmd_D1,4,Other,endemic,1365,0.01434594858929709,0.01136352457470022,0.01434594858929709,0.01136352457470022,0.27824376196767453
train,edmd_D1,4,overall,endemic,1365,0.02056132621630382,0.015866715951098866,0.02056132621630382,0.015866715951098866,0.1930890813361833
train,edmd_D1,4,Menard 1,outbreak,1365,0.016801556845395537,0.012898425556391951,0.016801556845395537,0.012898425556391951,0.4044709143127402
train,edmd_D1,4,Menard 2,outbreak,1365,0.013911005210218827,0.010842715604502796,0.013911005210218827,0.010842715604502796,0.40298232576981907
train,edmd_D1,4,Sorrel 0,outbreak,1365,0.013230129861207833,0.010442375816479844,0.013230129861207833,0.010442375816479844,0.36971281719543736
train,edmd_D1,4,Sorrel 1,outbreak,1365,0.016323052316787327,0.01280422486903624,0.016323052316787327,0.01280422486903624,0.31813719393352535
train,edmd_D1,4,Sorrel 2,outbreak,1365,0.014758236775580136,0.011694663709054084,0.014758236775580136,0.011694663709054084,0.38101306725330586
train,edmd_D1,4,Other,outbreak,1365,0.013026894959405417,0.010435158802106428,0.013026894959405417,0.010435158802106428,0.38090301907326507
train,edmd_D1,4,overall,outbreak,1365,0.014746707522224865,0.011519594059595224,0.014746707522224865,0.011519594059595224,0.3771894114628268
train,persistence,1,Menard 1,overall,2730,0.010870274465296263,0.007473623881787146,0.010870274465296263,0.007473623881787146,0.0
train,persistence,1,Menard 2,overall,2730,0.008090701724296313,0.005604296871143231,0.008090701724296313,0.005604296871143231,0.0
train,persistence,1,Sorrel 0,overall,2730,0.0072109874671189,0.004886710974828464,0.0072109874671189,0.004886710974828464,0.0
train,persistence,1,Sorrel 1,overall,2730,0.00967863345999767,0.0065548142333856614,0.00967863345999767,0.0065548142333856614,0.0
train,persistence,1,Sorrel 2,overall,2730,0.008274265813647104,0.005761866998980401,0.008274265813647104,0.005761866998980401,0.0
train,persistence,1,Other,overall,2730,0.007272677814436916,0.004831490697752096,0.007272677814436916,0.004831490697752096,0.0
train,persistence,1,overall,overall,2730,0.008666524914807046,0.005852133942979501,0.008666524914807046,0.005852133942979501,0.0
train,persistence,1,Menard 1,endemic,1365,0.012432322826240558,0.008809150033639829,0.012432322826240558,0.008809150033639829,0.0
train,persistence,1,Menard 2,endemic,1365,0.008564633775615737,0.006077031683500685,0.008564633775615737,0.006077031683500685,0.0
train,persistence,1,Sorrel 0,endemic,1365,0.0074530048778387965,0.005256728140573267,0.0074530048778387965,0.005256728140573267,0.0
train,persistence,1,Sorrel 1,endemic,1365,0.010842439574461222,0.007882260596546311,0.010842439574461222,0.007882260596546311,0.0
train,persistence,1,Sorrel 2,endemic,1365,0.008688823709249007,0.006268861232042381,0.008688823709249007,0.006268861232042381,0.0
train,persistence,1,Other,endemic,1365,0.007375197974259476,0.0049520692073883555,0.007375197974259476,0.0049520692073883555,0.0
train,persistence,1,overall,endemic,1365,0.009406651749437207,0.006541016815615138,0.009406651749437207,0.006541016815615138,0.0
train,persistence,1,Menard 1,outbreak,1365,0.009042294125158829,0.006138097729934464,0.009042294125158829,0.006138097729934464,0.0
train,persistence,1,Menard 2,outbreak,1365,0.00758722327815946,0.005131562058785778,0.00758722327815946,0.005131562058785778,0.0
train,persistence,1,Sorrel 0,outbreak,1365,0.006960560235555958,0.004516693809083662,0.006960560235555958,0.004516693809083662,0.0
train,persistence,1,Sorrel 1,outbreak,1365,0.008354244153729892,0.005227367870225013,0.008354244153729892,0.005227367870225013,0.0
train,persistence,1,Sorrel 2,outbreak,1365,0.007837811688179978,0.0052548727659184205,0.007837811688179978,0.0052548727659184205,0.0
train,persistence,1,Other,outbreak,1365,0.007168691653690008,0.004710912188115835,0.007168691653690008,0.004710912188115835,0.0
train,persistence,1,overall,outbreak,1365,0.007856984858248902,0.005163251070343862,0.007856984858248902,0.005163251070343862,0.0
train,persistence,2,Menard 1,overall,2730,0.018990664430340774,0.01403842416087314,0.018990664430340774,0.01403842416087314,0.0
train,persistence,2,Menard 2,overall,2730,0.013874657840008823,0.010368669964357294,0.013874657840008823,0.010368669964357294,0.0
train,persistence,2,Sorrel 0,overall,2730,0.012078256777467157,0.008938511421822504,0.012078256777467157,0.008938511421822504,0.0
train,persistence,2,Sorrel 1,overall,2730,0.015941909349998055,0.01166993720565149,0.015941909349998055,0.01166993720565149,0.0
train,persistence,2,Sorrel 2,overall,2730,0.013979116743403536,0.010438103869620805,0.013979116743403536,0.010438103869620805,0.0
train,persistence,2,Other,overall,2730,0.012274544370795412,0.009074785396973846,0.012274544370795412,0.009074785396973846,0.0
train,persistence,2,overall,overall,2730,0.01471541352134696,0.01075473866988318,0.01471541352134696,0.01075473866988318,0.0
train,persistence,2,Menard 1,endemic,1365,0.02158052020668344,0.016065385861304227,0.02158052020668344,0.016065385861304227,0.0
train,persistence,2,Menard 2,endemic,1365,0.014456167241465348,0.01084762497161419,0.014456167241465348,0.01084762497161419,0.0
train,persistence,2,Sorrel 0,endemic,1365,0.012133226644210718,0.009168170503283989,0.012133226644210718,0.009168170503283989,0.0
train,persistence,2,Sorrel 1,endemic,1365,0.017453440342842186,0.01330481423338566,0.017453440342842186,0.01330481423338566,0.0
train,persistence,2,Sorrel 2,endemic,1365,0.014141214632729052,0.01065281306812971,0.014141214632729052,0.01065281306812971,0.0
train,persistence,2,Other,endemic,1365,0.012198039841395208,0.009087589209169756,0.012198039841395208,0.009087589209169756,0.0
train,persistence,2,overall,endemic,1365,0.015680686207170055,0.011521066307814588,0.015680686207170055,0.011521066307814588,0.0
train,persistence,2,Menard 1,outbreak,1365,0.015986613732136907,0.012011462460442055,0.015986613732136907,0.012011462460442055,0.0
train,persistence,2,Menard 2,outbreak,1365,0.013267685896245083,0.009889714957100402,0.013267685896245083,0.009889714957100402,0.0
train,persistence,2,Sorrel 0,outbreak,1365,0.01202303558861396,0.008708852340361017,0.01202303558861396,0.008708852340361017,0.0
train,persistence,2,Sorrel 1,outbreak,1365,0.014271172609353424,0.01003506017791732,0.014271172609353424,0.01003506017791732,0.0
train,persistence,2,Sorrel 2,outbreak,1365,0.013815117030358448,0.010223394671111902,0.013815117030358448,0.010223394671111902,0.0
train,persistence,2,Other,outbreak,1365,0.012350575008840107,0.009061981584777936,0.012350575008840107,0.009061981584777936,0.0
train,persistence,2,overall,outbreak,1365,0.01368220999256877,0.009988411031951774,0.01368220999256877,0.009988411031951774,0.0
train,persistence,3,Menard 1,overall,2730,0.026147278739627296,0.020095985647006053,0.026147278739627296,0.020095985647006053,0.0
train,persistence,3,Menard 2,overall,2730,0.018848350380942375,0.014744330242982532,0.018848350380942375,0.014744330242982532,0.0
train,persistence,3,Sorrel 0,overall,2730,0.01614148657403434,0.012456657717004846,0.01614148657403434,0.012456657717004846,0.0
train,persistence,3,Sorrel 1,overall,2730,0.020988977170583248,0.015962192569335426,0.020988977170583248,0.015962192569335426,0.0
train,persistence,3,Sorrel 2,overall,2730,0.01881038481103373,0.014616625397185045,0.01881038481103373,0.014616625397185045,0.0
train,persistence,3,Other,overall,2730,0.016479946506213004,0.012877294944164243,0.016479946506213004,0.012877294944164243,0.0
train,persistence,3,overall,overall,2730,0.019855496563270764,0.015125514419613026,0.019855496563270764,0.015125514419613026,0.0
train,persistence,3,Menard 1,endemic,1365,0.029498543865007307,0.022494331065759637,0.029498543865007307,0.022494331065759637,0.0
train,persistence,3,Menard 2,endemic,1365,0.019305741131792724,0.014971317990185914,0.019305741131792724,0.014971317990185914,0.0
train,persistence,3,Sorrel 0,endemic,1365,0.015722777705912298,0.012096421602429611,0.015722777705912298,0.012096421602429611,0.0
train,persistence,3,Sorrel 1,endemic,1365,0.022515815544079474,0.017547880690737833,0.022515815544079474,0.017547880690737833,0.0
train,persistence,3,Sorrel 2,endemic,1365,0.018596339736244118,0.014290569518846396,0.018596339736244118,0.014290569518846396,0.0
train,persistence,3,Other,endemic,1365,0.01616035555588601,0.012658850774352293,0.01616035555588601,0.012658850774352293,0.0
train,persistence,3,overall,endemic,1365,0.02083276410883653,0.015676561940385282,0.02083276410883653,0.015676561940385282,0.0
train,persistence,3,Menard 1,outbreak,1365,0.022297898574075787,0.017697640228252473,0.022297898574075787,0.017697640228252473,0.0
train,persistence,3,Menard 2,outbreak,1365,0.018379580613217147,0.014517342495779155,0.018379580613217147,0.014517342495779155,0.0
train,persistence,3,Sorrel 0,outbreak,1365,0.016549605398616885,0.01281689383158008,0.016549605398616885,0.01281689383158008,0.0
train,persistence,3,Sorrel 1,outbreak,1365,0.01934198479266072,0.014376504447933019,0.01934198479266072,0.014376504447933019,0.0
train,persistence,3,Sorrel 2,outbreak,1365,0.019022021498582235,0.01494268127552369,0.019022021498582235,0.01494268127552369,0.0
train,persistence,3,Other,outbreak,1365,0.016793456523379234,0.013095739113976195,0.016793456523379234,0.013095739113976195,0.0
train,persistence,3,overall,outbreak,1365,0.018827570930252436,0.014574466898840769,0.018827570930252436,0.014574466898840769,0.0
train,persistence,4,Menard 1,overall,2730,0.03285414689007717,0.02589469487428671,0.03285414689007717,0.02589469487428671,0.0
train,persistence,4,Menard 2,overall,2730,0.023409175201288025,0.01877955826742889,0.023409175201288025,0.01877955826742889,0.0
train,persistence,4,Sorrel 0,overall,2730,0.019940531007145153,0.01578955090303555,0.019940531007145153,0.01578955090303555,0.0
train,persistence,4,Sorrel 1,overall,2730,0.02537133118431392,0.01987349555206698,0.02537133118431392,0.01987349555206698,0.0
train,persistence,4,Sorrel 2,overall,2730,0.023285064661513328,0.018604605997831328,0.023285064661513328,0.018604605997831328,0.0
train,persistence,4,Other,overall,2730,0.020467401935108227,0.016443880334457844,0.020467401935108227,0.016443880334457844,0.0
train,persistence,4,overall,overall,2730,0.024596146217969975,0.01923096432151788,0.024596146217969975,0.01923096432151788,0.0
train,persistence,4,Menard 1,endemic,1365,0.036916480587985794,0.028678477984600437,0.036916480587985794,0.028678477984600437,0.0
train,persistence,4,Menard 2,endemic,1365,0.023517024776007252,0.018424019825637072,0.023517024776007252,0.018424019825637072,0.0
train,persistence,4,Sorrel 0,endemic,1365,0.018831959146758934,0.01467275048049414,0.018831959146758934,0.01467275048049414,0.0
train,persistence,4,Sorrel 1,endemic,1365,0.02672709266354359,0.02122710622710623,0.02672709266354359,0.02122710622710623,0.0
train,persistence,4,Sorrel 2,endemic,1365,0.02271388387702752,0.01774469026309969,0.02271388387702752,0.01774469026309969,0.0
train,persistence,4,Other,endemic,1365,0.019876445582801563,0.015909683022145026,0.019876445582801563,0.015909683022145026,0.0
train,persistence,4,overall,endemic,1365,0.025481531778441934,0.019442787967180433,0.025481531778441934,0.019442787967180433,0.0
train,persistence,4,Menard 1,outbreak,1365,0.028212823267911417,0.023110911763972987,0.028212823267911417,0.023110911763972987,0.0
train,persistence,4,Menard 2,outbreak,1365,0.02330082644229293,0.0191350967092207,0.02330082644229293,0.0191350967092207,0.0
train,persistence,4,Sorrel 0,outbreak,1365,0.020990637636542558,0.016906351325576958,0.020990637636542558,0.016906351325576958,0.0
train,persistence,4,Sorrel 1,outbreak,1365,0.0239389099560242,0.018519884877027732,0.0239389099560242,0.018519884877027732,0.0
train,persistence,4,Sorrel 2,outbreak,1365,0.02384256596515196,0.019464521732562967,0.02384256596515196,0.019464521732562967,0.0
train,persistence,4,Other,outbreak,1365,0.021041767866328914,0.016978077646770656,0.021041767866328914,0.016978077646770656,0.0
train,persistence,4,overall,outbreak,1365,0.023677676317066486,0.019019140675855334,0.023677676317066486,0.019019140675855334,0.0
train,training_mean,1,Menard 1,overall,2730,0.09968382959579664,0.08611329911347065,0.09968382959579664,0.08611329911347065,-8.170313952425102
train,training_mean,1,Menard 2,overall,2730,0.09415009359154042,0.08213894556371196,0.09415009359154042,0.08213894556371196,-10.636826668422152
train,training_mean,1,Sorrel 0,overall,2730,0.08782632331794507,0.07863854480205687,0.08782632331794507,0.07863854480205687,-11.179514070496015
train,training_mean,1,Sorrel 1,overall,2730,0.1970494967527399,0.18119950016636696,0.1970494967527399,0.18119950016636696,-19.359227112707224
train,training_mean,1,Sorrel 2,overall,2730,0.11783476545405519,0.10426458442596886,0.11783476545405519,0.10426458442596886,-13.241114330615924
train,training_mean,1,Other,overall,2730,0.04078823133237661,0.033399842798938865,0.04078823133237661,0.033399842798938865,-4.608419948345342
train,training_mean,1,overall,overall,2730,0.11611186058357086,0.09429245281175237,0.11611186058357086,0.09429245281175237,-12.397741508270505
train,training_mean,1,Menard 1,endemic,1365,0.10560069180230927,0.08438039203122359,0.10560069180230927,0.08438039203122359,-7.494043573210698
train,training_mean,1,Menard 2,endemic,1365,0.10052099838238834,0.08098379057200158,0.10052099838238834,0.08098379057200158,-10.736753843296889
train,training_mean,1,Sorrel 0,endemic,1365,0.09218487479398296,0.07756012445716419,0.09218487479398296,0.07756012445716419,-11.36881986594305
train,training_mean,1,Sorrel 1,endemic,1365,0.2104688230191953,0.18205373915133716,0.2104688230191953,0.18205373915133716,-18.41157444999216
train,training_mean,1,Sorrel 2,endemic,1365,0.1258312208838836,0.10268494875764307,0.1258312208838836,0.10268494875764307,-13.481962702263118
train,training_mean,1,Other,endemic,1365,0.042879272771321676,0.032950396525221734,0.042879272771321676,0.032950396525221734,-4.813982610497594
train,training_mean,1,overall,endemic,1365,0.12364147228398745,0.09343556524909856,0.12364147228398745,0.09343556524909856,-12.144046955005518
train,training_mean,1,Menard 1,outbreak,1365,0.09339285656109536,0.0878462061957177,0.09339285656109536,0.0878462061957177,-9.3284471029585
train,training_mean,1,Menard 2,outbreak,1365,0.08731557209799132,0.08329410055542232,0.08731557209799132,0.08329410055542232,-10.50823811253024
train,training_mean,1,Sorrel 0,outbreak,1365,0.08323986421369349,0.07971696514694955,0.08323986421369349,0.07971696514694955,-10.958787999346278
train,training_mean,1,Sorrel 1,outbreak,1365,0.18264688028523987,0.1803452611813968,0.18264688028523987,0.1803452611813968,-20.862765430873136
train,training_mean,1,Sorrel 2,outbreak,1365,0.10925460059006986,0.10584422009429469,0.10925460059006986,0.10584422009429469,-12.939426581890732
train,training_mean,1,Other,outbreak,1365,0.038584032928784526,0.03384928907265599,0.038584032928784526,0.03384928907265599,-4.382297745910693
train,training_mean,1,overall,outbreak,1365,0.10805884816989841,0.09514934037440617,0.10805884816989841,0.09514934037440617,-12.75322087536537
train,training_mean,2,Menard 1,overall,2730,0.10061776679927684,0.0859910381735112,0.10061776679927684,0.0859910381735112,-4.298275221930785
train,training_mean,2,Menard 2,overall,2730,0.09380266704325979,0.08122498844032763,0.09380266704325979,0.08122498844032763,-5.760719300246192
train,training_mean,2,Sorrel 0,overall,2730,0.08681797138967821,0.07742353111865397,0.08681797138967821,0.07742353111865397,-6.187955430095118
train,training_mean,2,Sorrel 1,overall,2730,0.19514066017958798,0.17919820089207852,0.19514066017958798,0.17919820089207852,-11.240733270736593
train,training_mean,2,Sorrel 2,overall,2730,0.1169794020735055,0.10304829639268598,0.1169794020735055,0.10304829639268598,-7.368154027235356
train,training_mean,2,Other,overall,2730,0.04071394160366189,0.03288421040616404,0.04071394160366189,0.03288421040616404,-2.3169411730289386
train,training_mean,2,overall,overall,2730,0.11538480424361779,0.09329504423723688,0.11538480424361779,0.09329504423723688,-6.841084729031532
train,training_mean,2,Menard 1,endemic,1365,0.11140525983898765,0.08963296576261741,0.11140525983898765,0.08963296576261741,-4.162306504756344
train,training_mean,2,Menard 2,endemic,1365,0.10336488946709269,0.08376013312229139,0.10336488946709269,0.08376013312229139,-6.150227839825067
train,training_mean,2,Sorrel 0,endemic,1365,0.09347048018852223,0.07909126171436759,0.09347048018852223,0.07909126171436759,-6.703678743454529
train,training_mean,2,Sorrel 1,endemic,1365,0.21054539692115914,0.18249514897534003,0.21054539692115914,0.18249514897534003,-11.063260468157829
train,training_mean,2,Sorrel 2,endemic,1365,0.12795124187174203,0.10498965554273988,0.12795124187174203,0.10498965554273988,-8.048108326961252
train,training_mean,2,Other,endemic,1365,0.045020605728518424,0.03466972816716063,0.045020605728518424,0.03466972816716063,-2.6908065815408078
train,training_mean,2,overall,endemic,1365,0.1255387737994267,0.09577314888075282,0.1255387737994267,0.09577314888075282,-7.0059489834076025
train,training_mean,2,Menard 1,outbreak,1365,0.0885253527050582,0.08234911058440499,0.0885253527050582,0.08234911058440499,-4.53746742045197
train,training_mean,2,Menard 2,outbreak,1365,0.08314794233360813,0.07868984375836385,0.08314794233360813,0.07868984375836385,-5.266951372216312
train,training_mean,2,Sorrel 0,outbreak,1365,0.07961149192023123,0.07575580052294036,0.07961149192023123,0.07575580052294036,-5.621579993959663
train,training_mean,2,Sorrel 1,outbreak,1365,0.17841073495157858,0.175901252808817,0.17841073495157858,0.175901252808817,-11.501476916805489
train,training_mean,2,Sorrel 2,outbreak,1365,0.10486582247056804,0.10110693724263205,0.10486582247056804,0.10110693724263205,-6.590657555786712
train,training_mean,2,Other,outbreak,1365,0.035894221563506204,0.031098692645167448,0.035894221563506204,0.031098692645167448,-1.906279386815139
train,training_mean,2,overall,outbreak,1365,0.10424645017271508,0.09081693959372095,0.10424645017271508,0.09081693959372095,-6.619123681724996
train,training_mean,3,Menard 1,overall,2730,0.1015554718425582,0.08581944328402914,0.1015554718425582,0.08581944328402914,-2.8839786294336864
train,training_mean,3,Menard 2,overall,2730,0.0934613575187148,0.08025623436187679,0.0934613575187148,0.08025623436187679,-3.958596143947635
train,training_mean,3,Sorrel 0,overall,2730,0.08593978119690333,0.0762900127700253,0.08593978119690333,0.0762900127700253,-4.324155294045131
train,training_mean,3,Sorrel 1,overall,2730,0.1931367219119935,0.17706562888891828,0.1931367219119935,0.17706562888891828,-8.20181676040322
train,training_mean,3,Sorrel 2,overall,2730,0.11635352988400836,0.10197811838756901,0.11635352988400836,0.10197811838756901,-5.185600722838914
train,training_mean,3,Other,overall,2730,0.04096500344349278,0.03262356034300565,0.04096500344349278,0.03262356034300565,-1.4857485689075998
train,training_mean,3,overall,overall,2730,0.11471141615454132,0.09233883300590402,0.11471141615454132,0.09233883300590402,-4.777312886082013
train,training_mean,3,Menard 1,endemic,1365,0.11675453147400963,0.09470613600402637,0.11675453147400963,0.09470613600402637,-2.9579760956441605
train,training_mean,3,Menard 2,endemic,1365,0.10594147874826701,0.08633599904817651,0.10594147874826701,0.08633599904817651,-4.487563415724166
train,training_mean,3,Sorrel 0,endemic,1365,0.09484288457954372,0.0807292847644695,0.09484288457954372,0.0807292847644695,-5.032196495653537
train,training_mean,3,Sorrel 1,endemic,1365,0.2102851363164986,0.18253795891983063,0.2102851363164986,0.18253795891983063,-8.339441243192853
train,training_mean,3,Sorrel 2,endemic,1365,0.13019173508270296,0.10744075251791449,0.13019173508270296,0.10744075251791449,-6.0009333518982935
train,training_mean,3,Other,endemic,1365,0.047218231391131044,0.036503932038094,0.047218231391131044,0.036503932038094,-1.9218559720323092
train,training_mean,3,overall,endemic,1365,0.12731174213301064,0.09804234388208524,0.12731174213301064,0.09804234388208524,-5.111130595435939
train,training_mean,3,Menard 1,outbreak,1365,0.08363855033783019,0.07693275056403191,0.08363855033783019,0.07693275056403191,-2.750961107836005
train,training_mean,3,Menard 2,outbreak,1365,0.07903451005170174,0.07417646967557708,0.07903451005170174,0.07417646967557708,-3.30012586875167
train,training_mean,3,Sorrel 0,outbreak,1365,0.07600078439710072,0.07185074077558108,0.07600078439710072,0.07185074077558108,-3.5923019048812126
train,training_mean,3,Sorrel 1,outbreak,1365,0.1743093461239902,0.17159329885800592,0.1743093461239902,0.17159329885800592,-8.011967902597647
train,training_mean,3,Sorrel 2,outbreak,1365,0.10063001515001846,0.09651548425722355,0.10063001515001846,0.09651548425722355,-4.290185123464333
train,training_mean,3,Other,outbreak,1365,0.033566376607318774,0.028743188647917296,0.033566376607318774,0.028743188647917296,-0.9987771165863857
train,training_mean,3,overall,outbreak,1365,0.10054421071060499,0.0866353221297228,0.10054421071060499,0.0866353221297228,-4.340264608911868
train,training_mean,4,Menard 1,overall,2730,0.10263011939017821,0.08573905864456371,0.10263011939017821,0.08573905864456371,-2.123810206777131
train,training_mean,4,Menard 2,overall,2730,0.09321238825763625,0.07931686545652901,0.09321238825763625,0.07931686545652901,-2.9818740923647535
train,training_mean,4,Sorrel 0,overall,2730,0.08517137160868603,0.07513168890848931,0.08517137160868603,0.07513168890848931,-3.271268983667845
train,training_mean,4,Sorrel 1,overall,2730,0.19109987872124942,0.17490806549726123,0.19109987872124942,0.17490806549726123,-6.5321187261706966
train,training_mean,4,Sorrel 2,overall,2730,0.11582135844856854,0.10095765809061456,0.11582135844856854,0.10095765809061456,-3.974062135202211
train,training_mean,4,Other,overall,2730,0.041597391082040726,0.03267847424216354,0.041597391082040726,0.03267847424216354,-1.0323728050059797
train,training_mean,4,overall,overall,2730,0.11411963527910796,0.09145530180660356,0.11411963527910796,0.09145530180660356,-3.6397364151190486
train,training_mean,4,Menard 1,endemic,1365,0.12182681826347569,0.09969363164767016,0.12182681826347569,0.09969363164767016,-2.300065887188698
train,training_mean,4,Menard 2,endemic,1365,0.10843703224022738,0.08890547137370215,0.10843703224022738,0.08890547137370215,-3.611001318111378
train,training_mean,4,Sorrel 0,endemic,1365,0.09625581446615206,0.08232321253447518,0.09625581446615206,0.08232321253447518,-4.1113011511985
train,training_mean,4,Sorrel 1,endemic,1365,0.2098568750374537,0.18243005348659505,0.2098568750374537,0.18243005348659505,-6.851840740003257
train,training_mean,4,Sorrel 2,endemic,1365,0.1323443126960745,0.1098584023315123,0.1323443126960745,0.1098584023315123,-4.826582253065295
train,training_mean,4,Other,endemic,1365,0.049555596135050055,0.03851531821519745,0.049555596135050055,0.03851531821519745,-1.4931819891343596
train,training_mean,4,overall,endemic,1365,0.12901952542128028,0.10028768159819205,0.12901952542128028,0.10028768159819205,-4.063256265089773
train,training_mean,4,Menard 1,outbreak,1365,0.07889302354379975,0.07178448564145727,0.07889302354379975,0.07178448564145727,-1.796353374301634
train,training_mean,4,Menard 2,outbreak,1365,0.07495671209649296,0.06972825953935585,0.07495671209649296,0.06972825953935585,-2.2169121675633066
train,training_mean,4,Sorrel 0,outbreak,1365,0.07240955230401228,0.06794016528250343,0.07240955230401228,0.06794016528250343,-2.44961184875845
train,training_mean,4,Sorrel 1,outbreak,1365,0.17028922248359413,0.16738607750792742,0.17028922248359413,0.16738607750792742,-6.1134910819421435
train,training_mean,4,Sorrel 2,outbreak,1365,0.09650988054467405,0.09205691384971684,0.09650988054467405,0.09205691384971684,-3.047797568673265
train,training_mean,4,Other,outbreak,1365,0.03170061168754154,0.026841630269129627,0.03170061168754154,0.026841630269129627,-0.5065564779976939
train,training_mean,4,overall,outbreak,1365,0.09695640449470502,0.08262292201501506,0.09695640449470502,0.08262292201501506,-3.0948445783432055
val,edmd_D1,1,Menard 1,overall,572,0.009157844927907317,0.006847917442937821,0.009157844927907317,0.006847917442937821,0.1643106554117747
val,edmd_D1,1,Menard 2,overall,572,0.006850062983160722,0.00534773939397108,0.006850062983160722,0.00534773939397108,0.1491352868892849
val,edmd_D1,1,Sorrel 0,overall,572,0.006420109216926641,0.005127977144174233,0.006420109216926641,0.005127977144174233,0.09130053430655682
val,edmd_D1,1,Sorrel 1,overall,572,0.008666274095253714,0.006456506326472891,0.008666274095253714,0.006456506326472891,0.0667728987511097
val,edmd_D1,1,Sorrel 2,overall,572,0.007525274521929526,0.005884221449651934,0.007525274521929526,0.005884221449651934,0.07855574211718297
val,edmd_D1,1,Other,overall,572,0.005940006940283727,0.004751100881577276,0.005940006940283727,0.004751100881577276,0.14252782218330273
val,edmd_D1,1,overall,overall,572,0.007516925731631904,0.00573591043979754,0.007516925731631904,0.00573591043979754,0.11793090287443664
val,edmd_D1,1,Menard 1,endemic,286,0.011097358793825687,0.008435618511267944,0.011097358793825687,0.008435618511267944,0.14620994064180448
val,edmd_D1,1,Menard 2,endemic,286,0.007348731203944156,0.005752937569039746,0.007348731203944156,0.005752937569039746,0.08341449955556401
val,edmd_D1,1,Sorrel 0,endemic,286,0.0069891550081319755,0.005658513194703616,0.0069891550081319755,0.005658513194703616,0.03269161913956975
val,edmd_D1,1,Sorrel 1,endemic,286,0.010225595283663685,0.0076841490721169595,0.010225595283663685,0.0076841490721169595,0.006828628268547132
val,edmd_D1,1,Sorrel 2,endemic,286,0.00868010391670285,0.0066240274870583956,0.00868010391670285,0.0066240274870583956,0.018071538930642617
val,edmd_D1,1,Other,endemic,286,0.006124802413027778,0.0048327532616016826,0.006124802413027778,0.0048327532616016826,0.10778983678821319
val,edmd_D1,1,overall,endemic,286,0.00859674083343115,0.006497999849298057,0.00859674083343115,0.006497999849298057,0.07361912293790918
val,edmd_D1,1,Menard 1,outbreak,286,0.006676891136471768,0.005260216374607699,0.006676891136471768,0.005260216374607699,0.2088940845012417
val,edmd_D1,1,Menard 2,outbreak,286,0.006312121310519547,0.0049425412189024135,0.006312121310519547,0.0049425412189024135,0.21916130979853676
val,edmd_D1,1,Sorrel 0,outbreak,286,0.005795456581395166,0.00459744109364485,0.005795456581395166,0.00459744109364485,0.1602300298228838
val,edmd_D1,1,Sorrel 1,outbreak,286,0.0067561686245124295,0.005228863580828824,0.0067561686245124295,0.005228863580828824,0.17129989787132804
val,edmd_D1,1,Sorrel 2,outbreak,286,0.006157540844853825,0.005144415412245472,0.006157540844853825,0.005144415412245472,0.17160595512066612
val,edmd_D1,1,Other,outbreak,286,0.0057492747631859445,0.0046694485015528675,0.0057492747631859445,0.0046694485015528675,0.17742702159869372
val,edmd_D1,1,overall,outbreak,286,0.0062533504581589825,0.004973821030297022,0.0062533504581589825,0.004973821030297022,0.18677476785485747
val,edmd_D1,2,Menard 1,overall,572,0.014515419867746803,0.011191754983576196,0.014515419867746803,0.011191754983576196,0.22803594639463154
val,edmd_D1,2,Menard 2,overall,572,0.01053519685647812,0.008175581673294718,0.01053519685647812,0.008175581673294718,0.22236814361807544
val,edmd_D1,2,Sorrel 0,overall,572,0.010229582512224295,0.008170344350353503,0.010229582512224295,0.008170344350353503,0.13005880798496094
val,edmd_D1,2,Sorrel 1,overall,572,0.013364771078892359,0.010270713824697051,0.013364771078892359,0.010270713824697051,0.10698265527887618
val,edmd_D1,2,Sorrel 2,overall,572,0.011918700176436469,0.009388090394906384,0.011918700176436469,0.009388090394906384,0.12131819576162539
val,edmd_D1,2,Other,overall,572,0.009007556429470267,0.007273951690714481,0.009007556429470267,0.007273951690714481,0.21605766439045482
val,edmd_D1,2,overall,overall,572,0.011748338448714112,0.009078406152923723,0.011748338448714112,0.009078406152923723,0.17453516471171882
val,edmd_D1,2,Menard 1,endemic,286,0.017423697210394194,0.013964108178849988,0.017423697210394194,0.013964108178849988,0.2045101447895057
val,edmd_D1,2,Menard 2,endemic,286,0.011654774275210259,0.009263479584657898,0.011654774275210259,0.009263479584657898,0.13077746126809608
val,edmd_D1,2,Sorrel 0,endemic,286,0.011241781776456882,0.009162299275173407,0.011241781776456882,0.009162299275173407,0.04671971174064404
val,edmd_D1,2,Sorrel 1,endemic,286,0.015632258810073806,0.012163819226946124,0.015632258810073806,0.012163819226946124,0.017492548759982962
val,edmd_D1,2,Sorrel 2,endemic,286,0.014026235251509426,0.011285640219866451,0.014026235251509426,0.011285640219866451,0.023975232082264597
val,edmd_D1,2,Other,endemic,286,0.009331185881043307,0.0075702864686172265,0.009331185881043307,0.0075702864686172265,0.16467250983690396
val,edmd_D1,2,overall,endemic,286,0.013502903799908355,0.010568272159018515,0.013502903799908355,0.010568272159018515,0.11062601614755263
val,edmd_D1,2,Menard 1,outbreak,286,0.010854013239095434,0.00841940178830241,0.010854013239095434,0.00841940178830241,0.2801915675776325
val,edmd_D1,2,Menard 2,outbreak,286,0.009281539861649578,0.007087683761931538,0.009281539861649578,0.007087683761931538,0.32181701174447364
val,edmd_D1,2,Sorrel 0,outbreak,286,0.009105551012395253,0.007178389425533599,0.009105551012395253,0.007178389425533599,0.22340974301211136
val,edmd_D1,2,Sorrel 1,outbreak,286,0.010623873892195119,0.008377608422447981,0.010623873892195119,0.008377608422447981,0.23883264441936414
val,edmd_D1,2,Sorrel 2,outbreak,286,0.009347489099265522,0.0074905405699463145,0.009347489099265522,0.0074905405699463145,0.264367087615063
val,edmd_D1,2,Other,outbreak,286,0.008671857685271383,0.006977616912811736,0.008671857685271383,0.006977616912811736,0.26514774657379336
val,edmd_D1,2,overall,outbreak,286,0.00968083165753279,0.007588540146828929,0.00968083165753279,0.007588540146828929,0.2673898842881748
val,edmd_D1,3,Menard 1,overall,572,0.018506065285563113,0.01449340515986491,0.018506065285563113,0.01449340515986491,0.27719187119785726
val,edmd_D1,3,Menard 2,overall,572,0.013025172116388409,0.010368752162154882,0.013025172116388409,0.010368752162154882,0.28451018224869795
val,edmd_D1,3,Sorrel 0,overall,572,0.012987362134303198,0.010418686352212877,0.012987362134303198,0.010418686352212877,0.16520006699692913
val,edmd_D1,3,Sorrel 1,overall,572,0.01713835099846607,0.013223405223476457,0.01713835099846607,0.013223405223476457,0.13863349642197842
val,edmd_D1,3,Sorrel 2,overall,572,0.015475386878011426,0.012160428460116453,0.015475386878011426,0.012160428460116453,0.15403702444254663
val,edmd_D1,3,Other,overall,572,0.011145440286000669,0.00882240281882646,0.011145440286000669,0.00882240281882646,0.2798449939176071
val,edmd_D1,3,overall,overall,572,0.014934482746104493,0.011581180029442004,0.014934482746104493,0.011581180029442004,0.2198939304134474
val,edmd_D1,3,Menard 1,endemic,286,0.021863438697416707,0.017484856560326334,0.021863438697416707,0.017484856560326334,0.2536815074635983
val,edmd_D1,3,Menard 2,endemic,286,0.014665188004886252,0.011783999822152919,0.014665188004886252,0.011783999822152919,0.17545035499612782
val,edmd_D1,3,Sorrel 0,endemic,286,0.014511190508471017,0.011946844644577317,0.014511190508471017,0.011946844644577317,0.05858288378092957
val,edmd_D1,3,Sorrel 1,endemic,286,0.020060047571930535,0.015895231397349743,0.020060047571930535,0.015895231397349743,0.028314221014119623
val,edmd_D1,3,Sorrel 2,endemic,286,0.018521354937292248,0.014895154030289322,0.018521354937292248,0.014895154030289322,0.030629443667303802
val,edmd_D1,3,Other,endemic,286,0.011803868055541898,0.009343244395868285,0.011803868055541898,0.009343244395868285,0.21608766929679613
val,edmd_D1,3,overall,endemic,286,0.017264750887484668,0.01355822180842732,0.017264750887484668,0.01355822180842732,0.1421290083558906
val,edmd_D1,3,Menard 1,outbreak,286,0.014385372884682206,0.011501953759403482,0.014385372884682206,0.011501953759403482,0.3239881824928217
val,edmd_D1,3,Menard 2,outbreak,286,0.011146410996568563,0.008953504502156845,0.011146410996568563,0.008953504502156845,0.4011809342306102
val,edmd_D1,3,Sorrel 0,outbreak,286,0.011259151852689692,0.008890528059848439,0.011259151852689692,0.008890528059848439,0.2828293227158849
val,edmd_D1,3,Sorrel 1,outbreak,286,0.01360296443078235,0.010551579049603169,0.01360296443078235,0.010551579049603169,0.2885324605388011
val,edmd_D1,3,Sorrel 2,outbreak,286,0.011659099850978913,0.009425702889943582,0.011659099850978913,0.009425702889943582,0.33154928154476526
val,edmd_D1,3,Other,outbreak,286,0.0104455912836455,0.008301561241784635,0.0104455912836455,0.008301561241784635,0.342391765815924
val,edmd_D1,3,overall,outbreak,286,0.012165768639115365,0.009604138250456692,0.012165768639115365,0.009604138250456692,0.3282355382824441
val,edmd_D1,4,Menard 1,overall,572,0.02182827451012232,0.017404956049837415,0.02182827451012232,0.017404956049837415,0.3138290181528516
val,edmd_D1,4,Menard 2,overall,572,0.015259355961146562,0.012128328783082832,0.015259355961146562,0.012128328783082832,0.3275584728308114
val,edmd_D1,4,Sorrel 0,overall,572,0.015181591925563148,0.01203916900494634,0.015181591925563148,0.01203916900494634,0.19953728274528482
val,edmd_D1,4,Sorrel 1,overall,572,0.020359461412918004,0.015731087206701907,0.020359461412918004,0.015731087206701907,0.16687191687825853
val,edmd_D1,4,Sorrel 2,overall,572,0.01851081726144545,0.014543303267060579,0.01851081726144545,0.014543303267060579,0.1823532932518015
val,edmd_D1,4,Other,overall,572,0.012947025199232834,0.010431179017915645,0.012947025199232834,0.010431179017915645,0.33068710261579526
val,edmd_D1,4,overall,overall,572,0.01762850784029878,0.01371300388825745,0.01762850784029878,0.01371300388825745,0.25622520447316943
val,edmd_D1,4,Menard 1,endemic,286,0.02552348681315589,0.020948094075020414,0.02552348681315589,0.020948094075020414,0.2920800869159962
val,edmd_D1,4,Menard 2,endemic,286,0.017331165571297515,0.013965655211837978,0.017331165571297515,0.013965655211837978,0.21043894475536296
val,edmd_D1,4,Sorrel 0,endemic,286,0.016994387750226436,0.013921413765126981,0.016994387750226436,0.013921413765126981,0.07256085613943286
val,edmd_D1,4,Sorrel 1,endemic,286,0.02411271416687393,0.019138517804395887,0.02411271416687393,0.019138517804395887,0.03831115397507934
val,edmd_D1,4,Sorrel 2,endemic,286,0.02248466872534208,0.018199179552994518,0.02248466872534208,0.018199179552994518,0.037984444634364456
val,edmd_D1,4,Other,endemic,286,0.013618257890527216,0.011062069883890333,0.013618257890527216,0.011062069883890333,0.266238605404844
val,edmd_D1,4,overall,endemic,286,0.020465691430296883,0.01620582171554435,0.020465691430296883,0.01620582171554435,0.16873999010984464
val,edmd_D1,4,Menard 1,outbreak,286,0.017363719563422145,0.01386181802465441,0.017363719563422145,0.01386181802465441,0.3547113177880331
val,edmd_D1,4,Menard 2,outbreak,286,0.012857938739869228,0.01029100235432768,0.012857938739869228,0.01029100235432768,0.45077453903108833
val,edmd_D1,4,Sorrel 0,outbreak,286,0.013120680309480987,0.010156924244765697,0.013120680309480987,0.010156924244765697,0.33013373143987146
val,edmd_D1,4,Sorrel 1,outbreak,286,0.015735067637440626,0.012323656609007924,0.015735067637440626,0.012323656609007924,0.3384303803958354
val,edmd_D1,4,Sorrel 2,outbreak,286,0.013406729044956392,0.010887426981126639,0.013406729044956392,0.010887426981126639,0.38729619981945473
val,edmd_D1,4,Other,outbreak,286,0.012239034890310316,0.009800288151940954,0.012239034890310316,0.009800288151940954,0.3910144491171096
val,edmd_D1,4,overall,outbreak,286,0.01423671491710162,0.01122018606097055,0.01423671491710162,0.01122018606097055,0.3740907033138269
val,persistence,1,Menard 1,overall,572,0.010958432086291254,0.007740830597973456,0.010958432086291254,0.007740830597973456,0.0
val,persistence,1,Menard 2,overall,572,0.008050707565621406,0.005657549997172639,0.008050707565621406,0.005657549997172639,0.0
val,persistence,1,Sorrel 0,overall,572,0.007065162310871782,0.004995938640798454,0.007065162310871782,0.004995938640798454,0.0
val,persistence,1,Sorrel 1,overall,572,0.009286350646756916,0.006194430569430569,0.009286350646756916,0.006194430569430569,0.0
val,persistence,1,Sorrel 2,overall,572,0.008166825564923689,0.005644870593324201,0.008166825564923689,0.005644870593324201,0.0
val,persistence,1,Other,overall,572,0.00692734655882156,0.004350436797245309,0.00692734655882156,0.004350436797245309,0.0
val,persistence,1,overall,overall,572,0.00852192391290845,0.005764009532657437,0.00852192391290845,0.005764009532657437,0.0
val,persistence,1,Menard 1,endemic,286,0.01299776059956438,0.009773084058798346,0.01299776059956438,0.009773084058798346,0.0
val,persistence,1,Menard 2,endemic,286,0.008017507586996398,0.0058111699621133574,0.008017507586996398,0.0058111699621133574,0.0
val,persistence,1,Sorrel 0,endemic,286,0.007225363851303608,0.005446889559039092,0.007225363851303608,0.005446889559039092,0.0
val,persistence,1,Sorrel 1,endemic,286,0.010295902172287564,0.007425074925074922,0.010295902172287564,0.007425074925074922,0.0
val,persistence,1,Sorrel 2,endemic,286,0.008839853676559989,0.006473938432701318,0.008839853676559989,0.006473938432701318,0.0
val,persistence,1,Other,endemic,286,0.0068647530207228925,0.004476374689140647,0.0068647530207228925,0.004476374689140647,0.0
val,persistence,1,overall,endemic,286,0.009279920436931637,0.006567755271144614,0.009279920436931637,0.006567755271144614,0.0
val,persistence,1,Menard 1,outbreak,286,0.00843994591073469,0.005708577137148566,0.00843994591073469,0.005708577137148566,0.0
val,persistence,1,Menard 2,outbreak,286,0.008083771193370252,0.005503930032231918,0.008083771193370252,0.005503930032231918,0.0
val,persistence,1,Sorrel 0,outbreak,286,0.006901242944151533,0.004544987722557816,0.006901242944151533,0.004544987722557816,0.0
val,persistence,1,Sorrel 1,outbreak,286,0.008152730532019896,0.004963786213786214,0.008152730532019896,0.004963786213786214,0.0
val,persistence,1,Sorrel 2,outbreak,286,0.007433106120108274,0.004815802753947084,0.007433106120108274,0.004815802753947084,0.0
val,persistence,1,Other,outbreak,286,0.006989379561628467,0.004224498905349969,0.006989379561628467,0.004224498905349969,0.0
val,persistence,1,overall,outbreak,286,0.007689567675690244,0.004960263794170261,0.007689567675690244,0.004960263794170261,0.0
val,persistence,2,Menard 1,overall,572,0.0188032328706942,0.014240045668617096,0.0188032328706942,0.014240045668617096,0.0
val,persistence,2,Menard 2,overall,572,0.013547794846645126,0.010333063163251843,0.013547794846645126,0.010333063163251843,0.0
val,persistence,2,Sorrel 0,overall,572,0.01175893566843246,0.008973269720933272,0.01175893566843246,0.008973269720933272,0.0
val,persistence,2,Sorrel 1,overall,572,0.014965858342948514,0.010856643356643355,0.014965858342948514,0.010856643356643355,0.0
val,persistence,2,Sorrel 2,overall,572,0.013564296106902294,0.010336055696880439,0.013564296106902294,0.010336055696880439,0.0
val,persistence,2,Other,overall,572,0.011490075252112193,0.008229005037515677,0.011490075252112193,0.008229005037515677,0.0
val,persistence,2,overall,overall,572,0.014232391189154873,0.01049468044064028,0.014232391189154873,0.01049468044064028,0.0
val,persistence,2,Menard 1,endemic,286,0.021903104227248397,0.017410208838780267,0.021903104227248397,0.017410208838780267,0.0
val,persistence,2,Menard 2,endemic,286,0.013408274355394925,0.010322696171752774,0.013408274355394925,0.010322696171752774,0.0
val,persistence,2,Sorrel 0,endemic,286,0.011792734954148518,0.009265500854285904,0.011792734954148518,0.009265500854285904,0.0
val,persistence,2,Sorrel 1,endemic,286,0.015910575324741223,0.012179070929070926,0.015910575324741223,0.012179070929070926,0.0
val,persistence,2,Sorrel 2,endemic,286,0.014370777988998362,0.01128871128871129,0.014370777988998362,0.01128871128871129,0.0
val,persistence,2,Other,endemic,286,0.011170691723818895,0.008274704019384871,0.011170691723818895,0.008274704019384871,0.0
val,persistence,2,overall,endemic,286,0.015182481211580582,0.011456815350331004,0.015182481211580582,0.011456815350331004,0.0
val,persistence,2,Menard 1,outbreak,286,0.015079030406143591,0.011069882498453927,0.015079030406143591,0.011069882498453927,0.0
val,persistence,2,Menard 2,outbreak,286,0.013685893073673608,0.010343430154750909,0.013685893073673608,0.010343430154750909,0.0
val,persistence,2,Sorrel 0,outbreak,286,0.011725038951315686,0.008681038587580642,0.011725038951315686,0.008681038587580642,0.0
val,persistence,2,Sorrel 1,outbreak,286,0.013957343039351687,0.009534215784215783,0.013957343039351687,0.009534215784215783,0.0
val,persistence,2,Sorrel 2,outbreak,286,0.012706730411178545,0.009383400105049589,0.012706730411178545,0.009383400105049589,0.0
val,persistence,2,Other,outbreak,286,0.01180081798053873,0.008183306055646482,0.01180081798053873,0.008183306055646482,0.0
val,persistence,2,overall,outbreak,286,0.013214165966199651,0.009532545530949555,0.013214165966199651,0.009532545530949555,0.0
val,persistence,3,Menard 1,overall,572,0.025603012124714022,0.0199819228390657,0.025603012124714022,0.0199819228390657,0.0
val,persistence,3,Menard 2,overall,572,0.01820455273189624,0.014559497106666916,0.01820455273189624,0.014559497106666916,0.0
val,persistence,3,Sorrel 0,overall,572,0.015557454691668528,0.012345598326906739,0.015557454691668528,0.012345598326906739,0.0
val,persistence,3,Sorrel 1,overall,572,0.01989670010068333,0.01501248751248751,0.01989670010068333,0.01501248751248751,0.0
val,persistence,3,Sorrel 2,overall,572,0.01829322006416866,0.01448448458757737,0.01829322006416866,0.01448448458757737,0.0
val,persistence,3,Other,overall,572,0.01547644630929014,0.01188226666950071,0.01547644630929014,0.01188226666950071,0.0
val,persistence,3,overall,overall,572,0.019144169399963263,0.01471104284036749,0.019144169399963263,0.01471104284036749,0.0
val,persistence,3,Menard 1,endemic,286,0.029295051531032935,0.023708672280100852,0.029295051531032935,0.023708672280100852,0.0
val,persistence,3,Menard 2,endemic,286,0.017785694401478255,0.014020884775601756,0.017785694401478255,0.014020884775601756,0.0
val,persistence,3,Sorrel 0,endemic,286,0.01541419872070206,0.012392280616579683,0.01541419872070206,0.012392280616579683,0.0
val,persistence,3,Sorrel 1,endemic,286,0.02064458285359143,0.016151348651348648,0.02064458285359143,0.016151348651348648,0.0
val,persistence,3,Sorrel 2,endemic,286,0.01910657881683747,0.015162157430198666,0.01910657881683747,0.015162157430198666,0.0
val,persistence,3,Other,endemic,286,0.015057637943969205,0.011654303143664847,0.015057637943969205,0.011654303143664847,0.0
val,persistence,3,overall,endemic,286,0.020125113281190193,0.015514941149582408,0.020125113281190193,0.015514941149582408,0.0
val,persistence,3,Menard 1,outbreak,286,0.02127976540074235,0.01625517339803054,0.02127976540074235,0.01625517339803054,0.0
val,persistence,3,Menard 2,outbreak,286,0.018613988153912818,0.015098109437732082,0.018613988153912818,0.015098109437732082,0.0
val,persistence,3,Sorrel 0,outbreak,286,0.015699403516227776,0.012298916037233794,0.015699403516227776,0.012298916037233794,0.0
val,persistence,3,Sorrel 1,outbreak,286,0.019119585471297825,0.013873626373626373,0.019119585471297825,0.013873626373626373,0.0
val,persistence,3,Sorrel 2,outbreak,286,0.01744197369990516,0.013806811744956073,0.01744197369990516,0.013806811744956073,0.0
val,persistence,3,Other,outbreak,286,0.01588421607373243,0.012110230195336578,0.01588421607373243,0.012110230195336578,0.0
val,persistence,3,overall,outbreak,286,0.01811017005575159,0.013907144531152573,0.01811017005575159,0.013907144531152573,0.0
val,persistence,4,Menard 1,overall,572,0.03181171324290247,0.02510774939346368,0.03181171324290247,0.02510774939346368,0.0
val,persistence,4,Menard 2,overall,572,0.022692465210149428,0.01860733606016625,0.022692465210149428,0.01860733606016625,0.0
val,persistence,4,Sorrel 0,overall,572,0.018966020026054773,0.01526324143146573,0.018966020026054773,0.01526324143146573,0.0
val,persistence,4,Sorrel 1,overall,572,0.024437372626584433,0.018906718281718284,0.024437372626584433,0.018906718281718284,0.0
val,persistence,4,Sorrel 2,overall,572,0.022639138773105853,0.018409425625920475,0.022639138773105853,0.018409425625920475,0.0
val,persistence,4,Other,overall,572,0.019343755737909935,0.01547176228027292,0.019343755737909935,0.01547176228027292,0.0
val,persistence,4,overall,overall,572,0.023701405245672724,0.01862770551216789,0.023701405245672724,0.01862770551216789,0.0
val,persistence,4,Menard 1,endemic,286,0.03605420096457606,0.02918414918414919,0.03605420096457606,0.02918414918414919,0.0
val,persistence,4,Menard 2,endemic,286,0.02195038047555124,0.017611633649369497,0.02195038047555124,0.017611633649369497,0.0
val,persistence,4,Sorrel 0,endemic,286,0.01832399232092516,0.01492246071685324,0.01832399232092516,0.01492246071685324,0.0
val,persistence,4,Sorrel 1,endemic,286,0.025073301272591747,0.019662837162837166,0.025073301272591747,0.019662837162837166,0.0
val,persistence,4,Sorrel 2,endemic,286,0.023372458584410602,0.018810055923457986,0.023372458584410602,0.018810055923457986,0.0
val,persistence,4,Other,endemic,286,0.018559518108800105,0.014784152018194573,0.018559518108800105,0.014784152018194573,0.0
val,persistence,4,overall,endemic,286,0.024620084193634272,0.019162548109143602,0.024620084193634272,0.019162548109143602,0.0
val,persistence,4,Menard 1,outbreak,286,0.026908452049556397,0.021031349602778176,0.026908452049556397,0.021031349602778176,0.0
val,persistence,4,Menard 2,outbreak,286,0.023411039097105946,0.019603038470963,0.023411039097105946,0.019603038470963,0.0
val,persistence,4,Sorrel 0,outbreak,286,0.01958701449124132,0.015604022146078218,0.01958701449124132,0.015604022146078218,0.0
val,persistence,4,Sorrel 1,outbreak,286,0.02378444712569382,0.018150599400599397,0.02378444712569382,0.018150599400599397,0.0
val,persistence,4,Sorrel 2,outbreak,286,0.021881256556603425,0.018008795328382954,0.021881256556603425,0.018008795328382954,0.0
val,persistence,4,Other,outbreak,286,0.02009741425320601,0.016159372542351266,0.02009741425320601,0.016159372542351266,0.0
val,persistence,4,overall,outbreak,286,0.022745651794080664,0.01809286291519217,0.022745651794080664,0.01809286291519217,0.0
val,training_mean,1,Menard 1,overall,572,0.10184771159106558,0.09034167779665984,0.10184771159106558,0.09034167779665984,-8.294003995195144
val,training_mean,1,Menard 2,overall,572,0.09556524348527917,0.08352930563965942,0.09556524348527917,0.08352930563965942,-10.87041545185014
val,training_mean,1,Sorrel 0,overall,572,0.07716850400032277,0.06979510319257426,0.07716850400032277,0.06979510319257426,-9.92239648642988
val,training_mean,1,Sorrel 1,overall,572,0.18752571813114977,0.1678594056503721,0.18752571813114977,0.1678594056503721,-19.193693439374876
val,training_mean,1,Sorrel 2,overall,572,0.11826633075431547,0.10744819880226668,0.11826633075431547,0.10744819880226668,-13.481309759114534
val,training_mean,1,Other,overall,572,0.035039111935316,0.029876033139040803,0.035039111935316,0.029876033139040803,-4.058085608651381
val,training_mean,1,overall,overall,572,0.11242865103721975,0.0914749540367622,0.11242865103721975,0.0914749540367622,-12.192871960159165
val,training_mean,1,Menard 1,endemic,286,0.11008117523138307,0.09290801235579128,0.11008117523138307,0.09290801235579128,-7.469241634983833
val,training_mean,1,Menard 2,endemic,286,0.10513875394862601,0.08617939853075243,0.10513875394862601,0.08617939853075243,-12.113645706946464
val,training_mean,1,Sorrel 0,endemic,286,0.07219694731707646,0.06001367150350161,0.07219694731707646,0.06001367150350161,-8.992153862819048
val,training_mean,1,Sorrel 1,endemic,286,0.19091018418413583,0.1540866227609915,0.19091018418413583,0.1540866227609915,-17.542346361641762
val,training_mean,1,Sorrel 2,endemic,286,0.12308987338946834,0.10437759704847734,0.12308987338946834,0.10437759704847734,-12.924424305331772
val,training_mean,1,Other,endemic,286,0.03151389773925666,0.02635870476742954,0.03151389773925666,0.02635870476742954,-3.5906819435636583
val,training_mean,1,overall,endemic,286,0.11617182893676163,0.08732066782782394,0.11617182893676163,0.08732066782782394,-11.518623378970833
val,training_mean,1,Menard 1,outbreak,286,0.09288728423391053,0.08777534323752839,0.09288728423391053,0.08777534323752839,-10.00567292922672
val,training_mean,1,Menard 2,outbreak,286,0.0849192201031761,0.08087921274856641,0.0849192201031761,0.08087921274856641,-9.504901496076602
val,training_mean,1,Sorrel 0,outbreak,286,0.08183860224485111,0.07957653488164691,0.08183860224485111,0.07957653488164691,-10.858530833812383
val,training_mean,1,Sorrel 1,outbreak,286,0.1840790360035227,0.18163218853975274,0.1840790360035227,0.18163218853975274,-21.578820099664924
val,training_mean,1,Sorrel 2,outbreak,286,0.11323750725419095,0.11051880055605602,0.11323750725419095,0.11051880055605602,-14.234211031624755
val,training_mean,1,Other,outbreak,286,0.0382407241002427,0.03339336151065207,0.0382407241002427,0.03339336151065207,-4.471261613861035
val,training_mean,1,overall,outbreak,286,0.1085564798138999,0.09562924024570041,0.1085564798138999,0.09562924024570041,-13.117371013859433
val,training_mean,2,Menard 1,overall,572,0.10265147879869323,0.09034148591171404,0.10265147879869323,0.09034148591171404,-4.459246263906076
val,training_mean,2,Menard 2,overall,572,0.09504267865025685,0.08248588259687055,0.09504267865025685,0.08248588259687055,-6.015361520165956
val,training_mean,2,Sorrel 0,overall,572,0.07577996635283116,0.06859238434279659,0.07577996635283116,0.06859238434279659,-5.4444579415692225
val,training_mean,2,Sorrel 1,overall,572,0.18479526937022625,0.16512216425031562,0.18479526937022625,0.16512216425031562,-11.347789557776785
val,training_mean,2,Sorrel 2,overall,572,0.11674611013401548,0.10555916115995864,0.11674611013401548,0.10555916115995864,-7.606868297029312
val,training_mean,2,Other,overall,572,0.03425346425426228,0.029135459569931473,0.03425346425426228,0.029135459569931473,-1.9811348927384569
val,training_mean,2,overall,overall,572,0.11125442747105016,0.0902060896385978,0.11125442747105016,0.0902060896385978,-6.816987742427034
val,training_mean,2,Menard 1,endemic,286,0.11525274750171625,0.09800266160410198,0.11525274750171625,0.09800266160410198,-4.261936678287679
val,training_mean,2,Menard 2,endemic,286,0.10779172912401962,0.08908508646894386,0.10779172912401962,0.08908508646894386,-7.039194773833723
val,training_mean,2,Sorrel 0,endemic,286,0.07312707959686994,0.0611654242770246,0.07312707959686994,0.0611654242770246,-5.201027995727562
val,training_mean,2,Sorrel 1,endemic,286,0.18959986289231426,0.15313261948135798,0.18959986289231426,0.15313261948135798,-10.916593776309469
val,training_mean,2,Sorrel 2,endemic,286,0.12389434068884417,0.10504353136251003,0.12389434068884417,0.10504353136251003,-7.621268854316186
val,training_mean,2,Other,endemic,286,0.032990983996692855,0.027584157305236705,0.032990983996692855,0.027584157305236705,-1.953351933107891
val,training_mean,2,overall,endemic,286,0.11735710682441657,0.08900224674986253,0.11735710682441657,0.08900224674986253,-6.729771253390474
val,training_mean,2,Menard 1,outbreak,286,0.08826922675781615,0.08268031021932609,0.08826922675781615,0.08268031021932609,-4.8537733780185865
val,training_mean,2,Menard 2,outbreak,286,0.08029423804038471,0.07588667872479725,0.08029423804038471,0.07588667872479725,-4.8669344856156975
val,training_mean,2,Sorrel 0,outbreak,286,0.0783430713624727,0.0760193444085686,0.0783430713624727,0.0760193444085686,-5.681689646214924
val,training_mean,2,Sorrel 1,outbreak,286,0.17986237837425753,0.1771117090192732,0.17986237837425753,0.1771117090192732,-11.88657718500928
val,training_mean,2,Sorrel 2,outbreak,286,0.10913065934064521,0.10607479095740725,0.10913065934064521,0.10607479095740725,-7.588413841269446
val,training_mean,2,Other,outbreak,286,0.03547103891579726,0.030686761834626243,0.03547103891579726,0.030686761834626243,-2.005811883065579
val,training_mean,2,overall,outbreak,286,0.10479696914331442,0.0914099325273331,0.10479696914331442,0.0914099325273331,-6.930653316400995
val,training_mean,3,Menard 1,overall,572,0.10342245312615951,0.09020333674595382,0.10342245312615951,0.09020333674595382,-3.039464287341727
val,training_mean,3,Menard 2,overall,572,0.09471707223047596,0.08154489398345444,0.09471707223047596,0.08154489398345444,-4.202933223650255
val,training_mean,3,Sorrel 0,overall,572,0.07449582643832894,0.06737248457974125,0.07449582643832894,0.06737248457974125,-3.7884328069567603
val,training_mean,3,Sorrel 1,overall,572,0.18202623647377933,0.16229438838472457,0.18202623647377933,0.16229438838472457,-8.148564111268273
val,training_mean,3,Sorrel 2,overall,572,0.11508950014941403,0.10356198423425358,0.11508950014941403,0.10356198423425358,-5.291374604673478
val,training_mean,3,Other,overall,572,0.033899358803456694,0.028734785686332403,0.033899358803456694,0.028734785686332403,-1.190383898602596
val,training_mean,3,overall,overall,572,0.11011014642621207,0.08895197893574336,0.11011014642621207,0.08895197893574336,-4.751628296102695
val,training_mean,3,Menard 1,endemic,286,0.11995218376191642,0.10270246760042658,0.11995218376191642,0.10270246760042658,-3.0946227261231565
val,training_mean,3,Menard 2,endemic,286,0.11043953215838254,0.09202600158680517,0.11043953215838254,0.09202600158680517,-5.209458549406054
val,training_mean,3,Sorrel 0,endemic,286,0.07400370098024932,0.06224080116328659,0.07400370098024932,0.06224080116328659,-3.8010086233583165
val,training_mean,3,Sorrel 1,endemic,286,0.18807740024322558,0.15186642838953662,0.18807740024322558,0.15186642838953662,-8.110254325652638
val,training_mean,3,Sorrel 2,endemic,286,0.12429965453195665,0.10541079527477955,0.12429965453195665,0.10541079527477955,-5.5055945244587114
val,training_mean,3,Other,endemic,286,0.0347037665285397,0.029016663651027407,0.0347037665285397,0.029016663651027407,-1.3047284479594654
val,training_mean,3,overall,endemic,286,0.11838484448446851,0.09054385961097698,0.11838484448446851,0.09054385961097698,-4.8824436330063365
val,training_mean,3,Menard 1,outbreak,286,0.0836891942368473,0.07770420589148105,0.0836891942368473,0.07770420589148105,-2.932806243903787
val,training_mean,3,Menard 2,outbreak,286,0.07580077361388857,0.0710637863801037,0.07580077361388857,0.0710637863801037,-3.0722478701027107
val,training_mean,3,Sorrel 0,outbreak,286,0.07498472214181438,0.07250416799619591,0.07498472214181438,0.07250416799619591,-3.7762784149286945
val,training_mean,3,Sorrel 1,outbreak,286,0.17576687130220525,0.17272234837991257,0.17576687130220525,0.17272234837991257,-8.193027305224014
val,training_mean,3,Sorrel 2,outbreak,286,0.10507512537475354,0.10171317319372762,0.10507512537475354,0.10171317319372762,-5.024268077833696
val,training_mean,3,Other,outbreak,286,0.03307539332046713,0.028452907721637395,0.03307539332046713,0.028452907721637395,-1.0822804957408994
val,training_mean,3,overall,outbreak,286,0.10116084859466105,0.08736009826050972,0.10116084859466105,0.08736009826050972,-4.585858569148747
val,training_mean,4,Menard 1,overall,572,0.1042827595602436,0.09009137321262173,0.1042827595602436,0.09009137321262173,-2.2781245940443084
val,training_mean,4,Menard 2,overall,572,0.09450244964359054,0.08071935595718703,0.09450244964359054,0.08071935595718703,-3.1644858224272348
val,training_mean,4,Sorrel 0,overall,572,0.07325960017725122,0.06614791658771862,0.07325960017725122,0.06614791658771862,-2.862676517087405
val,training_mean,4,Sorrel 1,overall,572,0.17920865839245437,0.1593920103006238,0.17920865839245437,0.1593920103006238,-6.333384858137347
val,training_mean,4,Sorrel 2,overall,572,0.11322265273860009,0.10140043617475866,0.11322265273860009,0.10140043617475866,-4.001190808243238
val,training_mean,4,Other,overall,572,0.03415169243697931,0.02875134073864634,0.03415169243697931,0.02875134073864634,-0.7655150788555889
val,training_mean,4,overall,overall,572,0.10899084547227557,0.08775040549525936,0.10899084547227557,0.08775040549525936,-3.598497192151699
val,training_mean,4,Menard 1,endemic,286,0.12422447509887695,0.10703601587154986,0.12422447509887695,0.10703601587154986,-2.445492391328541
val,training_mean,4,Menard 2,endemic,286,0.11290508414283465,0.09491979401603434,0.11290508414283465,0.09491979401603434,-4.143650437794941
val,training_mean,4,Sorrel 0,endemic,286,0.07485433900031141,0.06335819211025423,0.07485433900031141,0.06335819211025423,-3.0850453159615867
val,training_mean,4,Sorrel 1,endemic,286,0.18647074118140172,0.15047600788567067,0.18647074118140172,0.15047600788567067,-6.437023914566749
val,training_mean,4,Sorrel 2,endemic,286,0.1242129820821239,0.10540297151229919,0.1242129820821239,0.10540297151229919,-4.314502179286085
val,training_mean,4,Other,endemic,286,0.03686254375861111,0.03077368545989965,0.03686254375861111,0.03077368545989965,-0.9861800043791287
val,training_mean,4,overall,endemic,286,0.11926266506671768,0.09199444447595134,0.11926266506671768,0.09199444447595134,-3.8441209269931758
val,training_mean,4,Menard 1,outbreak,286,0.0794862734653453,0.07314673055369361,0.0794862734653453,0.07314673055369361,-1.953951915143914
val,training_mean,4,Menard 2,outbreak,286,0.07151131345443296,0.06651891789833969,0.07151131345443296,0.06651891789833969,-2.05459801069971
val,training_mean,4,Sorrel 0,outbreak,286,0.0716293652707315,0.06893764106518299,0.0716293652707315,0.06893764106518299,-2.656982298285522
val,training_mean,4,Sorrel 1,outbreak,286,0.17163959091335979,0.16830801271557694,0.17163959091335979,0.16830801271557694,-6.216463347089589
val,training_mean,4,Sorrel 2,outbreak,286,0.10104391752400148,0.09739790083721814,0.10104391752400148,0.09739790083721814,-3.617829751349814
val,training_mean,4,Other,outbreak,286,0.0312062343172729,0.026728996017393026,0.0312062343172729,0.026728996017393026,-0.5527487230002621
val,training_mean,4,overall,outbreak,286,0.097644382914261,0.08350636651456741,0.097644382914261,0.08350636651456741,-3.292881285541881
test,edmd_D1,1,Menard 1,overall,598,0.008164703034437304,0.0062388100047927,0.008164703034437304,0.0062388100047927,0.19295990518229378
test,edmd_D1,1,Menard 2,overall,598,0.006972785495096354,0.005433268237316096,0.006972785495096354,0.005433268237316096,0.1434008885541681
test,edmd_D1,1,Sorrel 0,overall,598,0.006429465077211751,0.0049600684024512665,0.006429465077211751,0.0049600684024512665,0.11402709815661649
test,edmd_D1,1,Sorrel 1,overall,598,0.009368641946188168,0.0069459642523567655,0.009368641946188168,0.0069459642523567655,0.053911087628730536
test,edmd_D1,1,Sorrel 2,overall,598,0.00720910187139955,0.005668358922324851,0.00720910187139955,0.005668358922324851,0.11331243093321564
test,edmd_D1,1,Other,overall,598,0.006266804537550432,0.00497626434055307,0.006266804537550432,0.00497626434055307,0.15908470374945283
test,edmd_D1,1,overall,overall,598,0.007479255479883642,0.005703789026632457,0.007479255479883642,0.005703789026632457,0.127577238566696
test,edmd_D1,1,Menard 1,endemic,299,0.009002679176262931,0.007014159094882405,0.009002679176262931,0.007014159094882405,0.17325032069963864
test,edmd_D1,1,Menard 2,endemic,299,0.007326876876071844,0.005722690046366164,0.007326876876071844,0.005722690046366164,0.09827525494864098
test,edmd_D1,1,Sorrel 0,endemic,299,0.0064020228235779665,0.004989810533649421,0.0064020228235779665,0.004989810533649421,0.058339970425812404
test,edmd_D1,1,Sorrel 1,endemic,299,0.011370447502736428,0.00849447856725174,0.011370447502736428,0.00849447856725174,-0.011372685118449244
test,edmd_D1,1,Sorrel 2,endemic,299,0.007956011413165041,0.006206432050482995,0.007956011413165041,0.006206432050482995,0.029551642803719136
test,edmd_D1,1,Other,endemic,299,0.006742673756918633,0.0053457623549893205,0.006742673756918633,0.0053457623549893205,0.11911254977883334
test,edmd_D1,1,overall,endemic,299,0.008304276977884995,0.00629555544127034,0.008304276977884995,0.00629555544127034,0.07445795804938338
test,edmd_D1,1,Menard 1,outbreak,299,0.007230250267479076,0.0054634609147029955,0.007230250267479076,0.0054634609147029955,0.2209109541422134
test,edmd_D1,1,Menard 2,outbreak,299,0.0065997235066429785,0.005143846428266028,0.0065997235066429785,0.005143846428266028,0.19068778589155022
test,edmd_D1,1,Sorrel 0,outbreak,299,0.006456790698524912,0.004930326271253112,0.006456790698524912,0.004930326271253112,0.1601448172972506
test,edmd_D1,1,Sorrel 1,outbreak,299,0.006801163681258362,0.005397449937461791,0.006801163681258362,0.005397449937461791,0.18549262972488023
test,edmd_D1,1,Sorrel 2,outbreak,299,0.006375278972564306,0.005130285794166706,0.006375278972564306,0.005130285794166706,0.20920813974621388
test,edmd_D1,1,Other,outbreak,299,0.00575169790857327,0.004606766326116821,0.00575169790857327,0.004606766326116821,0.20607973666602797
test,edmd_D1,1,overall,outbreak,299,0.006551145620523806,0.005112022611994576,0.006551145620523806,0.005112022611994576,0.19657940302079224
test,edmd_D1,2,Menard 1,overall,598,0.012842793933619723,0.010017231958743284,0.012842793933619723,0.010017231958743284,0.2650681795097456
test,edmd_D1,2,Menard 2,overall,598,0.011456362322671465,0.009050524669277256,0.011456362322671465,0.009050524669277256,0.1906383715860689
test,edmd_D1,2,Sorrel 0,overall,598,0.010289770941160277,0.007951606319579193,0.010289770941160277,0.007951606319579193,0.16368436241094098
test,edmd_D1,2,Sorrel 1,overall,598,0.015287061680004653,0.011601297888600861,0.015287061680004653,0.011601297888600861,0.0841406173774979
test,edmd_D1,2,Sorrel 2,overall,598,0.011229581734571573,0.008687163765638503,0.011229581734571573,0.008687163765638503,0.1676702367233578
test,edmd_D1,2,Other,overall,598,0.009550249244723879,0.0076422786080182735,0.009550249244723879,0.0076422786080182735,0.24198890197234335
test,edmd_D1,2,overall,overall,598,0.011923855648022941,0.009158350534976229,0.011923855648022941,0.009158350534976229,0.1825041993783123
test,edmd_D1,2,Menard 1,endemic,299,0.014102748947425173,0.011090356733439628,0.014102748947425173,0.011090356733439628,0.23991669358939294
test,edmd_D1,2,Menard 2,endemic,299,0.012290487403707358,0.009759982520457646,0.012290487403707358,0.009759982520457646,0.11862963844416119
test,edmd_D1,2,Sorrel 0,endemic,299,0.010340661318309722,0.008029862473542194,0.010340661318309722,0.008029862473542194,0.08739847919717425
test,edmd_D1,2,Sorrel 1,endemic,299,0.01841186776057416,0.014115228784211115,0.01841186776057416,0.014115228784211115,-0.01178283917266909
test,edmd_D1,2,Sorrel 2,endemic,299,0.012617501907295497,0.009797158866345535,0.012617501907295497,0.009797158866345535,0.04620788555636923
test,edmd_D1,2,Other,endemic,299,0.010309860870320401,0.008228721884290526,0.010309860870320401,0.008228721884290526,0.18848056641722843
test,edmd_D1,2,overall,endemic,299,0.013300152536553967,0.010170218543714441,0.013300152536553967,0.010170218543714441,0.10824053001767808
test,edmd_D1,2,Menard 1,outbreak,299,0.011444963266377802,0.00894410718404694,0.011444963266377802,0.00894410718404694,0.2988953603563307
test,edmd_D1,2,Menard 2,outbreak,299,0.010556533271674154,0.008341066818096864,0.010556533271674154,0.008341066818096864,0.26495779153048926
test,edmd_D1,2,Sorrel 0,outbreak,299,0.010238627620101531,0.007873350165616194,0.010238627620101531,0.007873350165616194,0.22463742203020742
test,edmd_D1,2,Sorrel 1,outbreak,299,0.011331003273482151,0.009087366992990608,0.011331003273482151,0.009087366992990608,0.24638086345209897
test,edmd_D1,2,Sorrel 2,outbreak,299,0.009643944083529388,0.007577168664931471,0.009643944083529388,0.007577168664931471,0.2986063210417965
test,edmd_D1,2,Other,outbreak,299,0.008724751578545619,0.007055835331746023,0.008724751578545619,0.007055835331746023,0.3016231106781574
test,edmd_D1,2,overall,outbreak,299,0.010366417391470125,0.008146482526238015,0.010366417391470125,0.008146482526238015,0.2725104874464622
test,edmd_D1,3,Menard 1,overall,598,0.016086127707890162,0.012836683082187559,0.016086127707890162,0.012836683082187559,0.3234179704088177
test,edmd_D1,3,Menard 2,overall,598,0.015007669681475025,0.011770176831918515,0.015007669681475025,0.011770176831918515,0.22669461738359475
test,edmd_D1,3,Sorrel 0,overall,598,0.013055400069433796,0.010239060446616446,0.013055400069433796,0.010239060446616446,0.20833789440232064
test,edmd_D1,3,Sorrel 1,overall,598,0.019592546150637002,0.015062848583568541,0.019592546150637002,0.015062848583568541,0.11214046458945504
test,edmd_D1,3,Sorrel 2,overall,598,0.014038557510223117,0.011195624155012457,0.014038557510223117,0.011195624155012457,0.20789820568862027
test,edmd_D1,3,Other,overall,598,0.011656256302738586,0.00930849274351421,0.011656256302738586,0.00930849274351421,0.310415936485156
test,edmd_D1,3,overall,overall,598,0.015117618846363801,0.011735480973802954,0.015117618846363801,0.011735480973802954,0.22797353280637955
test,edmd_D1,3,Menard 1,endemic,299,0.017516261049720903,0.014062396229233385,0.017516261049720903,0.014062396229233385,0.29359627094640917
test,edmd_D1,3,Menard 2,endemic,299,0.01652952060660956,0.013140211449351414,0.01652952060660956,0.013140211449351414,0.13376006723867928
test,edmd_D1,3,Sorrel 0,endemic,299,0.013156248807727453,0.010253409454999892,0.013156248807727453,0.010253409454999892,0.11857684614802788
test,edmd_D1,3,Sorrel 1,endemic,299,0.023389875651720272,0.018396649543847378,0.023389875651720272,0.018396649543847378,-0.011867520940788356
test,edmd_D1,3,Sorrel 2,endemic,299,0.016101294922807458,0.012901683135783933,0.016101294922807458,0.012901683135783933,0.0524727999493263
test,edmd_D1,3,Other,endemic,299,0.012779098413831614,0.010329923723431294,0.012779098413831614,0.010329923723431294,0.2436771231311119
test,edmd_D1,3,overall,endemic,299,0.016944884541761098,0.013180712256107882,0.016944884541761098,0.013180712256107882,0.13647348987825203
test,edmd_D1,3,Menard 1,outbreak,299,0.014515771013181957,0.011610969935141734,0.014515771013181957,0.011610969935141734,0.3607899934687836
test,edmd_D1,3,Menard 2,outbreak,299,0.013312972885580412,0.010400142214485616,0.013312972885580412,0.010400142214485616,0.32514157605949967
test,edmd_D1,3,Sorrel 0,outbreak,299,0.012953766218946283,0.010224711438233001,0.012953766218946283,0.010224711438233001,0.2771317213584378
test,edmd_D1,3,Sorrel 1,outbreak,299,0.014854273672137085,0.011729047623289704,0.014854273672137085,0.011729047623289704,0.29152105410445284
test,edmd_D1,3,Sorrel 2,outbreak,299,0.011615097750103463,0.009489565174240981,0.011615097750103463,0.009489565174240981,0.3695829434994753
test,edmd_D1,3,Other,outbreak,299,0.010413033454276056,0.008287061763597127,0.010413033454276056,0.008287061763597127,0.38421848948124704
test,edmd_D1,3,overall,outbreak,299,0.013036705374988489,0.010290249691498025,0.013036705374988489,0.010290249691498025,0.3328365743275671
test,edmd_D1,4,Menard 1,overall,598,0.018874421004864465,0.015199100501050219,0.018874421004864465,0.015199100501050219,0.3655632090225418
test,edmd_D1,4,Menard 2,overall,598,0.01789165967353491,0.013738843609504671,0.01789165967353491,0.013738843609504671,0.260339183558586
test,edmd_D1,4,Sorrel 0,overall,598,0.015173977469897874,0.012123022580323151,0.015173977469897874,0.012123022580323151,0.24956408583841938
test,edmd_D1,4,Sorrel 1,overall,598,0.0230056265518485,0.017910107981349743,0.0230056265518485,0.017910107981349743,0.13876375719362755
test,edmd_D1,4,Sorrel 2,overall,598,0.016347270147721426,0.013066053903672672,0.016347270147721426,0.013066053903672672,0.24367213331030513
test,edmd_D1,4,Other,overall,598,0.013400521181276855,0.010714585371771834,0.013400521181276855,0.010714585371771834,0.3662130342631139
test,edmd_D1,4,overall,overall,598,0.01771379363027103,0.013791952324612047,0.01771379363027103,0.013791952324612047,0.26728913085209305
test,edmd_D1,4,Menard 1,endemic,299,0.020332004813363964,0.01668620211182289,0.020332004813363964,0.01668620211182289,0.33515333120901747
test,edmd_D1,4,Menard 2,endemic,299,0.020058479917572484,0.01595621387794573,0.020058479917572484,0.01595621387794573,0.15087199951104646
test,edmd_D1,4,Sorrel 0,endemic,299,0.015048128235240831,0.011881374584103979,0.015048128235240831,0.011881374584103979,0.1502109090916366
test,edmd_D1,4,Sorrel 1,endemic,299,0.027353328826466666,0.021650911881414558,0.027353328826466666,0.021650911881414558,-0.011687297879633407
test,edmd_D1,4,Sorrel 2,endemic,299,0.018959306444676742,0.015357318526715891,0.018959306444676742,0.015357318526715891,0.05922869757092053
test,edmd_D1,4,Other,endemic,299,0.014694391823258367,0.011825614159709869,0.014694391823258367,0.011825614159709869,0.29386843171712485
test,edmd_D1,4,overall,endemic,299,0.01985683866046314,0.015559605856952154,0.01985683866046314,0.015559605856952154,0.1630133558221627
test,edmd_D1,4,Menard 1,outbreak,299,0.017294424442781627,0.013711998890277551,0.017294424442781627,0.013711998890277551,0.4014599698880118
test,edmd_D1,4,Menard 2,outbreak,299,0.015423370421004999,0.01152147334106361,0.015423370421004999,0.01152147334106361,0.37664704186170683
test,edmd_D1,4,Sorrel 0,outbreak,299,0.01529879149245731,0.012364670576542324,0.01529879149245731,0.012364670576542324,0.31863128418487097
test,edmd_D1,4,Sorrel 1,outbreak,299,0.01761570629289161,0.014169304081284922,0.01761570629289161,0.014169304081284922,0.3323165649909292
test,edmd_D1,4,Sorrel 2,outbreak,299,0.013229179177182802,0.01077478928062945,0.013229179177182802,0.01077478928062945,0.4243768942673313
test,edmd_D1,4,Other,outbreak,299,0.01196757221846841,0.0096035565838338,0.01196757221846841,0.0096035565838338,0.44264931090296755
test,edmd_D1,4,overall,outbreak,299,0.015272947585976889,0.012024298792271942,0.015272947585976889,0.012024298792271942,0.37962532361317725
test,persistence,1,Menard 1,overall,598,0.01011684931996042,0.007183582463085567,0.01011684931996042,0.007183582463085567,0.0
test,persistence,1,Menard 2,overall,598,0.00814008023347954,0.0056770546926412395,0.00814008023347954,0.0056770546926412395,0.0
test,persistence,1,Sorrel 0,overall,598,0.0072569545454882435,0.004903751267018231,0.0072569545454882435,0.004903751267018231,0.0
test,persistence,1,Sorrel 1,overall,598,0.009902496291502541,0.006800047778308646,0.009902496291502541,0.006800047778308646,0.0
test,persistence,1,Sorrel 2,overall,598,0.008130374353828984,0.005729949118564088,0.008130374353828984,0.005729949118564088,0.0
test,persistence,1,Other,overall,598,0.007452361213421505,0.005068058675829259,0.007452361213421505,0.005068058675829259,0.0
test,persistence,1,overall,overall,598,0.008572971511651034,0.005893740665907838,0.008572971511651034,0.005893740665907838,0.0
test,persistence,1,Menard 1,endemic,299,0.010889244231556844,0.008159625054034992,0.010889244231556844,0.008159625054034992,0.0
test,persistence,1,Menard 2,endemic,299,0.008125402919551166,0.005947948687899467,0.008125402919551166,0.005947948687899467,0.0
test,persistence,1,Sorrel 0,endemic,299,0.0067986562267837985,0.004827841804680488,0.0067986562267837985,0.004827841804680488,0.0
test,persistence,1,Sorrel 1,endemic,299,0.011242589077244807,0.00828714763497372,0.011242589077244807,0.00828714763497372,0.0
test,persistence,1,Sorrel 2,endemic,299,0.008198284178820939,0.005876239403805518,0.008198284178820939,0.005876239403805518,0.0
test,persistence,1,Other,endemic,299,0.007654410055706586,0.005301359140397068,0.007654410055706586,0.005301359140397068,0.0
test,persistence,1,overall,endemic,299,0.008972339020260388,0.006400026954298541,0.008972339020260388,0.006400026954298541,0.0
test,persistence,1,Menard 1,outbreak,299,0.009280390099078446,0.006207539872136146,0.009280390099078446,0.006207539872136146,0.0
test,persistence,1,Menard 2,outbreak,299,0.008154731130449244,0.005406160697383012,0.008154731130449244,0.005406160697383012,0.0
test,persistence,1,Sorrel 0,outbreak,299,0.00768798101328163,0.004979660729355975,0.00768798101328163,0.004979660729355975,0.0
test,persistence,1,Sorrel 1,outbreak,299,0.008350033320092737,0.005312947921643573,0.008350033320092737,0.005312947921643573,0.0
test,persistence,1,Sorrel 2,outbreak,299,0.008061892506731555,0.005583658833322661,0.008061892506731555,0.005583658833322661,0.0
test,persistence,1,Other,outbreak,299,0.007244679565703123,0.004834758211261448,0.007244679565703123,0.004834758211261448,0.0
test,persistence,1,overall,outbreak,299,0.008154067303172896,0.0053874543775171355,0.008154067303172896,0.0053874543775171355,0.0
test,persistence,2,Menard 1,overall,598,0.017474810010338945,0.013328327986713078,0.017474810010338945,0.013328327986713078,0.0
test,persistence,2,Menard 2,overall,598,0.01415481278142871,0.010639688449368514,0.01415481278142871,0.010639688449368514,0.0
test,persistence,2,Sorrel 0,overall,598,0.012303693101833841,0.00914664368544905,0.012303693101833841,0.00914664368544905,0.0
test,persistence,2,Sorrel 1,overall,598,0.01669149431677074,0.012151218346870519,0.01669149431677074,0.012151218346870519,0.0
test,persistence,2,Sorrel 2,overall,598,0.013491745976214942,0.010161510385625131,0.013491745976214942,0.010161510385625131,0.0
test,persistence,2,Other,overall,598,0.012599088944177213,0.00929898039056226,0.012599088944177213,0.00929898039056226,0.0
test,persistence,2,overall,overall,598,0.01458583106965823,0.010787728207431428,0.01458583106965823,0.010787728207431428,0.0
test,persistence,2,Menard 1,endemic,299,0.018554214818930232,0.014433599526767227,0.018554214818930232,0.014433599526767227,0.0
test,persistence,2,Menard 2,endemic,299,0.013944747792530235,0.010613094862479602,0.013944747792530235,0.010613094862479602,0.0
test,persistence,2,Sorrel 0,endemic,299,0.011330970946895778,0.008674218913958857,0.011330970946895778,0.008674218913958857,0.0
test,persistence,2,Sorrel 1,endemic,299,0.018197450132312457,0.013793597706641183,0.018197450132312457,0.013793597706641183,0.0
test,persistence,2,Sorrel 2,endemic,299,0.013228775658997329,0.009907349486013763,0.013228775658997329,0.009907349486013763,0.0
test,persistence,2,Other,endemic,299,0.01270439184038202,0.009290339632615304,0.01270439184038202,0.009290339632615304,0.0
test,persistence,2,overall,endemic,299,0.01491450664024642,0.011118700021412657,0.01491450664024642,0.011118700021412657,0.0
test,persistence,2,Menard 1,outbreak,299,0.016324187031759783,0.01222305644665893,0.016324187031759783,0.01222305644665893,0.0
test,persistence,2,Menard 2,outbreak,299,0.014361805553526978,0.010666282036257427,0.014361805553526978,0.010666282036257427,0.0
test,persistence,2,Sorrel 0,outbreak,299,0.013204954573523948,0.009619068456939241,0.013204954573523948,0.009619068456939241,0.0
test,persistence,2,Sorrel 1,outbreak,299,0.015035450566430696,0.010508838987099856,0.015035450566430696,0.010508838987099856,0.0
test,persistence,2,Sorrel 2,outbreak,299,0.013749687761449126,0.0104156712852365,0.013749687761449126,0.0104156712852365,0.0
test,persistence,2,Other,outbreak,299,0.012492898479240587,0.009307621148509214,0.012492898479240587,0.009307621148509214,0.0
test,persistence,2,overall,outbreak,299,0.01424957640294125,0.010456756393450195,0.01424957640294125,0.010456756393450195,0.0
test,persistence,3,Menard 1,overall,598,0.023775576359321926,0.01908538666302641,0.023775576359321926,0.01908538666302641,0.0
test,persistence,3,Menard 2,overall,598,0.019407170852345553,0.015033940628690423,0.019407170852345553,0.015033940628690423,0.0
test,persistence,3,Sorrel 0,overall,598,0.016491126677810844,0.01272778420279436,0.016491126677810844,0.01272778420279436,0.0
test,persistence,3,Sorrel 1,overall,598,0.022067168700933573,0.016817964644051598,0.022067168700933573,0.016817964644051598,0.0
test,persistence,3,Sorrel 2,overall,598,0.017723173474727013,0.014060121859315046,0.017723173474727013,0.014060121859315046,0.0
test,persistence,3,Other,overall,598,0.016903314504291285,0.013355053826839212,0.016903314504291285,0.013355053826839212,0.0
test,persistence,3,overall,overall,598,0.019581736493202863,0.015180041970786175,0.019581736493202863,0.015180041970786175,0.0
test,persistence,3,Menard 1,endemic,299,0.024796388140799357,0.020086911018588036,0.024796388140799357,0.020086911018588036,0.0
test,persistence,3,Menard 2,endemic,299,0.019081919433012354,0.014668842232418933,0.019081919433012354,0.014668842232418933,0.0
test,persistence,3,Sorrel 0,endemic,299,0.014926143873385176,0.01164808373260222,0.014926143873385176,0.01164808373260222,0.0
test,persistence,3,Sorrel 1,endemic,299,0.023115551361875347,0.0182178690874343,0.023115551361875347,0.0182178690874343,0.0
test,persistence,3,Sorrel 2,endemic,299,0.016992963285852227,0.013205530462365963,0.016992963285852227,0.013205530462365963,0.0
test,persistence,3,Other,endemic,299,0.016896353137876758,0.012980451555844711,0.016896353137876758,0.012980451555844711,0.0
test,persistence,3,overall,endemic,299,0.0196228886353148,0.015134614681542362,0.0196228886353148,0.015134614681542362,0.0
test,persistence,3,Menard 1,outbreak,299,0.02270892330355449,0.01808386230746479,0.02270892330355449,0.01808386230746479,0.0
test,persistence,3,Menard 2,outbreak,299,0.019727060392676028,0.015399039024961913,0.019727060392676028,0.015399039024961913,0.0
test,persistence,3,Sorrel 0,outbreak,299,0.017919953886051585,0.0138074846729865,0.017919953886051585,0.0138074846729865,0.0
test,persistence,3,Sorrel 1,outbreak,299,0.020966429218811377,0.015418060200668894,0.020966429218811377,0.015418060200668894,0.0
test,persistence,3,Sorrel 2,outbreak,299,0.018424466201119982,0.014914713256264128,0.018424466201119982,0.014914713256264128,0.0
test,persistence,3,Other,outbreak,299,0.01691027300495561,0.013729656097833711,0.01691027300495561,0.013729656097833711,0.0
test,persistence,3,overall,outbreak,299,0.019540497685179334,0.01522546926002999,0.019540497685179334,0.01522546926002999,0.0
test,persistence,4,Menard 1,overall,598,0.02974988410710734,0.024533933974927764,0.02974988410710734,0.024533933974927764,0.0
test,persistence,4,Menard 2,overall,598,0.024189005657503346,0.019220402239270164,0.024189005657503346,0.019220402239270164,0.0
test,persistence,4,Sorrel 0,overall,598,0.020220217587601595,0.015810154899955797,0.020220217587601595,0.015810154899955797,0.0
test,persistence,4,Sorrel 1,overall,598,0.026712329798016573,0.02089703774486383,0.026712329798016573,0.02089703774486383,0.0
test,persistence,4,Sorrel 2,overall,598,0.021613999520168892,0.01753217647435487,0.021613999520168892,0.01753217647435487,0.0
test,persistence,4,Other,overall,598,0.02114357332309043,0.017404011344806902,0.02114357332309043,0.017404011344806902,0.0
test,persistence,4,overall,overall,598,0.024175693818860595,0.019232952779696555,0.024175693818860595,0.019232952779696555,0.0
test,persistence,4,Menard 1,endemic,299,0.030581494602864634,0.02529611175573909,0.030581494602864634,0.02529611175573909,0.0
test,persistence,4,Menard 2,endemic,299,0.023622445504119762,0.018399156217039726,0.023622445504119762,0.018399156217039726,0.0
test,persistence,4,Sorrel 0,endemic,299,0.017708074151852743,0.013923581497738344,0.017708074151852743,0.013923581497738344,0.0
test,persistence,4,Sorrel 1,endemic,299,0.027037335433385126,0.02158623984710941,0.027037335433385126,0.02158623984710941,0.0
test,persistence,4,Sorrel 2,endemic,299,0.020152938759636536,0.015826934159520443,0.020152938759636536,0.015826934159520443,0.0
test,persistence,4,Other,endemic,299,0.02080970811004985,0.016519096075062776,0.02080970811004985,0.016519096075062776,0.0
test,persistence,4,overall,endemic,299,0.023724200139380112,0.018591853258701628,0.023724200139380112,0.018591853258701628,0.0
test,persistence,4,Menard 1,outbreak,299,0.028894348870109488,0.023771756194116443,0.028894348870109488,0.023771756194116443,0.0
test,persistence,4,Menard 2,outbreak,299,0.024742596019867235,0.020041648261500598,0.024742596019867235,0.020041648261500598,0.0
test,persistence,4,Sorrel 0,outbreak,299,0.02245302893625692,0.017696728302173243,0.02245302893625692,0.017696728302173243,0.0
test,persistence,4,Sorrel 1,outbreak,299,0.026383320851223892,0.020207835642618247,0.026383320851223892,0.020207835642618247,0.0
test,persistence,4,Sorrel 2,outbreak,299,0.022982363017454526,0.019237418789189296,0.022982363017454526,0.019237418789189296,0.0
test,persistence,4,Other,outbreak,299,0.021472247998575462,0.018288926614551032,0.021472247998575462,0.018288926614551032,0.0
test,persistence,4,overall,outbreak,299,0.02461890880996202,0.01987405230069148,0.02461890880996202,0.01987405230069148,0.0
test,training_mean,1,Menard 1,overall,598,0.09124892879722879,0.07945226569685056,0.09124892879722879,0.07945226569685056,-8.019500628243595
test,training_mean,1,Menard 2,overall,598,0.09199927130668199,0.08073748209449756,0.09199927130668199,0.08073748209449756,-10.302010381703104
test,training_mean,1,Sorrel 0,overall,598,0.08155100105183694,0.07017545242083309,0.08155100105183694,0.07017545242083309,-10.23763426388531
test,training_mean,1,Sorrel 1,overall,598,0.20570644807604335,0.1912353576882258,0.20570644807604335,0.1912353576882258,-19.773191124803823
test,training_mean,1,Sorrel 2,overall,598,0.11376412559092743,0.1023156136916031,0.11376412559092743,0.1023156136916031,-12.992483081341812
test,training_mean,1,Other,overall,598,0.04144976424447915,0.03358400614924695,0.04144976424447915,0.03358400614924695,-4.56196392759777
test,training_mean,1,overall,overall,598,0.11577010315535705,0.09291669629020952,0.11577010315535705,0.09291669629020952,-12.504081169291247
test,training_mean,1,Menard 1,endemic,299,0.08937373962037382,0.07103197131695474,0.08937373962037382,0.07103197131695474,-7.207524573778063
test,training_mean,1,Menard 2,endemic,299,0.09654265202248317,0.0786460693951318,0.09654265202248317,0.0786460693951318,-10.881583347723515
test,training_mean,1,Sorrel 0,endemic,299,0.07785990037848471,0.058991309460989655,0.07785990037848471,0.058991309460989655,-10.452248471065502
test,training_mean,1,Sorrel 1,endemic,299,0.22274656486407718,0.19747287075365144,0.22274656486407718,0.19747287075365144,-18.812746275225877
test,training_mean,1,Sorrel 2,endemic,299,0.12124433431831319,0.10212436110533277,0.12124433431831319,0.10212436110533277,-13.78898897302561
test,training_mean,1,Other,endemic,299,0.04459993878309633,0.034565096514660026,0.04459993878309633,0.034565096514660026,-4.826698394587023
test,training_mean,1,overall,endemic,299,0.12225362188411543,0.09047194642445341,0.12225362188411543,0.09047194642445341,-12.62561329972655
test,training_mean,1,Menard 1,outbreak,299,0.09308635066191542,0.08787256007674638,0.09308635066191542,0.08787256007674638,-9.030435107588744
test,training_mean,1,Menard 2,outbreak,299,0.08721954014088061,0.08282889479386334,0.08721954014088061,0.08282889479386334,-9.695575212186755
test,training_mean,1,Sorrel 0,outbreak,299,0.08508212184804663,0.08135959538067652,0.08508212184804663,0.08135959538067652,-10.066900620729962
test,training_mean,1,Sorrel 1,outbreak,299,0.1871209592786904,0.18499784462280014,0.1871209592786904,0.18499784462280014,-21.409606298027587
test,training_mean,1,Sorrel 2,outbreak,299,0.10575615319519582,0.10250686627787342,0.10575615319519582,0.10250686627787342,-12.118030674173722
test,training_mean,1,Other,outbreak,299,0.0380396026844375,0.03260291578383388,0.0380396026844375,0.03260291578383388,-4.250694987880477
test,training_mean,1,overall,outbreak,299,0.10890126493948432,0.0953614461559656,0.10890126493948432,0.0953614461559656,-12.355453283677075
test,training_mean,2,Menard 1,overall,598,0.09115449144956086,0.07850108669044946,0.09115449144956086,0.07850108669044946,-4.216336623724633
test,training_mean,2,Menard 2,overall,598,0.09163355119018397,0.07981819471020578,0.09163355119018397,0.07981819471020578,-5.473667480110252
test,training_mean,2,Sorrel 0,overall,598,0.08008382943370927,0.068462586484911,0.08008382943370927,0.068462586484911,-5.508926122496743
test,training_mean,2,Sorrel 1,overall,598,0.2038192415981879,0.1890076940475187,0.2038192415981879,0.1890076940475187,-11.21096432291272
test,training_mean,2,Sorrel 2,overall,598,0.11235185151772688,0.10060022629884298,0.11235185151772688,0.10060022629884298,-7.327450851490665
test,training_mean,2,Other,overall,598,0.04182288146313168,0.03361500097085727,0.04182288146313168,0.03361500097085727,-2.31951632760403
test,training_mean,2,overall,overall,598,0.11477052754004442,0.09166746486713086,0.11477052754004442,0.09166746486713086,-6.868631344482841
test,training_mean,2,Menard 1,endemic,299,0.09400314364845166,0.07481762955221888,0.09400314364845166,0.07481762955221888,-4.066403756010384
test,training_mean,2,Menard 2,endemic,299,0.09959981327587852,0.08157609102831966,0.09959981327587852,0.08157609102831966,-6.142460714078388
test,training_mean,2,Sorrel 0,endemic,299,0.07879412635464719,0.05972273696775958,0.07879412635464719,0.05972273696775958,-5.953872419577031
test,training_mean,2,Sorrel 1,endemic,299,0.2232411089207372,0.19811787792039773,0.2232411089207372,0.19811787792039773,-11.2677137344829
test,training_mean,2,Sorrel 2,endemic,299,0.12249260743132687,0.10353544996938571,0.12249260743132687,0.10353544996938571,-8.25955739131577
test,training_mean,2,Other,endemic,299,0.04721543607061731,0.037211280157119976,0.04721543607061731,0.037211280157119976,-2.7164656650890535
test,training_mean,2,overall,endemic,299,0.1238517643254747,0.09249684426586693,0.1238517643254747,0.09249684426586693,-7.304114062429919
test,training_mean,2,Menard 1,outbreak,299,0.08821389690442596,0.08218454382868001,0.08821389690442596,0.08218454382868001,-4.4038768811457505
test,training_mean,2,Menard 2,outbreak,299,0.08290532312739796,0.07806029839209189,0.08290532312739796,0.07806029839209189,-4.772625372095923
test,training_mean,2,Sorrel 0,outbreak,299,0.08135308921941915,0.07720243600206245,0.08135308921941915,0.07720243600206245,-5.160800384920129
test,training_mean,2,Sorrel 1,outbreak,299,0.1823402692198312,0.1798975101746396,0.1823402692198312,0.1798975101746396,-11.127356504163442
test,training_mean,2,Sorrel 2,outbreak,299,0.10119999112449339,0.09766500262830023,0.10119999112449339,0.09766500262830023,-6.360166491070019
test,training_mean,2,Other,outbreak,299,0.035623158540755144,0.030018721784594568,0.035623158540755144,0.030018721784594568,-1.8514726666473793
test,training_mean,2,overall,outbreak,299,0.1049060935175229,0.09083808546839481,0.1049060935175229,0.09083808546839481,-6.362049969139383
test,training_mean,3,Menard 1,overall,598,0.09105653767830718,0.07754988729047924,0.09105653767830718,0.07754988729047924,-2.829835134263979
test,training_mean,3,Menard 2,overall,598,0.09130700069288797,0.0789000890947659,0.09130700069288797,0.0789000890947659,-3.704807382156508
test,training_mean,3,Sorrel 0,overall,598,0.07876939531428674,0.0668256300113267,0.07876939531428674,0.0668256300113267,-3.776471423281989
test,training_mean,3,Sorrel 1,overall,598,0.20169145305073838,0.18651724970924824,0.20169145305073838,0.18651724970924824,-8.139888119956487
test,training_mean,3,Sorrel 2,overall,598,0.111136948064002,0.09897842528384672,0.111136948064002,0.09897842528384672,-5.270713776089912
test,training_mean,3,Other,overall,598,0.04245698791551912,0.03395867676039309,0.04245698791551912,0.03395867676039309,-1.5117551888856156
test,training_mean,3,overall,overall,598,0.11377341396333021,0.09045499302500998,0.11377341396333021,0.09045499302500998,-4.810180011503209
test,training_mean,3,Menard 1,endemic,299,0.09822287280250784,0.07859414637012617,0.09822287280250784,0.07859414637012617,-2.961176613496156
test,training_mean,3,Menard 2,endemic,299,0.10239081004839001,0.08440695013412514,0.10239081004839001,0.08440695013412514,-4.365854855840682
test,training_mean,3,Sorrel 0,endemic,299,0.07972134001186663,0.06047649078698179,0.07972134001186663,0.06047649078698179,-4.341053971348745
test,training_mean,3,Sorrel 1,endemic,299,0.22312034015338722,0.19808204418891184,0.22312034015338722,0.19808204418891184,-8.652391009862791
test,training_mean,3,Sorrel 2,endemic,299,0.12364120263688268,0.1047593660779109,0.12364120263688268,0.1047593660779109,-6.276023643258395
test,training_mean,3,Other,endemic,299,0.0496836167916258,0.040045705039290794,0.0496836167916258,0.040045705039290794,-1.9404935127835037
test,training_mean,3,overall,endemic,299,0.12518346385364815,0.09439411709955776,0.12518346385364815,0.09439411709955776,-5.3794615655290805
test,training_mean,3,Menard 1,outbreak,299,0.08327576698142333,0.0765056282108323,0.08327576698142333,0.0765056282108323,-2.667094466270388
test,training_mean,3,Menard 2,outbreak,299,0.07867692653311137,0.07339322805540666,0.07867692653311137,0.07339322805540666,-2.9882742267226687
test,training_mean,3,Sorrel 0,outbreak,299,0.07780580455897303,0.0731747692356716,0.07780580455897303,0.0731747692356716,-3.341852945254228
test,training_mean,3,Sorrel 1,outbreak,299,0.17769692815936122,0.17495245522958464,0.17769692815936122,0.17495245522958464,-7.475307182966999
test,training_mean,3,Sorrel 2,outbreak,299,0.09703450654518045,0.09319748448978253,0.09703450654518045,0.09319748448978253,-4.266611552593146
test,training_mean,3,Other,outbreak,299,0.033715424781840614,0.027871648481495388,0.033715424781840614,0.027871648481495388,-0.9937835877611321
test,training_mean,3,overall,outbreak,299,0.10108352896167097,0.08651586895046219,0.10108352896167097,0.08651586895046219,-4.173027350185594
test,training_mean,4,Menard 1,overall,598,0.09113966214286,0.0767852508099912,0.09113966214286,0.0767852508099912,-2.0635299893852848
test,training_mean,4,Menard 2,overall,598,0.09093798013475655,0.07796727954764923,0.09093798013475655,0.07796727954764923,-2.759475747881679
test,training_mean,4,Sorrel 0,overall,598,0.0774492464427971,0.06514178828159257,0.0774492464427971,0.06514178828159257,-2.830287488611723
test,training_mean,4,Sorrel 1,overall,598,0.19951715979387613,0.18398499935091092,0.19951715979387613,0.18398499935091092,-6.469103642494357
test,training_mean,4,Sorrel 2,overall,598,0.11002113568025092,0.09738578326203434,0.11002113568025092,0.09738578326203434,-4.090271959041443
test,training_mean,4,Other,overall,598,0.0433761976543909,0.034525995696791295,0.0433761976543909,0.034525995696791295,-1.0515074245761813
test,training_mean,4,overall,overall,598,0.1128182771042302,0.0892985161581616,0.1128182771042302,0.0892985161581616,-3.6665993517925575
test,training_mean,4,Menard 1,endemic,299,0.10222747538424946,0.08249811279823267,0.10222747538424946,0.08249811279823267,-2.3427887260511326
test,training_mean,4,Menard 2,endemic,299,0.10488691114058825,0.08715431272527757,0.10488691114058825,0.08715431272527757,-3.4401377123421
test,training_mean,4,Sorrel 0,endemic,299,0.08052852442609613,0.061123078306433064,0.08052852442609613,0.061123078306433064,-3.5475597027399317
test,training_mean,4,Sorrel 1,endemic,299,0.2228415605298991,0.19787898637715834,0.2228415605298991,0.19787898637715834,-7.241994152084198
test,training_mean,4,Sorrel 2,endemic,299,0.12481066741516837,0.10603667457397417,0.12481066741516837,0.10603667457397417,-5.193174549071044
test,training_mean,4,Other,endemic,299,0.05214902926816201,0.0429616323865336,0.05214902926816201,0.0429616323865336,-1.5059952303212332
test,training_mean,4,overall,endemic,299,0.1264200334545699,0.09627546619460159,0.1264200334545699,0.09627546619460159,-4.328737437378283
test,training_mean,4,Menard 1,outbreak,299,0.07850107838489864,0.0710723888217497,0.07850107838489864,0.0710723888217497,-1.716831541620449
test,training_mean,4,Menard 2,outbreak,299,0.0744188708149022,0.0687802463700209,0.0744188708149022,0.0687802463700209,-2.007722825654473
test,training_mean,4,Sorrel 0,outbreak,299,0.0742423619160239,0.06916049825675209,0.0742423619160239,0.06916049825675209,-2.3065633205566356
test,training_mean,4,Sorrel 1,outbreak,299,0.1730775346630219,0.1700910123246635,0.1730775346630219,0.1700910123246635,-5.560111808479675
test,training_mean,4,Sorrel 2,outbreak,299,0.09290639317143137,0.08873489195009451,0.09290639317143137,0.08873489195009451,-3.042508296508558
test,training_mean,4,Other,outbreak,299,0.03230275208544861,0.026090359007048983,0.03230275208544861,0.026090359007048983,-0.5043954451155594
test,training_mean,4,overall,outbreak,299,0.09733397371359692,0.08232156612172162,0.09733397371359692,0.08232156612172162,-2.953626639788796
