split,model,h,ward,scenario,n,rmse,mae,rmse_clipped,mae_clipped,skill_vs_persistence
train,edmd_D3,1,Menard 1,overall,2730,0.008788522286253545,0.006568339746747707,0.008788522286253545,0.006568339746747707,0.19150870437437295
train,edmd_D3,1,Menard 2,overall,2730,0.006827466792202536,0.005242831905827041,0.006827466792202536,0.005242831905827041,0.15613416179962392
train,edmd_D3,1,Sorrel 0,overall,2730,0.006369160682477343,0.004906064511977224,0.006369160682477343,0.004906064511977224,0.11674223377591075
train,edmd_D3,1,Sorrel 1,overall,2730,0.009054545724443938,0.006759679888784708,0.009054545724443938,0.006759679888784708,0.06448097638299055
train,edmd_D3,1,Sorrel 2,overall,2730,0.007266101181806724,0.0056581226101538136,0.007266101181806724,0.0056581226101538136,0.12184339427161872
train,edmd_D3,1,Other,overall,2730,0.0061183975562885675,0.004817611211328583,0.0061183975562885675,0.004817611211328583,0.15871461483650484
train,edmd_D3,1,overall,overall,2730,0.007490376580329767,0.005658774979136512,0.007490376580329767,0.005658774979136512,0.13571164290634996
train,edmd_D3,1,Menard 1,endemic,1365,0.010273562612296878,0.0077837025274902615,0.010273562612296878,0.0077837025274902615,0.17364093935746616
train,edmd_D3,1,Menard 2,endemic,1365,0.00762095079409279,0.005811186793345089,0.00762095079409279,0.005811186793345089,0.11018369334246314
train,edmd_D3,1,Sorrel 0,endemic,1365,0.007052714682134274,0.005339301601515769,0.007052714682134274,0.005339301601515769,0.053708564836012496
train,edmd_D3,1,Sorrel 1,endemic,1365,0.010704279298230167,0.007983884221713231,0.010704279298230167,0.007983884221713231,0.01274254518849105
train,edmd_D3,1,Sorrel 2,endemic,1365,0.008138864239401224,0.006222088899357812,0.008138864239401224,0.006222088899357812,0.06329504294837596
train,edmd_D3,1,Other,endemic,1365,0.0064334808400447335,0.005043792433183646,0.0064334808400447335,0.005043792433183646,0.12768703125007264
train,edmd_D3,1,overall,endemic,1365,0.008520349623729316,0.006363992746100968,0.008520349623729316,0.006363992746100968,0.09422078645155729
train,edmd_D3,1,Menard 1,outbreak,1365,0.006995009592785864,0.005352976966005154,0.006995009592785864,0.005352976966005154,0.22641207021531218
train,edmd_D3,1,Menard 2,outbreak,1365,0.005928719473147068,0.004674477018308993,0.005928719473147068,0.004674477018308993,0.21859166973332012
train,edmd_D3,1,Sorrel 0,outbreak,1365,0.005602823503452359,0.004472827422438682,0.005602823503452359,0.004472827422438682,0.1950614154831969
train,edmd_D3,1,Sorrel 1,outbreak,1365,0.007027659728357167,0.005535475555856185,0.007027659728357167,0.005535475555856185,0.15879167534030592
train,edmd_D3,1,Sorrel 2,outbreak,1365,0.006273064774183514,0.005094156320949814,0.006273064774183514,0.005094156320949814,0.19964078957857878
train,edmd_D3,1,Other,outbreak,1365,0.005786181953099397,0.004591429989473521,0.005786181953099397,0.004591429989473521,0.19285383824243285
train,edmd_D3,1,overall,outbreak,1365,0.006294054728052578,0.004953557212172058,0.006294054728052578,0.004953557212172058,0.19892238032703258
train,edmd_D3,2,Menard 1,overall,2730,0.014150828105368211,0.010638949065303696,0.014150828105368211,0.010638949065303696,0.25485344879456207
train,edmd_D3,2,Menard 2,overall,2730,0.01089268494102741,0.008372256002259047,0.01089268494102741,0.008372256002259047,0.21492226571401463
train,edmd_D3,2,Sorrel 0,overall,2730,0.010024087598288689,0.00782783316341994,0.010024087598288689,0.00782783316341994,0.17007165992783546
train,edmd_D3,2,Sorrel 1,overall,2730,0.01441718633033882,0.010945807053417638,0.01441718633033882,0.010945807053417638,0.09564243442768172
train,edmd_D3,2,Sorrel 2,overall,2730,0.011458101650110528,0.008914483900091506,0.011458101650110528,0.008914483900091506,0.18034151510199126
train,edmd_D3,2,Other,overall,2730,0.009495882647046964,0.007491008812338803,0.009495882647046964,0.007491008812338803,0.2263759565984107
train,edmd_D3,2,overall,overall,2730,0.011893233341027657,0.009031722999471773,0.011893233341027657,0.009031722999471773,0.19178395335104237
train,edmd_D3,2,Menard 1,endemic,1365,0.016639589477767107,0.012787357510185083,0.016639589477767107,0.012787357510185083,0.22895327274762067
train,edmd_D3,2,Menard 2,endemic,1365,0.012222290149032195,0.009460911941791583,0.012222290149032195,0.009460911941791583,0.15452761822135064
train,edmd_D3,2,Sorrel 0,endemic,1365,0.011108651716458294,0.008776757582796437,0.011108651716458294,0.008776757582796437,0.08444373106978043
train,edmd_D3,2,Sorrel 1,endemic,1365,0.01709538375545685,0.013185059724173982,0.01709538375545685,0.013185059724173982,0.020514957529973676
train,edmd_D3,2,Sorrel 2,endemic,1365,0.012736056843464136,0.00991539930772626,0.012736056843464136,0.00991539930772626,0.09936613125245675
train,edmd_D3,2,Other,endemic,1365,0.009946248117944364,0.007870160633904041,0.009946248117944364,0.007870160633904041,0.18460275197734433
train,edmd_D3,2,overall,endemic,1365,0.013558819999808971,0.010332607783429567,0.013558819999808971,0.010332607783429567,0.13531717804485188
train,edmd_D3,2,Menard 1,outbreak,1365,0.01111827028573869,0.008490540620422309,0.01111827028573869,0.008490540620422309,0.30452624476762613
train,edmd_D3,2,Menard 2,outbreak,1365,0.00937639557409142,0.007283600062726511,0.00937639557409142,0.007283600062726511,0.2932908084035172
train,edmd_D3,2,Sorrel 0,outbreak,1365,0.008806958691782218,0.006878908744043443,0.008806958691782218,0.006878908744043443,0.26749291999746105
train,edmd_D3,2,Sorrel 1,outbreak,1365,0.011111182548274475,0.008706554382661295,0.011111182548274475,0.008706554382661295,0.22142469631457407
train,edmd_D3,2,Sorrel 2,outbreak,1365,0.010018435153684509,0.00791356849245675,0.010018435153684509,0.00791356849245675,0.2748208262246933
train,edmd_D3,2,Other,outbreak,1365,0.009023066156759768,0.007111856990773566,0.009023066156759768,0.007111856990773566,0.26942137104536634
train,edmd_D3,2,overall,outbreak,1365,0.009952708114932535,0.0077308382155139785,0.009952708114932535,0.0077308382155139785,0.2725803711287754
train,edmd_D3,3,Menard 1,overall,2730,0.018267490003786923,0.013881841999918458,0.018267490003786923,0.013881841999918458,0.3013617139399758
train,edmd_D3,3,Menard 2,overall,2730,0.013911295649881894,0.010801236581074153,0.013911295649881894,0.010801236581074153,0.2619356405880672
train,edmd_D3,3,Sorrel 0,overall,2730,0.012618920466892808,0.009923497539543476,0.012618920466892808,0.009923497539543476,0.21823058805550377
train,edmd_D3,3,Sorrel 1,overall,2730,0.018379900615117205,0.013920924583055124,0.018379900615117205,0.013920924583055124,0.12430698905722526
train,edmd_D3,3,Sorrel 2,overall,2730,0.014497617220149302,0.011343714362067365,0.014497617220149302,0.011343714362067365,0.22927588320014902
train,edmd_D3,3,Other,overall,2730,0.011794445468396236,0.009201715191137555,0.011794445468396236,0.009201715191137555,0.28431530624509715
train,edmd_D3,3,overall,overall,2730,0.015130394834224542,0.011512155042799356,0.015130394834224542,0.011512155042799356,0.2379744930573453
train,edmd_D3,3,Menard 1,endemic,1365,0.02156571854728258,0.016790385304727148,0.02156571854728258,0.016790385304727148,0.2689226069607813
train,edmd_D3,3,Menard 2,endemic,1365,0.015687746415563777,0.012201948286655485,0.015687746415563777,0.012201948286655485,0.18740511910577873
train,edmd_D3,3,Sorrel 0,endemic,1365,0.01395673485577999,0.011071909374006426,0.01395673485577999,0.011071909374006426,0.112323845262292
train,edmd_D3,3,Sorrel 1,endemic,1365,0.021858573943241866,0.017066580133985824,0.021858573943241866,0.017066580133985824,0.029190219628106195
train,edmd_D3,3,Sorrel 2,endemic,1365,0.01612315377477733,0.012626547357764284,0.01612315377477733,0.012626547357764284,0.13299315868308037
train,edmd_D3,3,Other,endemic,1365,0.012371037901995775,0.009609319098873519,0.012371037901995775,0.009609319098873519,0.23448231945058096
train,edmd_D3,3,overall,endemic,1365,0.01730497025493009,0.013227781592668781,0.01730497025493009,0.013227781592668781,0.16933873179172
train,edmd_D3,3,Menard 1,outbreak,1365,0.014223999634993746,0.010973298695109764,0.014223999634993746,0.010973298695109764,0.36209236992713745
train,edmd_D3,3,Menard 2,outbreak,1365,0.011871937740647551,0.00940052487549282,0.011871937740647551,0.00940052487549282,0.3540691710827075
train,edmd_D3,3,Sorrel 0,outbreak,1365,0.011121324546338369,0.008775085705080527,0.011121324546338369,0.008775085705080527,0.3280006212554275
train,edmd_D3,3,Sorrel 1,outbreak,1365,0.014065711443471289,0.010775269032124425,0.014065711443471289,0.010775269032124425,0.27278862049315145
train,edmd_D3,3,Sorrel 2,outbreak,1365,0.012665138075789888,0.010060881366370445,0.012665138075789888,0.010060881366370445,0.3341854819828767
train,edmd_D3,3,Other,outbreak,1365,0.011188177199228162,0.008794111283401592,0.011188177199228162,0.008794111283401592,0.33377758273572855
train,edmd_D3,3,overall,outbreak,1365,0.012585535354328086,0.009796528492929928,0.012585535354328086,0.009796528492929928,0.33153695710658826
train,edmd_D3,4,Menard 1,overall,2730,0.02183459789502056,0.016637438336396006,0.02183459789502056,0.016637438336396006,0.33540816116533556
train,edmd_D3,4,Menard 2,overall,2730,0.016297235760492905,0.012592340165656444,0.016297235760492905,0.012592340165656444,0.303809911269484
train,edmd_D3,4,Sorrel 0,overall,2730,0.014788108498392872,0.01165202155231279,0.014788108498392872,0.01165202155231279,0.2583894334060638
train,edmd_D3,4,Sorrel 1,overall,2730,0.02152701358342142,0.016611521002333946,0.02152701358342142,0.016611521002333946,0.15152210867316596
train,edmd_D3,4,Sorrel 2,overall,2730,0.0170379256582028,0.013377195247651446,0.0170379256582028,0.013377195247651446,0.26828952782064197
train,edmd_D3,4,Other,overall,2730,0.013681345678777176,0.010861171218844126,0.013681345678777176,0.010861171218844126,0.3315543554500078
train,edmd_D3,4,overall,overall,2730,0.017804120102605535,0.01362194792053246,0.017804120102605535,0.01362194792053246,0.27614188235725223
train,edmd_D3,4,Menard 1,endemic,1365,0.025891375664683993,0.020299892818146276,0.025891375664683993,0.020299892818146276,0.2986499457071713
train,edmd_D3,4,Menard 2,endemic,1365,0.01838943064470939,0.014400224642552535,0.01838943064470939,0.014400224642552535,0.21803753579105734
train,edmd_D3,4,Sorrel 0,endemic,1365,0.016276728240696602,0.012944084593739308,0.016276728240696602,0.012944084593739308,0.1356858777225044
train,edmd_D3,4,Sorrel 1,endemic,1365,0.025703947981493145,0.020500120753719698,0.025703947981493145,0.020500120753719698,0.03828118138139425
train,edmd_D3,4,Sorrel 2,endemic,1365,0.019088823951751103,0.0150829070522889,0.019088823951751103,0.0150829070522889,0.15959665660449862
train,edmd_D3,4,Other,endemic,1365,0.014293665686341469,0.011290918124180468,0.014293665686341469,0.011290918124180468,0.28087415696147866
train,edmd_D3,4,overall,endemic,1365,0.020424051980924375,0.015753024664104533,0.020424051980924375,0.015753024664104533,0.19847628633520076
train,edmd_D3,4,Menard 1,outbreak,1365,0.016826645437064452,0.012974983854645735,0.016826645437064452,0.012974983854645735,0.4035816523118878
train,edmd_D3,4,Menard 2,outbreak,1365,0.01389347427498251,0.010784455688760356,0.01389347427498251,0.010784455688760356,0.4037346997373148
train,edmd_D3,4,Sorrel 0,outbreak,1365,0.01313180961250157,0.010359958510886271,0.01313180961250157,0.010359958510886271,0.37439682205554203
train,edmd_D3,4,Sorrel 1,outbreak,1365,0.016313543018189377,0.0127229212509482,0.016313543018189377,0.0127229212509482,0.31853442582985725
train,edmd_D3,4,Sorrel 2,outbreak,1365,0.014703694148340546,0.011671483443013993,0.014703694148340546,0.011671483443013993,0.3833006829117592
train,edmd_D3,4,Other,outbreak,1365,0.013040305226929862,0.010431424313507782,0.013040305226929862,0.010431424313507782,0.38026570249370595
train,edmd_D3,4,overall,outbreak,1365,0.014725199011779235,0.011490871176960389,0.014725199011779235,0.011490871176960389,0.37809779918456143
train,persistence,1,Menard 1,overall,2730,0.010870274465296263,0.007473623881787146,0.010870274465296263,0.007473623881787146,0.0
train,persistence,1,Menard 2,overall,2730,0.008090701724296313,0.005604296871143231,0.008090701724296313,0.005604296871143231,0.0
train,persistence,1,Sorrel 0,overall,2730,0.0072109874671189,0.004886710974828464,0.0072109874671189,0.004886710974828464,0.0
train,persistence,1,Sorrel 1,overall,2730,0.00967863345999767,0.0065548142333856614,0.00967863345999767,0.0065548142333856614,0.0
train,persistence,1,Sorrel 2,overall,2730,0.008274265813647104,0.005761866998980401,0.008274265813647104,0.005761866998980401,0.0
train,persistence,1,Other,overall,2730,0.007272677814436916,0.004831490697752096,0.007272677814436916,0.004831490697752096,0.0
train,persistence,1,overall,overall,2730,0.008666524914807046,0.005852133942979501,0.008666524914807046,0.005852133942979501,0.0
train,persistence,1,Menard 1,endemic,1365,0.012432322826240558,0.008809150033639829,0.012432322826240558,0.008809150033639829,0.0
train,persistence,1,Menard 2,endemic,1365,0.008564633775615737,0.006077031683500685,0.008564633775615737,0.006077031683500685,0.0
train,persistence,1,Sorrel 0,endemic,1365,0.0074530048778387965,0.005256728140573267,0.0074530048778387965,0.005256728140573267,0.0
train,persistence,1,Sorrel 1,endemic,1365,0.010842439574461222,0.007882260596546311,0.010842439574461222,0.007882260596546311,0.0
train,persistence,1,Sorrel 2,endemic,1365,0.008688823709249007,0.006268861232042381,0.008688823709249007,0.006268861232042381,0.0
train,persistence,1,Other,endemic,1365,0.007375197974259476,0.0049520692073883555,0.007375197974259476,0.0049520692073883555,0.0
train,persistence,1,overall,endemic,1365,0.009406651749437207,0.006541016815615138,0.009406651749437207,0.006541016815615138,0.0
train,persistence,1,Menard 1,outbreak,1365,0.009042294125158829,0.006138097729934464,0.009042294125158829,0.006138097729934464,0.0
train,persistence,1,Menard 2,outbreak,1365,0.00758722327815946,0.005131562058785778,0.00758722327815946,0.005131562058785778,0.0
train,persistence,1,Sorrel 0,outbreak,1365,0.006960560235555958,0.004516693809083662,0.006960560235555958,0.004516693809083662,0.0
train,persistence,1,Sorrel 1,outbreak,1365,0.008354244153729892,0.005227367870225013,0.008354244153729892,0.005227367870225013,0.0
train,persistence,1,Sorrel 2,outbreak,1365,0.007837811688179978,0.0052548727659184205,0.007837811688179978,0.0052548727659184205,0.0
train,persistence,1,Other,outbreak,1365,0.007168691653690008,0.004710912188115835,0.007168691653690008,0.004710912188115835,0.0
train,persistence,1,overall,outbreak,1365,0.007856984858248902,0.005163251070343862,0.007856984858248902,0.005163251070343862,0.0
train,persistence,2,Menard 1,overall,2730,0.018990664430340774,0.01403842416087314,0.018990664430340774,0.01403842416087314,0.0
train,persistence,2,Menard 2,overall,2730,0.013874657840008823,0.010368669964357294,0.013874657840008823,0.010368669964357294,0.0
train,persistence,2,Sorrel 0,overall,2730,0.012078256777467157,0.008938511421822504,0.012078256777467157,0.008938511421822504,0.0
train,persistence,2,Sorrel 1,overall,2730,0.015941909349998055,0.01166993720565149,0.015941909349998055,0.01166993720565149,0.0
train,persistence,2,Sorrel 2,overall,2730,0.013979116743403536,0.010438103869620805,0.013979116743403536,0.010438103869620805,0.0
train,persistence,2,Other,overall,2730,0.012274544370795412,0.009074785396973846,0.012274544370795412,0.009074785396973846,0.0
train,persistence,2,overall,overall,2730,0.01471541352134696,0.01075473866988318,0.01471541352134696,0.01075473866988318,0.0
train,persistence,2,Menard 1,endemic,1365,0.02158052020668344,0.016065385861304227,0.02158052020668344,0.016065385861304227,0.0
train,persistence,2,Menard 2,endemic,1365,0.014456167241465348,0.01084762497161419,0.014456167241465348,0.01084762497161419,0.0
train,persistence,2,Sorrel 0,endemic,1365,0.012133226644210718,0.009168170503283989,0.012133226644210718,0.009168170503283989,0.0
train,persistence,2,Sorrel 1,endemic,1365,0.017453440342842186,0.01330481423338566,0.017453440342842186,0.01330481423338566,0.0
train,persistence,2,Sorrel 2,endemic,1365,0.014141214632729052,0.01065281306812971,0.014141214632729052,0.01065281306812971,0.0
train,persistence,2,Other,endemic,1365,0.012198039841395208,0.009087589209169756,0.012198039841395208,0.009087589209169756,0.0
train,persistence,2,overall,endemic,1365,0.015680686207170055,0.011521066307814588,0.015680686207170055,0.011521066307814588,0.0
train,persistence,2,Menard 1,outbreak,1365,0.015986613732136907,0.012011462460442055,0.015986613732136907,0.012011462460442055,0.0
train,persistence,2,Menard 2,outbreak,1365,0.013267685896245083,0.009889714957100402,0.013267685896245083,0.009889714957100402,0.0
train,persistence,2,Sorrel 0,outbreak,1365,0.01202303558861396,0.008708852340361017,0.01202303558861396,0.008708852340361017,0.0
train,persistence,2,Sorrel 1,outbreak,1365,0.014271172609353424,0.01003506017791732,0.014271172609353424,0.01003506017791732,0.0
train,persistence,2,Sorrel 2,outbreak,1365,0.013815117030358448,0.010223394671111902,0.013815117030358448,0.010223394671111902,0.0
train,persistence,2,Other,outbreak,1365,0.012350575008840107,0.009061981584777936,0.012350575008840107,0.009061981584777936,0.0
train,persistence,2,overall,outbreak,1365,0.01368220999256877,0.009988411031951774,0.01368220999256877,0.009988411031951774,0.0
train,persistence,3,Menard 1,overall,2730,0.026147278739627296,0.020095985647006053,0.026147278739627296,0.020095985647006053,0.0
train,persistence,3,Menard 2,overall,2730,0.018848350380942375,0.014744330242982532,0.018848350380942375,0.014744330242982532,0.0
train,persistence,3,Sorrel 0,overall,2730,0.01614148657403434,0.012456657717004846,0.01614148657403434,0.012456657717004846,0.0
train,persistence,3,Sorrel 1,overall,2730,0.020988977170583248,0.015962192569335426,0.020988977170583248,0.015962192569335426,0.0
train,persistence,3,Sorrel 2,overall,2730,0.01881038481103373,0.014616625397185045,0.01881038481103373,0.014616625397185045,0.0
train,persistence,3,Other,overall,2730,0.016479946506213004,0.012877294944164243,0.016479946506213004,0.012877294944164243,0.0
train,persistence,3,overall,overall,2730,0.019855496563270764,0.015125514419613026,0.019855496563270764,0.015125514419613026,0.0
train,persistence,3,Menard 1,endemic,1365,0.029498543865007307,0.022494331065759637,0.029498543865007307,0.022494331065759637,0.0
train,persistence,3,Menard 2,endemic,1365,0.019305741131792724,0.014971317990185914,0.019305741131792724,0.014971317990185914,0.0
train,persistence,3,Sorrel 0,endemic,1365,0.015722777705912298,0.012096421602429611,0.015722777705912298,0.012096421602429611,0.0
train,persistence,3,Sorrel 1,endemic,1365,0.022515815544079474,0.017547880690737833,0.022515815544079474,0.017547880690737833,0.0
train,persistence,3,Sorrel 2,endemic,1365,0.018596339736244118,0.014290569518846396,0.018596339736244118,0.014290569518846396,0.0
train,persistence,3,Other,endemic,1365,0.01616035555588601,0.012658850774352293,0.01616035555588601,0.012658850774352293,0.0
train,persistence,3,overall,endemic,1365,0.02083276410883653,0.015676561940385282,0.02083276410883653,0.015676561940385282,0.0
train,persistence,3,Menard 1,outbreak,1365,0.022297898574075787,0.017697640228252473,0.022297898574075787,0.017697640228252473,0.0
train,persistence,3,Menard 2,outbreak,1365,0.018379580613217147,0.014517342495779155,0.018379580613217147,0.014517342495779155,0.0
train,persistence,3,Sorrel 0,outbreak,1365,0.016549605398616885,0.01281689383158008,0.016549605398616885,0.01281689383158008,0.0
train,persistence,3,Sorrel 1,outbreak,1365,0.01934198479266072,0.014376504447933019,0.01934198479266072,0.014376504447933019,0.0
train,persistence,3,Sorrel 2,outbreak,1365,0.019022021498582235,0.01494268127552369,0.019022021498582235,0.01494268127552369,0.0
train,persistence,3,Other,outbreak,1365,0.016793456523379234,0.013095739113976195,0.016793456523379234,0.013095739113976195,0.0
train,persistence,3,overall,outbreak,1365,0.018827570930252436,0.014574466898840769,0.018827570930252436,0.014574466898840769,0.0
train,persistence,4,Menard 1,overall,2730,0.03285414689007717,0.02589469487428671,0.03285414689007717,0.02589469487428671,0.0
train,persistence,4,Menard 2,overall,2730,0.023409175201288025,0.01877955826742889,0.023409175201288025,0.01877955826742889,0.0
train,persistence,4,Sorrel 0,overall,2730,0.019940531007145153,0.01578955090303555,0.019940531007145153,0.01578955090303555,0.0
train,persistence,4,Sorrel 1,overall,2730,0.02537133118431392,0.01987349555206698,0.02537133118431392,0.01987349555206698,0.0
train,persistence,4,Sorrel 2,overall,2730,0.023285064661513328,0.018604605997831328,0.023285064661513328,0.018604605997831328,0.0
train,persistence,4,Other,overall,2730,0.020467401935108227,0.016443880334457844,0.020467401935108227,0.016443880334457844,0.0
train,persistence,4,overall,overall,2730,0.024596146217969975,0.01923096432151788,0.024596146217969975,0.01923096432151788,0.0
train,persistence,4,Menard 1,endemic,1365,0.036916480587985794,0.028678477984600437,0.036916480587985794,0.028678477984600437,0.0
train,persistence,4,Menard 2,endemic,1365,0.023517024776007252,0.018424019825637072,0.023517024776007252,0.018424019825637072,0.0
train,persistence,4,Sorrel 0,endemic,1365,0.018831959146758934,0.01467275048049414,0.018831959146758934,0.01467275048049414,0.0
train,persistence,4,Sorrel 1,endemic,1365,0.02672709266354359,0.02122710622710623,0.02672709266354359,0.02122710622710623,0.0
train,persistence,4,Sorrel 2,endemic,1365,0.02271388387702752,0.01774469026309969,0.02271388387702752,0.01774469026309969,0.0
train,persistence,4,Other,endemic,1365,0.019876445582801563,0.015909683022145026,0.019876445582801563,0.015909683022145026,0.0
train,persistence,4,overall,endemic,1365,0.025481531778441934,0.019442787967180433,0.025481531778441934,0.019442787967180433,0.0
train,persistence,4,Menard 1,outbreak,1365,0.028212823267911417,0.023110911763972987,0.028212823267911417,0.023110911763972987,0.0
train,persistence,4,Menard 2,outbreak,1365,0.02330082644229293,0.0191350967092207,0.02330082644229293,0.0191350967092207,0.0
train,persistence,4,Sorrel 0,outbreak,1365,0.020990637636542558,0.016906351325576958,0.020990637636542558,0.016906351325576958,0.0
train,persistence,4,Sorrel 1,outbreak,1365,0.0239389099560242,0.018519884877027732,0.0239389099560242,0.018519884877027732,0.0
train,persistence,4,Sorrel 2,outbreak,1365,0.02384256596515196,0.019464521732562967,0.02384256596515196,0.019464521732562967,0.0
train,persistence,4,Other,outbreak,1365,0.021041767866328914,0.016978077646770656,0.021041767866328914,0.016978077646770656,0.0
train,persistence,4,overall,outbreak,1365,0.023677676317066486,0.019019140675855334,0.023677676317066486,0.019019140675855334,0.0
train,training_mean,1,Menard 1,overall,2730,0.09968382959579664,0.08611329911347065,0.09968382959579664,0.08611329911347065,-8.170313952425102
train,training_mean,1,Menard 2,overall,2730,0.09415009359154042,0.08213894556371196,0.09415009359154042,0.08213894556371196,-10.636826668422152
train,training_mean,1,Sorrel 0,overall,2730,0.08782632331794507,0.07863854480205687,0.08782632331794507,0.07863854480205687,-11.179514070496015
train,training_mean,1,Sorrel 1,overall,2730,0.1970494967527399,0.18119950016636696,0.1970494967527399,0.18119950016636696,-19.359227112707224
train,training_mean,1,Sorrel 2,overall,2730,0.11783476545405519,0.10426458442596886,0.11783476545405519,0.10426458442596886,-13.241114330615924
train,training_mean,1,Other,overall,2730,0.04078823133237661,0.033399842798938865,0.04078823133237661,0.033399842798938865,-4.608419948345342
train,training_mean,1,overall,overall,2730,0.11611186058357086,0.09429245281175237,0.11611186058357086,0.09429245281175237,-12.397741508270505
train,training_mean,1,Menard 1,endemic,1365,0.10560069180230927,0.08438039203122359,0.10560069180230927,0.08438039203122359,-7.494043573210698
train,training_mean,1,Menard 2,endemic,1365,0.10052099838238834,0.08098379057200158,0.10052099838238834,0.08098379057200158,-10.736753843296889
train,training_mean,1,Sorrel 0,endemic,1365,0.09218487479398296,0.07756012445716419,0.09218487479398296,0.07756012445716419,-11.36881986594305
train,training_mean,1,Sorrel 1,endemic,1365,0.2104688230191953,0.18205373915133716,0.2104688230191953,0.18205373915133716,-18.41157444999216
train,training_mean,1,Sorrel 2,endemic,1365,0.1258312208838836,0.10268494875764307,0.1258312208838836,0.10268494875764307,-13.481962702263118
train,training_mean,1,Other,endemic,1365,0.042879272771321676,0.032950396525221734,0.042879272771321676,0.032950396525221734,-4.813982610497594
train,training_mean,1,overall,endemic,1365,0.12364147228398745,0.09343556524909856,0.12364147228398745,0.09343556524909856,-12.144046955005518
train,training_mean,1,Menard 1,outbreak,1365,0.09339285656109536,0.0878462061957177,0.09339285656109536,0.0878462061957177,-9.3284471029585
train,training_mean,1,Menard 2,outbreak,1365,0.08731557209799132,0.08329410055542232,0.08731557209799132,0.08329410055542232,-10.50823811253024
train,training_mean,1,Sorrel 0,outbreak,1365,0.08323986421369349,0.07971696514694955,0.08323986421369349,0.07971696514694955,-10.958787999346278
train,training_mean,1,Sorrel 1,outbreak,1365,0.18264688028523987,0.1803452611813968,0.18264688028523987,0.1803452611813968,-20.862765430873136
train,training_mean,1,Sorrel 2,outbreak,1365,0.10925460059006986,0.10584422009429469,0.10925460059006986,0.10584422009429469,-12.939426581890732
train,training_mean,1,Other,outbreak,1365,0.038584032928784526,0.03384928907265599,0.038584032928784526,0.03384928907265599,-4.382297745910693
train,training_mean,1,overall,outbreak,1365,0.10805884816989841,0.09514934037440617,0.10805884816989841,0.09514934037440617,-12.75322087536537
train,training_mean,2,Menard 1,overall,2730,0.10061776679927684,0.0859910381735112,0.10061776679927684,0.0859910381735112,-4.298275221930785
train,training_mean,2,Menard 2,overall,2730,0.09380266704325979,0.08122498844032763,0.09380266704325979,0.08122498844032763,-5.760719300246192
train,training_mean,2,Sorrel 0,overall,2730,0.08681797138967821,0.07742353111865397,0.08681797138967821,0.07742353111865397,-6.187955430095118
train,training_mean,2,Sorrel 1,overall,2730,0.19514066017958798,0.17919820089207852,0.19514066017958798,0.17919820089207852,-11.240733270736593
train,training_mean,2,Sorrel 2,overall,2730,0.1169794020735055,0.10304829639268598,0.1169794020735055,0.10304829639268598,-7.368154027235356
train,training_mean,2,Other,overall,2730,0.04071394160366189,0.03288421040616404,0.04071394160366189,0.03288421040616404,-2.3169411730289386
train,training_mean,2,overall,overall,2730,0.11538480424361779,0.09329504423723688,0.11538480424361779,0.09329504423723688,-6.841084729031532
train,training_mean,2,Menard 1,endemic,1365,0.11140525983898765,0.08963296576261741,0.11140525983898765,0.08963296576261741,-4.162306504756344
train,training_mean,2,Menard 2,endemic,1365,0.10336488946709269,0.08376013312229139,0.10336488946709269,0.08376013312229139,-6.150227839825067
train,training_mean,2,Sorrel 0,endemic,1365,0.09347048018852223,0.07909126171436759,0.09347048018852223,0.07909126171436759,-6.703678743454529
train,training_mean,2,Sorrel 1,endemic,1365,0.21054539692115914,0.18249514897534003,0.21054539692115914,0.18249514897534003,-11.063260468157829
train,training_mean,2,Sorrel 2,endemic,1365,0.12795124187174203,0.10498965554273988,0.12795124187174203,0.10498965554273988,-8.048108326961252
train,training_mean,2,Other,endemic,1365,0.045020605728518424,0.03466972816716063,0.045020605728518424,0.03466972816716063,-2.6908065815408078
train,training_mean,2,overall,endemic,1365,0.1255387737994267,0.09577314888075282,0.1255387737994267,0.09577314888075282,-7.0059489834076025
train,training_mean,2,Menard 1,outbreak,1365,0.0885253527050582,0.08234911058440499,0.0885253527050582,0.08234911058440499,-4.53746742045197
train,training_mean,2,Menard 2,outbreak,1365,0.08314794233360813,0.07868984375836385,0.08314794233360813,0.07868984375836385,-5.266951372216312
train,training_mean,2,Sorrel 0,outbreak,1365,0.07961149192023123,0.07575580052294036,0.07961149192023123,0.07575580052294036,-5.621579993959663
train,training_mean,2,Sorrel 1,outbreak,1365,0.17841073495157858,0.175901252808817,0.17841073495157858,0.175901252808817,-11.501476916805489
train,training_mean,2,Sorrel 2,outbreak,1365,0.10486582247056804,0.10110693724263205,0.10486582247056804,0.10110693724263205,-6.590657555786712
train,training_mean,2,Other,outbreak,1365,0.035894221563506204,0.031098692645167448,0.035894221563506204,0.031098692645167448,-1.906279386815139
train,training_mean,2,overall,outbreak,1365,0.10424645017271508,0.09081693959372095,0.10424645017271508,0.09081693959372095,-6.619123681724996
train,training_mean,3,Menard 1,overall,2730,0.1015554718425582,0.08581944328402914,0.1015554718425582,0.08581944328402914,-2.8839786294336864
train,training_mean,3,Menard 2,overall,2730,0.0934613575187148,0.08025623436187679,0.0934613575187148,0.08025623436187679,-3.958596143947635
train,training_mean,3,Sorrel 0,overall,2730,0.08593978119690333,0.0762900127700253,0.08593978119690333,0.0762900127700253,-4.324155294045131
train,training_mean,3,Sorrel 1,overall,2730,0.1931367219119935,0.17706562888891828,0.1931367219119935,0.17706562888891828,-8.20181676040322
train,training_mean,3,Sorrel 2,overall,2730,0.11635352988400836,0.10197811838756901,0.11635352988400836,0.10197811838756901,-5.185600722838914
train,training_mean,3,Other,overall,2730,0.04096500344349278,0.03262356034300565,0.04096500344349278,0.03262356034300565,-1.4857485689075998
train,training_mean,3,overall,overall,2730,0.11471141615454132,0.09233883300590402,0.11471141615454132,0.09233883300590402,-4.777312886082013
train,training_mean,3,Menard 1,endemic,1365,0.11675453147400963,0.09470613600402637,0.11675453147400963,0.09470613600402637,-2.9579760956441605
train,training_mean,3,Menard 2,endemic,1365,0.10594147874826701,0.08633599904817651,0.10594147874826701,0.08633599904817651,-4.487563415724166
train,training_mean,3,Sorrel 0,endemic,1365,0.09484288457954372,0.0807292847644695,0.09484288457954372,0.0807292847644695,-5.032196495653537
train,training_mean,3,Sorrel 1,endemic,1365,0.2102851363164986,0.18253795891983063,0.2102851363164986,0.18253795891983063,-8.339441243192853
train,training_mean,3,Sorrel 2,endemic,1365,0.13019173508270296,0.10744075251791449,0.13019173508270296,0.10744075251791449,-6.0009333518982935
train,training_mean,3,Other,endemic,1365,0.047218231391131044,0.036503932038094,0.047218231391131044,0.036503932038094,-1.9218559720323092
train,training_mean,3,overall,endemic,1365,0.12731174213301064,0.09804234388208524,0.12731174213301064,0.09804234388208524,-5.111130595435939
train,training_mean,3,Menard 1,outbreak,1365,0.08363855033783019,0.07693275056403191,0.08363855033783019,0.07693275056403191,-2.750961107836005
train,training_mean,3,Menard 2,outbreak,1365,0.07903451005170174,0.07417646967557708,0.07903451005170174,0.07417646967557708,-3.30012586875167
train,training_mean,3,Sorrel 0,outbreak,1365,0.07600078439710072,0.07185074077558108,0.07600078439710072,0.07185074077558108,-3.5923019048812126
train,training_mean,3,Sorrel 1,outbreak,1365,0.1743093461239902,0.17159329885800592,0.1743093461239902,0.17159329885800592,-8.011967902597647
train,training_mean,3,Sorrel 2,outbreak,1365,0.10063001515001846,0.09651548425722355,0.10063001515001846,0.09651548425722355,-4.290185123464333
train,training_mean,3,Other,outbreak,1365,0.033566376607318774,0.028743188647917296,0.033566376607318774,0.028743188647917296,-0.9987771165863857
train,training_mean,3,overall,outbreak,1365,0.10054421071060499,0.0866353221297228,0.10054421071060499,0.0866353221297228,-4.340264608911868
train,training_mean,4,Menard 1,overall,2730,0.10263011939017821,0.08573905864456371,0.10263011939017821,0.08573905864456371,-2.123810206777131
train,training_mean,4,Menard 2,overall,2730,0.09321238825763625,0.07931686545652901,0.09321238825763625,0.07931686545652901,-2.9818740923647535
train,training_mean,4,Sorrel 0,overall,2730,0.08517137160868603,0.07513168890848931,0.08517137160868603,0.07513168890848931,-3.271268983667845
train,training_mean,4,Sorrel 1,overall,2730,0.19109987872124942,0.17490806549726123,0.19109987872124942,0.17490806549726123,-6.5321187261706966
train,training_mean,4,Sorrel 2,overall,2730,0.11582135844856854,0.10095765809061456,0.11582135844856854,0.10095765809061456,-3.974062135202211
train,training_mean,4,Other,overall,2730,0.041597391082040726,0.03267847424216354,0.041597391082040726,0.03267847424216354,-1.0323728050059797
train,training_mean,4,overall,overall,2730,0.11411963527910796,0.09145530180660356,0.11411963527910796,0.09145530180660356,-3.6397364151190486
train,training_mean,4,Menard 1,endemic,1365,0.12182681826347569,0.09969363164767016,0.12182681826347569,0.09969363164767016,-2.300065887188698
train,training_mean,4,Menard 2,endemic,1365,0.10843703224022738,0.08890547137370215,0.10843703224022738,0.08890547137370215,-3.611001318111378
train,training_mean,4,Sorrel 0,endemic,1365,0.09625581446615206,0.08232321253447518,0.09625581446615206,0.08232321253447518,-4.1113011511985
train,training_mean,4,Sorrel 1,endemic,1365,0.2098568750374537,0.18243005348659505,0.2098568750374537,0.18243005348659505,-6.851840740003257
train,training_mean,4,Sorrel 2,endemic,1365,0.1323443126960745,0.1098584023315123,0.1323443126960745,0.1098584023315123,-4.826582253065295
train,training_mean,4,Other,endemic,1365,0.049555596135050055,0.03851531821519745,0.049555596135050055,0.03851531821519745,-1.4931819891343596
train,training_mean,4,overall,endemic,1365,0.12901952542128028,0.10028768159819205,0.12901952542128028,0.10028768159819205,-4.063256265089773
train,training_mean,4,Menard 1,outbreak,1365,0.07889302354379975,0.07178448564145727,0.07889302354379975,0.07178448564145727,-1.796353374301634
train,training_mean,4,Menard 2,outbreak,1365,0.07495671209649296,0.06972825953935585,0.07495671209649296,0.06972825953935585,-2.2169121675633066
train,training_mean,4,Sorrel 0,outbreak,1365,0.07240955230401228,0.06794016528250343,0.07240955230401228,0.06794016528250343,-2.44961184875845
train,training_mean,4,Sorrel 1,outbreak,1365,0.17028922248359413,0.16738607750792742,0.17028922248359413,0.16738607750792742,-6.1134910819421435
train,training_mean,4,Sorrel 2,outbreak,1365,0.09650988054467405,0.09205691384971684,0.09650988054467405,0.09205691384971684,-3.047797568673265
train,training_mean,4,Other,outbreak,1365,0.03170061168754154,0.026841630269129627,0.03170061168754154,0.026841630269129627,-0.5065564779976939
train,training_mean,4,overall,outbreak,1365,0.09695640449470502,0.08262292201501506,0.09695640449470502,0.08262292201501506,-3.0948445783432055
val,edmd_D3,1,Menard 1,overall,572,0.00909168773934652,0.006813119247933699,0.00909168773934652,0.006813119247933699,0.17034775889882892
val,edmd_D3,1,Menard 2,overall,572,0.006834959187541148,0.005340320695002369,0.006834959187541148,0.005340320695002369,0.15101136989148833
val,edmd_D3,1,Sorrel 0,overall,572,0.006427871569825429,0.00513651794203905,0.006427871569825429,0.00513651794203905,0.09020185425403437
val,edmd_D3,1,Sorrel 1,overall,572,0.00865954730207545,0.00639763898383244,0.00865954730207545,0.00639763898383244,0.06749727298961783
val,edmd_D3,1,Sorrel 2,overall,572,0.007504140042774706,0.005856904541534569,0.007504140042774706,0.005856904541534569,0.08114358717237702
val,edmd_D3,1,Other,overall,572,0.00595594784703488,0.004763948826517409,0.00595594784703488,0.004763948826517409,0.14022666594464828
val,edmd_D3,1,overall,overall,572,0.007499624190344068,0.005718075039476589,0.007499624190344068,0.005718075039476589,0.11996114175765749
val,edmd_D3,1,Menard 1,endemic,286,0.01100750290663692,0.008380216274630606,0.01100750290663692,0.008380216274630606,0.15312312283965002
val,edmd_D3,1,Menard 2,endemic,286,0.007325270046472669,0.005746134763768433,0.007325270046472669,0.005746134763768433,0.08634074031267147
val,edmd_D3,1,Sorrel 0,endemic,286,0.006992915650423157,0.0056519524429030025,0.006992915650423157,0.0056519524429030025,0.0321711412275123
val,edmd_D3,1,Sorrel 1,endemic,286,0.010178398439084354,0.007561242122494818,0.010178398439084354,0.007561242122494818,0.011412669937704178
val,edmd_D3,1,Sorrel 2,endemic,286,0.008634566601664685,0.00655580468770681,0.008634566601664685,0.00655580468770681,0.02322290417992423
val,edmd_D3,1,Other,endemic,286,0.006136197995379228,0.004827639678374368,0.006136197995379228,0.004827639678374368,0.10612982333732146
val,edmd_D3,1,overall,endemic,286,0.008558952737817257,0.0064538316616463386,0.008558952737817257,0.0064538316616463386,0.07769115091171674
val,edmd_D3,1,Menard 1,outbreak,286,0.006644731120214534,0.005246022221236793,0.006644731120214534,0.005246022221236793,0.21270453738771467
val,edmd_D3,1,Menard 2,outbreak,286,0.006306643555565561,0.004934506626236305,0.006306643555565561,0.004934506626236305,0.219838933499524
val,edmd_D3,1,Sorrel 0,outbreak,286,0.005808114714983419,0.004621083441175099,0.005808114714983419,0.004621083441175099,0.15839584811232976
val,edmd_D3,1,Sorrel 1,outbreak,286,0.006809972405891933,0.005234035845170063,0.006809972405891933,0.005234035845170063,0.16470041795865475
val,edmd_D3,1,Sorrel 2,outbreak,286,0.00616996719315154,0.00515800439536233,0.00616996719315154,0.00515800439536233,0.1699341979713771
val,edmd_D3,1,Other,outbreak,286,0.005770069642101627,0.004700257974660448,0.005770069642101627,0.004700257974660448,0.17445181060430937
val,edmd_D3,1,overall,outbreak,286,0.00626362946099131,0.00498231841730684,0.00626362946099131,0.00498231841730684,0.1854380213346567
val,edmd_D3,2,Menard 1,overall,572,0.01438911112757194,0.01110046708161893,0.01438911112757194,0.01110046708161893,0.23475334127260072
val,edmd_D3,2,Menard 2,overall,572,0.010508676493837039,0.008149381269374461,0.010508676493837039,0.008149381269374461,0.22432568452722557
val,edmd_D3,2,Sorrel 0,overall,572,0.0102757091046332,0.008205206835094377,0.0102757091046332,0.008205206835094377,0.1261361236783587
val,edmd_D3,2,Sorrel 1,overall,572,0.013350854014614753,0.010253073765732371,0.013350854014614753,0.010253073765732371,0.10791257616671912
val,edmd_D3,2,Sorrel 2,overall,572,0.011882313528154583,0.009325773635535595,0.011882313528154583,0.009325773635535595,0.12400072701832443
val,edmd_D3,2,Other,overall,572,0.00906067484218607,0.007332736727680539,0.00906067484218607,0.007332736727680539,0.21143468224714468
val,edmd_D3,2,overall,overall,572,0.01172319285713526,0.009061106552506045,0.01172319285713526,0.009061106552506045,0.1763019508578172
val,edmd_D3,2,Menard 1,endemic,286,0.01722046887860414,0.01379487448695836,0.01722046887860414,0.01379487448695836,0.21378866210292047
val,edmd_D3,2,Menard 2,endemic,286,0.0116094844427677,0.009202062404818911,0.0116094844427677,0.009202062404818911,0.13415521378435002
val,edmd_D3,2,Sorrel 0,endemic,286,0.011274750674872533,0.009182388837882038,0.011274750674872533,0.009182388837882038,0.04392401603953333
val,edmd_D3,2,Sorrel 1,endemic,286,0.015533122523468803,0.0120731662866197,0.015533122523468803,0.0120731662866197,0.02372339111367483
val,edmd_D3,2,Sorrel 2,endemic,286,0.013935483861483213,0.011131239698099182,0.013935483861483213,0.011131239698099182,0.030290227004299286
val,edmd_D3,2,Other,endemic,286,0.009373932249637158,0.007613517827978884,0.009373932249637158,0.007613517827978884,0.16084585615683644
val,edmd_D3,2,overall,endemic,286,0.01342752702355574,0.010499541590392843,0.01342752702355574,0.010499541590392843,0.11559073668974695
val,edmd_D3,2,Menard 1,outbreak,286,0.010841978125981233,0.008406059676279496,0.010841978125981233,0.008406059676279496,0.28098970331912543
val,edmd_D3,2,Menard 2,outbreak,286,0.009278169769808104,0.007096700133930013,0.009278169769808104,0.007096700133930013,0.3220632574095049
val,edmd_D3,2,Sorrel 0,outbreak,286,0.009168445474863484,0.007228024832306715,0.009168445474863484,0.007228024832306715,0.2180456275725482
val,edmd_D3,2,Sorrel 1,outbreak,286,0.01073371839159272,0.00843298124484504,0.01073371839159272,0.00843298124484504,0.23096262939659784
val,edmd_D3,2,Sorrel 2,outbreak,286,0.009390475978834712,0.0075203075729720105,0.009390475978834712,0.0075203075729720105,0.2609840867817902
val,edmd_D3,2,Other,outbreak,286,0.008736192040635303,0.007051955627382197,0.008736192040635303,0.007051955627382197,0.2596960604728793
val,edmd_D3,2,overall,outbreak,286,0.009724608967092442,0.007622671514619246,0.009724608967092442,0.007622671514619246,0.26407697678635966
val,edmd_D3,3,Menard 1,overall,572,0.01834648131465836,0.01439109731795223,0.01834648131465836,0.01439109731795223,0.2834248866777317
val,edmd_D3,3,Menard 2,overall,572,0.01299452018819621,0.010312342819377955,0.01299452018819621,0.010312342819377955,0.28619393293698014
val,edmd_D3,3,Sorrel 0,overall,572,0.013068892404720598,0.010431493622884435,0.013068892404720598,0.010431493622884435,0.15995947513706266
val,edmd_D3,3,Sorrel 1,overall,572,0.017093901664159434,0.013213482120121706,0.017093901664159434,0.013213482120121706,0.1408675017636536
val,edmd_D3,3,Sorrel 2,overall,572,0.015436609376667855,0.012134246182824233,0.015436609376667855,0.012134246182824233,0.15615679893864676
val,edmd_D3,3,Other,overall,572,0.011246541112231025,0.008922263384197169,0.011246541112231025,0.008922263384197169,0.2733124331339556
val,edmd_D3,3,overall,overall,572,0.014906497187343042,0.011567487574559622,0.014906497187343042,0.011567487574559622,0.2213557623778838
val,edmd_D3,3,Menard 1,endemic,286,0.021543787154250482,0.017224858421516786,0.021543787154250482,0.017224858421516786,0.26459295927748605
val,edmd_D3,3,Menard 2,endemic,286,0.014602724095208424,0.01165212513919223,0.014602724095208424,0.01165212513919223,0.17896238597269942
val,edmd_D3,3,Sorrel 0,endemic,286,0.014577303880359188,0.011939716648561815,0.014577303880359188,0.011939716648561815,0.05429376223227733
val,edmd_D3,3,Sorrel 1,endemic,286,0.019893452758596882,0.015799110029850155,0.019893452758596882,0.015799110029850155,0.03638388338100407
val,edmd_D3,3,Sorrel 2,endemic,286,0.018417005586709678,0.014792003673732203,0.018417005586709678,0.014792003673732203,0.03609087931116772
val,edmd_D3,3,Other,endemic,286,0.011889166512713196,0.009426219020433065,0.011889166512713196,0.009426219020433065,0.21042287263421855
val,edmd_D3,3,overall,endemic,286,0.017156922520153033,0.013472338822214375,0.017156922520153033,0.013472338822214375,0.1474869094928951
val,edmd_D3,3,Menard 1,outbreak,286,0.014458630236317983,0.011557336214387677,0.014458630236317983,0.011557336214387677,0.32054559982068276
val,edmd_D3,3,Menard 2,outbreak,286,0.011156861513978608,0.00897256049956368,0.011156861513978608,0.00897256049956368,0.400619500682698
val,edmd_D3,3,Sorrel 0,outbreak,286,0.011361958851887838,0.008923270597207057,0.011361958851887838,0.008923270597207057,0.27628085741324593
val,edmd_D3,3,Sorrel 1,outbreak,286,0.013735118694404478,0.010627854210393257,0.013735118694404478,0.010627854210393257,0.2816204768129763
val,edmd_D3,3,Sorrel 2,outbreak,286,0.011721421556908723,0.009476488691916266,0.011721421556908723,0.009476488691916266,0.32797619360173347
val,edmd_D3,3,Other,outbreak,286,0.010564899129247969,0.008418307747961274,0.010564899129247969,0.008418307747961274,0.33488067146612055
val,edmd_D3,3,overall,outbreak,286,0.012249380654955486,0.009662636326904868,0.012249380654955486,0.009662636326904868,0.3236186840186396
val,edmd_D3,4,Menard 1,overall,572,0.02165824424351696,0.017315369647421416,0.02165824424351696,0.017315369647421416,0.31917391313876675
val,edmd_D3,4,Menard 2,overall,572,0.015235928418094484,0.012063977142837749,0.015235928418094484,0.012063977142837749,0.3285908658667871
val,edmd_D3,4,Sorrel 0,overall,572,0.015288984340614768,0.01207567833129554,0.015288984340614768,0.01207567833129554,0.1938749236997872
val,edmd_D3,4,Sorrel 1,overall,572,0.02028241023612093,0.015698568939035176,0.02028241023612093,0.015698568939035176,0.17002492264424074
val,edmd_D3,4,Sorrel 2,overall,572,0.018510539567379733,0.014619591834583353,0.018510539567379733,0.014619591834583353,0.18236555935735
val,edmd_D3,4,Other,overall,572,0.013089445928035091,0.010585682864825797,0.013089445928035091,0.010585682864825797,0.323324482309174
val,edmd_D3,4,overall,overall,572,0.01760831212526954,0.013726478126666506,0.01760831212526954,0.013726478126666506,0.25707729382483047
val,edmd_D3,4,Menard 1,endemic,286,0.02510758821650975,0.020699264840807842,0.02510758821650975,0.020699264840807842,0.3036154582602334
val,edmd_D3,4,Menard 2,endemic,286,0.01726094751607217,0.013844484168531917,0.01726094751607217,0.013844484168531917,0.21363788954374852
val,edmd_D3,4,Sorrel 0,endemic,286,0.017093096081735103,0.013955754326931613,0.017093096081735103,0.013955754326931613,0.06717402068458789
val,edmd_D3,4,Sorrel 1,endemic,286,0.023871521482733436,0.019009140033407198,0.023871521482733436,0.019009140033407198,0.04793065646971695
val,edmd_D3,4,Sorrel 2,endemic,286,0.022437212407750214,0.018243815257733425,0.022437212407750214,0.018243815257733425,0.04001488218634375
val,edmd_D3,4,Other,endemic,286,0.013735475207446193,0.011198798939646983,0.013735475207446193,0.011198798939646983,0.25992285322680675
val,edmd_D3,4,overall,endemic,286,0.020340626615091117,0.016158542927843165,0.020340626615091117,0.016158542927843165,0.1738197783925387
val,edmd_D3,4,Menard 1,outbreak,286,0.017543320705438053,0.013931474454034991,0.017543320705438053,0.013931474454034991,0.34803679256134445
val,edmd_D3,4,Menard 2,outbreak,286,0.012896771703414779,0.010283470117143582,0.012896771703414779,0.010283470117143582,0.44911579319821526
val,edmd_D3,4,Sorrel 0,outbreak,286,0.013241304719539505,0.010195602335659467,0.013241304719539505,0.010195602335659467,0.3239753447131726
val,edmd_D3,4,Sorrel 1,outbreak,286,0.015902917721978,0.012387997844663157,0.015902917721978,0.012387997844663157,0.3313732441231133
val,edmd_D3,4,Sorrel 2,outbreak,286,0.01348523820777969,0.010995368411433278,0.01348523820777969,0.010995368411433278,0.383708235726981
val,edmd_D3,4,Other,outbreak,286,0.012409831192709267,0.009972566790004607,0.012409831192709267,0.009972566790004607,0.38251602736757007
val,edmd_D3,4,overall,outbreak,286,0.014365382720529086,0.011294413325489847,0.014365382720529086,0.011294413325489847,0.36843389450516706
val,persistence,1,Menard 1,overall,572,0.010958432086291254,0.007740830597973456,0.010958432086291254,0.007740830597973456,0.0
val,persistence,1,Menard 2,overall,572,0.008050707565621406,0.005657549997172639,0.008050707565621406,0.005657549997172639,0.0
val,persistence,1,Sorrel 0,overall,572,0.007065162310871782,0.004995938640798454,0.007065162310871782,0.004995938640798454,0.0
val,persistence,1,Sorrel 1,overall,572,0.009286350646756916,0.006194430569430569,0.009286350646756916,0.006194430569430569,0.0
val,persistence,1,Sorrel 2,overall,572,0.008166825564923689,0.005644870593324201,0.008166825564923689,0.005644870593324201,0.0
val,persistence,1,Other,overall,572,0.00692734655882156,0.004350436797245309,0.00692734655882156,0.004350436797245309,0.0
val,persistence,1,overall,overall,572,0.00852192391290845,0.005764009532657437,0.00852192391290845,0.005764009532657437,0.0
val,persistence,1,Menard 1,endemic,286,0.01299776059956438,0.009773084058798346,0.01299776059956438,0.009773084058798346,0.0
val,persistence,1,Menard 2,endemic,286,0.008017507586996398,0.0058111699621133574,0.008017507586996398,0.0058111699621133574,0.0
val,persistence,1,Sorrel 0,endemic,286,0.007225363851303608,0.005446889559039092,0.007225363851303608,0.005446889559039092,0.0
val,persistence,1,Sorrel 1,endemic,286,0.010295902172287564,0.007425074925074922,0.010295902172287564,0.007425074925074922,0.0
val,persistence,1,Sorrel 2,endemic,286,0.008839853676559989,0.006473938432701318,0.008839853676559989,0.006473938432701318,0.0
val,persistence,1,Other,endemic,286,0.0068647530207228925,0.004476374689140647,0.0068647530207228925,0.004476374689140647,0.0
val,persistence,1,overall,endemic,286,0.009279920436931637,0.006567755271144614,0.009279920436931637,0.006567755271144614,0.0
val,persistence,1,Menard 1,outbreak,286,0.00843994591073469,0.005708577137148566,0.00843994591073469,0.005708577137148566,0.0
val,persistence,1,Menard 2,outbreak,286,0.008083771193370252,0.005503930032231918,0.008083771193370252,0.005503930032231918,0.0
val,persistence,1,Sorrel 0,outbreak,286,0.006901242944151533,0.004544987722557816,0.006901242944151533,0.004544987722557816,0.0
val,persistence,1,Sorrel 1,outbreak,286,0.008152730532019896,0.004963786213786214,0.008152730532019896,0.004963786213786214,0.0
val,persistence,1,Sorrel 2,outbreak,286,0.007433106120108274,0.004815802753947084,0.007433106120108274,0.004815802753947084,0.0
val,persistence,1,Other,outbreak,286,0.006989379561628467,0.004224498905349969,0.006989379561628467,0.004224498905349969,0.0
val,persistence,1,overall,outbreak,286,0.007689567675690244,0.004960263794170261,0.007689567675690244,0.004960263794170261,0.0
val,persistence,2,Menard 1,overall,572,0.0188032328706942,0.014240045668617096,0.0188032328706942,0.014240045668617096,0.0
val,persistence,2,Menard 2,overall,572,0.013547794846645126,0.010333063163251843,0.013547794846645126,0.010333063163251843,0.0
val,persistence,2,Sorrel 0,overall,572,0.01175893566843246,0.008973269720933272,0.01175893566843246,0.008973269720933272,0.0
val,persistence,2,Sorrel 1,overall,572,0.014965858342948514,0.010856643356643355,0.014965858342948514,0.010856643356643355,0.0
val,persistence,2,Sorrel 2,overall,572,0.013564296106902294,0.010336055696880439,0.013564296106902294,0.010336055696880439,0.0
val,persistence,2,Other,overall,572,0.011490075252112193,0.008229005037515677,0.011490075252112193,0.008229005037515677,0.0
val,persistence,2,overall,overall,572,0.014232391189154873,0.01049468044064028,0.014232391189154873,0.01049468044064028,0.0
val,persistence,2,Menard 1,endemic,286,0.021903104227248397,0.017410208838780267,0.021903104227248397,0.017410208838780267,0.0
val,persistence,2,Menard 2,endemic,286,0.013408274355394925,0.010322696171752774,0.013408274355394925,0.010322696171752774,0.0
val,persistence,2,Sorrel 0,endemic,286,0.011792734954148518,0.009265500854285904,0.011792734954148518,0.009265500854285904,0.0
val,persistence,2,Sorrel 1,endemic,286,0.015910575324741223,0.012179070929070926,0.015910575324741223,0.012179070929070926,0.0
val,persistence,2,Sorrel 2,endemic,286,0.014370777988998362,0.01128871128871129,0.014370777988998362,0.01128871128871129,0.0
val,persistence,2,Other,endemic,286,0.011170691723818895,0.008274704019384871,0.011170691723818895,0.008274704019384871,0.0
val,persistence,2,overall,endemic,286,0.015182481211580582,0.011456815350331004,0.015182481211580582,0.011456815350331004,0.0
val,persistence,2,Menard 1,outbreak,286,0.015079030406143591,0.011069882498453927,0.015079030406143591,0.011069882498453927,0.0
val,persistence,2,Menard 2,outbreak,286,0.013685893073673608,0.010343430154750909,0.013685893073673608,0.010343430154750909,0.0
val,persistence,2,Sorrel 0,outbreak,286,0.011725038951315686,0.008681038587580642,0.011725038951315686,0.008681038587580642,0.0
val,persistence,2,Sorrel 1,outbreak,286,0.013957343039351687,0.009534215784215783,0.013957343039351687,0.009534215784215783,0.0
val,persistence,2,Sorrel 2,outbreak,286,0.012706730411178545,0.009383400105049589,0.012706730411178545,0.009383400105049589,0.0
val,persistence,2,Other,outbreak,286,0.01180081798053873,0.008183306055646482,0.01180081798053873,0.008183306055646482,0.0
val,persistence,2,overall,outbreak,286,0.013214165966199651,0.009532545530949555,0.013214165966199651,0.009532545530949555,0.0
val,persistence,3,Menard 1,overall,572,0.025603012124714022,0.0199819228390657,0.025603012124714022,0.0199819228390657,0.0
val,persistence,3,Menard 2,overall,572,0.01820455273189624,0.014559497106666916,0.01820455273189624,0.014559497106666916,0.0
val,persistence,3,Sorrel 0,overall,572,0.015557454691668528,0.012345598326906739,0.015557454691668528,0.012345598326906739,0.0
val,persistence,3,Sorrel 1,overall,572,0.01989670010068333,0.01501248751248751,0.01989670010068333,0.01501248751248751,0.0
val,persistence,3,Sorrel 2,overall,572,0.01829322006416866,0.01448448458757737,0.01829322006416866,0.01448448458757737,0.0
val,persistence,3,Other,overall,572,0.01547644630929014,0.01188226666950071,0.01547644630929014,0.01188226666950071,0.0
val,persistence,3,overall,overall,572,0.019144169399963263,0.01471104284036749,0.019144169399963263,0.01471104284036749,0.0
val,persistence,3,Menard 1,endemic,286,0.029295051531032935,0.023708672280100852,0.029295051531032935,0.023708672280100852,0.0
val,persistence,3,Menard 2,endemic,286,0.017785694401478255,0.014020884775601756,0.017785694401478255,0.014020884775601756,0.0
val,persistence,3,Sorrel 0,endemic,286,0.01541419872070206,0.012392280616579683,0.01541419872070206,0.012392280616579683,0.0
val,persistence,3,Sorrel 1,endemic,286,0.02064458285359143,0.016151348651348648,0.02064458285359143,0.016151348651348648,0.0
val,persistence,3,Sorrel 2,endemic,286,0.01910657881683747,0.015162157430198666,0.01910657881683747,0.015162157430198666,0.0
val,persistence,3,Other,endemic,286,0.015057637943969205,0.011654303143664847,0.015057637943969205,0.011654303143664847,0.0
val,persistence,3,overall,endemic,286,0.020125113281190193,0.015514941149582408,0.020125113281190193,0.015514941149582408,0.0
val,persistence,3,Menard 1,outbreak,286,0.02127976540074235,0.01625517339803054,0.02127976540074235,0.01625517339803054,0.0
val,persistence,3,Menard 2,outbreak,286,0.018613988153912818,0.015098109437732082,0.018613988153912818,0.015098109437732082,0.0
val,persistence,3,Sorrel 0,outbreak,286,0.015699403516227776,0.012298916037233794,0.015699403516227776,0.012298916037233794,0.0
val,persistence,3,Sorrel 1,outbreak,286,0.019119585471297825,0.013873626373626373,0.019119585471297825,0.013873626373626373,0.0
val,persistence,3,Sorrel 2,outbreak,286,0.01744197369990516,0.013806811744956073,0.01744197369990516,0.013806811744956073,0.0
val,persistence,3,Other,outbreak,286,0.01588421607373243,0.012110230195336578,0.01588421607373243,0.012110230195336578,0.0
val,persistence,3,overall,outbreak,286,0.01811017005575159,0.013907144531152573,0.01811017005575159,0.013907144531152573,0.0
val,persistence,4,Menard 1,overall,572,0.03181171324290247,0.02510774939346368,0.03181171324290247,0.02510774939346368,0.0
val,persistence,4,Menard 2,overall,572,0.022692465210149428,0.01860733606016625,0.022692465210149428,0.01860733606016625,0.0
val,persistence,4,Sorrel 0,overall,572,0.018966020026054773,0.01526324143146573,0.018966020026054773,0.01526324143146573,0.0
val,persistence,4,Sorrel 1,overall,572,0.024437372626584433,0.018906718281718284,0.024437372626584433,0.018906718281718284,0.0
val,persistence,4,Sorrel 2,overall,572,0.022639138773105853,0.018409425625920475,0.022639138773105853,0.018409425625920475,0.0
val,persistence,4,Other,overall,572,0.019343755737909935,0.01547176228027292,0.019343755737909935,0.01547176228027292,0.0
val,persistence,4,overall,overall,572,0.023701405245672724,0.01862770551216789,0.023701405245672724,0.01862770551216789,0.0
val,persistence,4,Menard 1,endemic,286,0.03605420096457606,0.02918414918414919,0.03605420096457606,0.02918414918414919,0.0
val,persistence,4,Menard 2,endemic,286,0.02195038047555124,0.017611633649369497,0.02195038047555124,0.017611633649369497,0.0
val,persistence,4,Sorrel 0,endemic,286,0.01832399232092516,0.01492246071685324,0.01832399232092516,0.01492246071685324,0.0
val,persistence,4,Sorrel 1,endemic,286,0.025073301272591747,0.019662837162837166,0.025073301272591747,0.019662837162837166,0.0
val,persistence,4,Sorrel 2,endemic,286,0.023372458584410602,0.018810055923457986,0.023372458584410602,0.018810055923457986,0.0
val,persistence,4,Other,endemic,286,0.018559518108800105,0.014784152018194573,0.018559518108800105,0.014784152018194573,0.0
val,persistence,4,overall,endemic,286,0.024620084193634272,0.019162548109143602,0.024620084193634272,0.019162548109143602,0.0
val,persistence,4,Menard 1,outbreak,286,0.026908452049556397,0.021031349602778176,0.026908452049556397,0.021031349602778176,0.0
val,persistence,4,Menard 2,outbreak,286,0.023411039097105946,0.019603038470963,0.023411039097105946,0.019603038470963,0.0
val,persistence,4,Sorrel 0,outbreak,286,0.01958701449124132,0.015604022146078218,0.01958701449124132,0.015604022146078218,0.0
val,persistence,4,Sorrel 1,outbreak,286,0.02378444712569382,0.018150599400599397,0.02378444712569382,0.018150599400599397,0.0
val,persistence,4,Sorrel 2,outbreak,286,0.021881256556603425,0.018008795328382954,0.021881256556603425,0.018008795328382954,0.0
val,persistence,4,Other,outbreak,286,0.02009741425320601,0.016159372542351266,0.02009741425320601,0.016159372542351266,0.0
val,persistence,4,overall,outbreak,286,0.022745651794080664,0.01809286291519217,0.022745651794080664,0.01809286291519217,0.0
val,training_mean,1,Menard 1,overall,572,0.10184771159106558,0.09034167779665984,0.10184771159106558,0.09034167779665984,-8.294003995195144
val,training_mean,1,Menard 2,overall,572,0.09556524348527917,0.08352930563965942,0.09556524348527917,0.08352930563965942,-10.87041545185014
val,training_mean,1,Sorrel 0,overall,572,0.07716850400032277,0.06979510319257426,0.07716850400032277,0.06979510319257426,-9.92239648642988
val,training_mean,1,Sorrel 1,overall,572,0.18752571813114977,0.1678594056503721,0.18752571813114977,0.1678594056503721,-19.193693439374876
val,training_mean,1,Sorrel 2,overall,572,0.11826633075431547,0.10744819880226668,0.11826633075431547,0.10744819880226668,-13.481309759114534
val,training_mean,1,Other,overall,572,0.035039111935316,0.029876033139040803,0.035039111935316,0.029876033139040803,-4.058085608651381
val,training_mean,1,overall,overall,572,0.11242865103721975,0.0914749540367622,0.11242865103721975,0.0914749540367622,-12.192871960159165
val,training_mean,1,Menard 1,endemic,286,0.11008117523138307,0.09290801235579128,0.11008117523138307,0.09290801235579128,-7.469241634983833
val,training_mean,1,Menard 2,endemic,286,0.10513875394862601,0.08617939853075243,0.10513875394862601,0.08617939853075243,-12.113645706946464
val,training_mean,1,Sorrel 0,endemic,286,0.07219694731707646,0.06001367150350161,0.07219694731707646,0.06001367150350161,-8.992153862819048
val,training_mean,1,Sorrel 1,endemic,286,0.19091018418413583,0.1540866227609915,0.19091018418413583,0.1540866227609915,-17.542346361641762
val,training_mean,1,Sorrel 2,endemic,286,0.12308987338946834,0.10437759704847734,0.12308987338946834,0.10437759704847734,-12.924424305331772
val,training_mean,1,Other,endemic,286,0.03151389773925666,0.02635870476742954,0.03151389773925666,0.02635870476742954,-3.5906819435636583
val,training_mean,1,overall,endemic,286,0.11617182893676163,0.08732066782782394,0.11617182893676163,0.08732066782782394,-11.518623378970833
val,training_mean,1,Menard 1,outbreak,286,0.09288728423391053,0.08777534323752839,0.09288728423391053,0.08777534323752839,-10.00567292922672
val,training_mean,1,Menard 2,outbreak,286,0.0849192201031761,0.08087921274856641,0.0849192201031761,0.08087921274856641,-9.504901496076602
val,training_mean,1,Sorrel 0,outbreak,286,0.08183860224485111,0.07957653488164691,0.08183860224485111,0.07957653488164691,-10.858530833812383
val,training_mean,1,Sorrel 1,outbreak,286,0.1840790360035227,0.18163218853975274,0.1840790360035227,0.18163218853975274,-21.578820099664924
val,training_mean,1,Sorrel 2,outbreak,286,0.11323750725419095,0.11051880055605602,0.11323750725419095,0.11051880055605602,-14.234211031624755
val,training_mean,1,Other,outbreak,286,0.0382407241002427,0.03339336151065207,0.0382407241002427,0.03339336151065207,-4.471261613861035
val,training_mean,1,overall,outbreak,286,0.1085564798138999,0.09562924024570041,0.1085564798138999,0.09562924024570041,-13.117371013859433
val,training_mean,2,Menard 1,overall,572,0.10265147879869323,0.09034148591171404,0.10265147879869323,0.09034148591171404,-4.459246263906076
val,training_mean,2,Menard 2,overall,572,0.09504267865025685,0.08248588259687055,0.09504267865025685,0.08248588259687055,-6.015361520165956
val,training_mean,2,Sorrel 0,overall,572,0.07577996635283116,0.06859238434279659,0.07577996635283116,0.06859238434279659,-5.4444579415692225
val,training_mean,2,Sorrel 1,overall,572,0.18479526937022625,0.16512216425031562,0.18479526937022625,0.16512216425031562,-11.347789557776785
val,training_mean,2,Sorrel 2,overall,572,0.11674611013401548,0.10555916115995864,0.11674611013401548,0.10555916115995864,-7.606868297029312
val,training_mean,2,Other,overall,572,0.03425346425426228,0.029135459569931473,0.03425346425426228,0.029135459569931473,-1.9811348927384569
val,training_mean,2,overall,overall,572,0.11125442747105016,0.0902060896385978,0.11125442747105016,0.0902060896385978,-6.816987742427034
val,training_mean,2,Menard 1,endemic,286,0.11525274750171625,0.09800266160410198,0.11525274750171625,0.09800266160410198,-4.261936678287679
val,training_mean,2,Menard 2,endemic,286,0.10779172912401962,0.08908508646894386,0.10779172912401962,0.08908508646894386,-7.039194773833723
val,training_mean,2,Sorrel 0,endemic,286,0.07312707959686994,0.0611654242770246,0.07312707959686994,0.0611654242770246,-5.201027995727562
val,training_mean,2,Sorrel 1,endemic,286,0.18959986289231426,0.15313261948135798,0.18959986289231426,0.15313261948135798,-10.916593776309469
val,training_mean,2,Sorrel 2,endemic,286,0.12389434068884417,0.10504353136251003,0.12389434068884417,0.10504353136251003,-7.621268854316186
val,training_mean,2,Other,endemic,286,0.032990983996692855,0.027584157305236705,0.032990983996692855,0.027584157305236705,-1.953351933107891
val,training_mean,2,overall,endemic,286,0.11735710682441657,0.08900224674986253,0.11735710682441657,0.08900224674986253,-6.729771253390474
val,training_mean,2,Menard 1,outbreak,286,0.08826922675781615,0.08268031021932609,0.08826922675781615,0.08268031021932609,-4.8537733780185865
val,training_mean,2,Menard 2,outbreak,286,0.08029423804038471,0.07588667872479725,0.08029423804038471,0.07588667872479725,-4.8669344856156975
val,training_mean,2,Sorrel 0,outbreak,286,0.0783430713624727,0.0760193444085686,0.0783430713624727,0.0760193444085686,-5.681689646214924
val,training_mean,2,Sorrel 1,outbreak,286,0.17986237837425753,0.1771117090192732,0.17986237837425753,0.1771117090192732,-11.88657718500928
val,training_mean,2,Sorrel 2,outbreak,286,0.10913065934064521,0.10607479095740725,0.10913065934064521,0.10607479095740725,-7.588413841269446
val,training_mean,2,Other,outbreak,286,0.03547103891579726,0.030686761834626243,0.03547103891579726,0.030686761834626243,-2.005811883065579
val,training_mean,2,overall,outbreak,286,0.10479696914331442,0.0914099325273331,0.10479696914331442,0.0914099325273331,-6.930653316400995
val,training_mean,3,Menard 1,overall,572,0.10342245312615951,0.09020333674595382,0.10342245312615951,0.09020333674595382,-3.039464287341727
val,training_mean,3,Menard 2,overall,572,0.09471707223047596,0.08154489398345444,0.09471707223047596,0.08154489398345444,-4.202933223650255
val,training_mean,3,Sorrel 0,overall,572,0.07449582643832894,0.06737248457974125,0.07449582643832894,0.06737248457974125,-3.7884328069567603
val,training_mean,3,Sorrel 1,overall,572,0.18202623647377933,0.16229438838472457,0.18202623647377933,0.16229438838472457,-8.148564111268273
val,training_mean,3,Sorrel 2,overall,572,0.11508950014941403,0.10356198423425358,0.11508950014941403,0.10356198423425358,-5.291374604673478
val,training_mean,3,Other,overall,572,0.033899358803456694,0.028734785686332403,0.033899358803456694,0.028734785686332403,-1.190383898602596
val,training_mean,3,overall,overall,572,0.11011014642621207,0.08895197893574336,0.11011014642621207,0.08895197893574336,-4.751628296102695
val,training_mean,3,Menard 1,endemic,286,0.11995218376191642,0.10270246760042658,0.11995218376191642,0.10270246760042658,-3.0946227261231565
val,training_mean,3,Menard 2,endemic,286,0.11043953215838254,0.09202600158680517,0.11043953215838254,0.09202600158680517,-5.209458549406054
val,training_mean,3,Sorrel 0,endemic,286,0.07400370098024932,0.06224080116328659,0.07400370098024932,0.06224080116328659,-3.8010086233583165
val,training_mean,3,Sorrel 1,endemic,286,0.18807740024322558,0.15186642838953662,0.18807740024322558,0.15186642838953662,-8.110254325652638
val,training_mean,3,Sorrel 2,endemic,286,0.12429965453195665,0.10541079527477955,0.12429965453195665,0.10541079527477955,-5.5055945244587114
val,training_mean,3,Other,endemic,286,0.0347037665285397,0.029016663651027407,0.0347037665285397,0.029016663651027407,-1.3047284479594654
val,training_mean,3,overall,endemic,286,0.11838484448446851,0.09054385961097698,0.11838484448446851,0.09054385961097698,-4.8824436330063365
val,training_mean,3,Menard 1,outbreak,286,0.0836891942368473,0.07770420589148105,0.0836891942368473,0.07770420589148105,-2.932806243903787
val,training_mean,3,Menard 2,outbreak,286,0.07580077361388857,0.0710637863801037,0.07580077361388857,0.0710637863801037,-3.0722478701027107
val,training_mean,3,Sorrel 0,outbreak,286,0.07498472214181438,0.07250416799619591,0.07498472214181438,0.07250416799619591,-3.7762784149286945
val,training_mean,3,Sorrel 1,outbreak,286,0.17576687130220525,0.17272234837991257,0.17576687130220525,0.17272234837991257,-8.193027305224014
val,training_mean,3,Sorrel 2,outbreak,286,0.10507512537475354,0.10171317319372762,0.10507512537475354,0.10171317319372762,-5.024268077833696
val,training_mean,3,Other,outbreak,286,0.03307539332046713,0.028452907721637395,0.03307539332046713,0.028452907721637395,-1.0822804957408994
val,training_mean,3,overall,outbreak,286,0.10116084859466105,0.08736009826050972,0.10116084859466105,0.08736009826050972,-4.585858569148747
val,training_mean,4,Menard 1,overall,572,0.1042827595602436,0.09009137321262173,0.1042827595602436,0.09009137321262173,-2.2781245940443084
val,training_mean,4,Menard 2,overall,572,0.09450244964359054,0.08071935595718703,0.09450244964359054,0.08071935595718703,-3.1644858224272348
val,training_mean,4,Sorrel 0,overall,572,0.07325960017725122,0.06614791658771862,0.07325960017725122,0.06614791658771862,-2.862676517087405
val,training_mean,4,Sorrel 1,overall,572,0.17920865839245437,0.1593920103006238,0.17920865839245437,0.1593920103006238,-6.333384858137347
val,training_mean,4,Sorrel 2,overall,572,0.11322265273860009,0.10140043617475866,0.11322265273860009,0.10140043617475866,-4.001190808243238
val,training_mean,4,Other,overall,572,0.03415169243697931,0.02875134073864634,0.03415169243697931,0.02875134073864634,-0.7655150788555889
val,training_mean,4,overall,overall,572,0.10899084547227557,0.08775040549525936,0.10899084547227557,0.08775040549525936,-3.598497192151699
val,training_mean,4,Menard 1,endemic,286,0.12422447509887695,0.10703601587154986,0.12422447509887695,0.10703601587154986,-2.445492391328541
val,training_mean,4,Menard 2,endemic,286,0.11290508414283465,0.09491979401603434,0.11290508414283465,0.09491979401603434,-4.143650437794941
val,training_mean,4,Sorrel 0,endemic,286,0.07485433900031141,0.06335819211025423,0.07485433900031141,0.06335819211025423,-3.0850453159615867
val,training_mean,4,Sorrel 1,endemic,286,0.18647074118140172,0.15047600788567067,0.18647074118140172,0.15047600788567067,-6.437023914566749
val,training_mean,4,Sorrel 2,endemic,286,0.1242129820821239,0.10540297151229919,0.1242129820821239,0.10540297151229919,-4.314502179286085
val,training_mean,4,Other,endemic,286,0.03686254375861111,0.03077368545989965,0.03686254375861111,0.03077368545989965,-0.9861800043791287
val,training_mean,4,overall,endemic,286,0.11926266506671768,0.09199444447595134,0.11926266506671768,0.09199444447595134,-3.8441209269931758
val,training_mean,4,Menard 1,outbreak,286,0.0794862734653453,0.07314673055369361,0.0794862734653453,0.07314673055369361,-1.953951915143914
val,training_mean,4,Menard 2,outbreak,286,0.07151131345443296,0.06651891789833969,0.07151131345443296,0.06651891789833969,-2.05459801069971
val,training_mean,4,Sorrel 0,outbreak,286,0.0716293652707315,0.06893764106518299,0.0716293652707315,0.06893764106518299,-2.656982298285522
val,training_mean,4,Sorrel 1,outbreak,286,0.17163959091335979,0.16830801271557694,0.17163959091335979,0.16830801271557694,-6.216463347089589
val,training_mean,4,Sorrel 2,outbreak,286,0.10104391752400148,0.09739790083721814,0.10104391752400148,0.09739790083721814,-3.617829751349814
val,training_mean,4,Other,outbreak,286,0.0312062343172729,0.026728996017393026,0.0312062343172729,0.026728996017393026,-0.5527487230002621
val,training_mean,4,overall,outbreak,286,0.097644382914261,0.08350636651456741,0.097644382914261,0.08350636651456741,-3.292881285541881
test,edmd_D3,1,Menard 1,overall,598,0.00816801940766771,0.006258754899415209,0.00816801940766771,0.006258754899415209,0.19263209826083816
test,edmd_D3,1,Menard 2,overall,598,0.00695597510600287,0.005413428626964084,0.00695597510600287,0.005413428626964084,0.14546602656402996
test,edmd_D3,1,Sorrel 0,overall,598,0.006383406491066976,0.004897522057922108,0.006383406491066976,0.004897522057922108,0.12037391841793543
test,edmd_D3,1,Sorrel 1,overall,598,0.009361006928088094,0.006917092251445853,0.009361006928088094,0.006917092251445853,0.05468210716515043
test,edmd_D3,1,Sorrel 2,overall,598,0.007238316985323078,0.005682612134268148,0.007238316985323078,0.005682612134268148,0.10971910144405506
test,edmd_D3,1,Other,overall,598,0.006255056159148493,0.004952943244783282,0.006255056159148493,0.004952943244783282,0.16066116764666438
test,edmd_D3,1,overall,overall,598,0.007472141819132755,0.005687058869133114,0.007472141819132755,0.005687058869133114,0.12840701628626716
test,edmd_D3,1,Menard 1,endemic,299,0.009035871594607076,0.007058503786261844,0.009035871594607076,0.007058503786261844,0.1702021368552581
test,edmd_D3,1,Menard 2,endemic,299,0.007316832851035513,0.005718645336587159,0.007316832851035513,0.005718645336587159,0.0995113813457903
test,edmd_D3,1,Sorrel 0,endemic,299,0.00635207114045554,0.004910693861244929,0.00635207114045554,0.004910693861244929,0.0656872581038741
test,edmd_D3,1,Sorrel 1,endemic,299,0.011372165350616286,0.00845996797308848,0.011372165350616286,0.00845996797308848,-0.011525483363413525
test,edmd_D3,1,Sorrel 2,endemic,299,0.007998581023302644,0.006208871402206224,0.007998581023302644,0.006208871402206224,0.024359140420406322
test,edmd_D3,1,Other,endemic,299,0.006738349752006622,0.005319204361880265,0.006738349752006622,0.005319204361880265,0.11967745352458803
test,edmd_D3,1,overall,endemic,299,0.008309037516925874,0.006279314453544817,0.008309037516925874,0.006279314453544817,0.07392737856167908
test,edmd_D3,1,Menard 1,outbreak,299,0.007196256430523145,0.005459006012568574,0.007196256430523145,0.005459006012568574,0.22457392914574337
test,edmd_D3,1,Menard 2,outbreak,299,0.00657534306182353,0.005108211917341009,0.00657534306182353,0.005108211917341009,0.19367751595492588
test,edmd_D3,1,Sorrel 0,outbreak,299,0.006414588769904417,0.004884350254599287,0.006414588769904417,0.004884350254599287,0.16563415559655026
test,edmd_D3,1,Sorrel 1,outbreak,299,0.006777223373452356,0.005374216529803226,0.006777223373452356,0.005374216529803226,0.1883597210152107
test,edmd_D3,1,Sorrel 2,outbreak,299,0.006388205317121231,0.0051563528663300705,0.006388205317121231,0.0051563528663300705,0.20760475139216028
test,edmd_D3,1,Other,outbreak,299,0.0057311515184852065,0.004586682127686297,0.0057311515184852065,0.004586682127686297,0.20891580276139143
test,edmd_D3,1,overall,outbreak,299,0.006528836211208199,0.005094803284721411,0.006528836211208199,0.005094803284721411,0.19931538844820296
test,edmd_D3,2,Menard 1,overall,598,0.012860516605827496,0.010054830283552793,0.012860516605827496,0.010054830283552793,0.2640539955388018
test,edmd_D3,2,Menard 2,overall,598,0.011429761394109986,0.00901414540126584,0.011429761394109986,0.00901414540126584,0.1925176566725082
test,edmd_D3,2,Sorrel 0,overall,598,0.010199026907670482,0.007863686670198815,0.010199026907670482,0.007863686670198815,0.17105971164460065
test,edmd_D3,2,Sorrel 1,overall,598,0.015287818997040174,0.011552542797395898,0.015287818997040174,0.011552542797395898,0.08409524594333206
test,edmd_D3,2,Sorrel 2,overall,598,0.011306094452283132,0.008759600982188068,0.011306094452283132,0.008759600982188068,0.1619991606560759
test,edmd_D3,2,Other,overall,598,0.009517779651467337,0.007617552533629951,0.009517779651467337,0.007617552533629951,0.24456604016070005
test,edmd_D3,2,overall,overall,598,0.01191767450541795,0.009143726444705227,0.01191767450541795,0.009143726444705227,0.182927976575201
test,edmd_D3,2,Menard 1,endemic,299,0.014180812027358939,0.01125276554405007,0.014180812027358939,0.01125276554405007,0.23570939725831241
test,edmd_D3,2,Menard 2,endemic,299,0.01227219558761925,0.00974476920425469,0.01227219558761925,0.00974476920425469,0.11994137361214363
test,edmd_D3,2,Sorrel 0,endemic,299,0.010243466447264815,0.007967322819645876,0.010243466447264815,0.007967322819645876,0.09597628523872392
test,edmd_D3,2,Sorrel 1,endemic,299,0.018440542309186913,0.01409555797172789,0.018440542309186913,0.01409555797172789,-0.013358584587782829
test,edmd_D3,2,Sorrel 2,endemic,299,0.012727349448511657,0.009884668868533028,0.012727349448511657,0.009884668868533028,0.03790420394230776
test,edmd_D3,2,Other,endemic,299,0.010286393671916132,0.008223561551268228,0.010286393671916132,0.008223561551268228,0.19032773853684748
test,edmd_D3,2,overall,endemic,299,0.013319658019680212,0.010194774326579965,0.013319658019680212,0.010194774326579965,0.10693271048353348
test,edmd_D3,2,Menard 1,outbreak,299,0.011388166884193503,0.008856895023055518,0.011388166884193503,0.008856895023055518,0.30237463819563737
test,edmd_D3,2,Menard 2,outbreak,299,0.010520081107662277,0.008283521598276987,0.010520081107662277,0.008283521598276987,0.26749592393146193
test,edmd_D3,2,Sorrel 0,outbreak,299,0.010154392885373944,0.0077600505207517535,0.010154392885373944,0.0077600505207517535,0.2310164469831958
test,edmd_D3,2,Sorrel 1,outbreak,299,0.01128632884137319,0.009009527623063908,0.01128632884137319,0.009009527623063908,0.24935213670470802
test,edmd_D3,2,Sorrel 2,outbreak,299,0.009678332477413908,0.007634533095843107,0.009678332477413908,0.007634533095843107,0.29610529014704867
test,edmd_D3,2,Other,outbreak,299,0.008681380317330602,0.007011543515991674,0.008681380317330602,0.007011543515991674,0.30509478390811984
test,edmd_D3,2,overall,outbreak,299,0.010327082912078638,0.008092678562830491,0.010327082912078638,0.008092678562830491,0.27527088384556975
test,edmd_D3,3,Menard 1,overall,598,0.016107943538661774,0.012862861863874933,0.016107943538661774,0.012862861863874933,0.322500397247103
test,edmd_D3,3,Menard 2,overall,598,0.014975287594508183,0.011735444454606114,0.014975287594508183,0.011735444454606114,0.22836318037060677
test,edmd_D3,3,Sorrel 0,overall,598,0.01290847491072021,0.010025451952783957,0.01290847491072021,0.010025451952783957,0.21724724071831714
test,edmd_D3,3,Sorrel 1,overall,598,0.01961563067156035,0.01501285400448038,0.01961563067156035,0.01501285400448038,0.11109436206329026
test,edmd_D3,3,Sorrel 2,overall,598,0.014179352919425887,0.01126356253060842,0.014179352919425887,0.01126356253060842,0.1999540635515734
test,edmd_D3,3,Other,overall,598,0.011582828354659755,0.009238019388881368,0.011582828354659755,0.009238019388881368,0.31475993351959497
test,edmd_D3,3,overall,overall,598,0.015112592633594454,0.011689699032539197,0.015112592633594454,0.011689699032539197,0.22823021140947952
test,edmd_D3,3,Menard 1,endemic,299,0.01760889561337106,0.01412224128290563,0.01760889561337106,0.01412224128290563,0.2898604622018388
test,edmd_D3,3,Menard 2,endemic,299,0.0165013948948182,0.013114632776869205,0.0165013948948182,0.013114632776869205,0.135234012870307
test,edmd_D3,3,Sorrel 0,endemic,299,0.013004173885815339,0.010103733873228066,0.013004173885815339,0.010103733873228066,0.12876533978725102
test,edmd_D3,3,Sorrel 1,endemic,299,0.02347078290314839,0.01840251534659419,0.02347078290314839,0.01840251534659419,-0.01536764300846083
test,edmd_D3,3,Sorrel 2,endemic,299,0.0162975512672079,0.012963733492721414,0.0162975512672079,0.012963733492721414,0.04092352857746151
test,edmd_D3,3,Other,endemic,299,0.012714724747271196,0.010253421415797154,0.012714724747271196,0.010253421415797154,0.24748703797102556
test,edmd_D3,3,overall,endemic,299,0.016978564080641582,0.013160046364685945,0.016978564080641582,0.013160046364685945,0.13475715037766134
test,edmd_D3,3,Menard 1,outbreak,299,0.01445193708008835,0.011603482444844234,0.01445193708008835,0.011603482444844234,0.36360095602479414
test,edmd_D3,3,Menard 2,outbreak,299,0.013274880172782316,0.010356256132343025,0.013274880172782316,0.010356256132343025,0.32707256385189465
test,edmd_D3,3,Sorrel 0,outbreak,299,0.012812061137415195,0.00994717003233985,0.012812061137415195,0.00994717003233985,0.2850393913464385
test,edmd_D3,3,Sorrel 1,outbreak,299,0.014787436667637694,0.011623192662366577,0.014787436667637694,0.011623192662366577,0.29470886466589186
test,edmd_D3,3,Sorrel 2,outbreak,299,0.011683232477358016,0.009563391568495424,0.011683232477358016,0.009563391568495424,0.36588488644258155
test,edmd_D3,3,Other,outbreak,299,0.010327613470117352,0.00822261736196558,0.010327613470117352,0.00822261736196558,0.38926985583906226
test,edmd_D3,3,overall,outbreak,299,0.012981112201097952,0.010219351700392449,0.012981112201097952,0.010219351700392449,0.3356815977648515
test,edmd_D3,4,Menard 1,overall,598,0.018877927437895126,0.01512792309866032,0.018877927437895126,0.01512792309866032,0.36544534526824834
test,edmd_D3,4,Menard 2,overall,598,0.01785949194346079,0.01366581513364194,0.01785949194346079,0.01366581513364194,0.2616690327689912
test,edmd_D3,4,Sorrel 0,overall,598,0.0149686938862709,0.011828217540568509,0.0149686938862709,0.011828217540568509,0.25971647825148847
test,edmd_D3,4,Sorrel 1,overall,598,0.02305755910798653,0.017888437486545283,0.02305755910798653,0.017888437486545283,0.1368196154234893
test,edmd_D3,4,Sorrel 2,overall,598,0.016558723471199882,0.013136532398130995,0.016558723471199882,0.013136532398130995,0.2338889683166565
test,edmd_D3,4,Other,overall,598,0.013268700488617302,0.010554385034721935,0.013268700488617302,0.010554385034721935,0.3724475855683842
test,edmd_D3,4,overall,overall,598,0.01770734386801349,0.013700218448711499,0.01770734386801349,0.013700218448711499,0.26755591791127165
test,edmd_D3,4,Menard 1,endemic,299,0.02038263597313915,0.016667544001584655,0.02038263597313915,0.016667544001584655,0.33349771690917085
test,edmd_D3,4,Menard 2,endemic,299,0.020015617984249594,0.0158584942521172,0.020015617984249594,0.0158584942521172,0.15268645743054565
test,edmd_D3,4,Sorrel 0,endemic,299,0.014831783315553146,0.011670255734871642,0.014831783315553146,0.011670255734871642,0.1624282127821709
test,edmd_D3,4,Sorrel 1,endemic,299,0.02748963823830052,0.02178216902603515,0.02748963823830052,0.02178216902603515,-0.0167288232240852
test,edmd_D3,4,Sorrel 2,endemic,299,0.019254049326880473,0.015403559202326396,0.019254049326880473,0.015403559202326396,0.044603392263385944
test,edmd_D3,4,Other,endemic,299,0.014572545640009286,0.011655689411886229,0.014572545640009286,0.011655689411886229,0.2997236884369554
test,edmd_D3,4,overall,endemic,299,0.019894791283185893,0.015506285271470212,0.019894791283185893,0.015506285271470212,0.16141361283821465
test,edmd_D3,4,Menard 1,outbreak,299,0.017242402369953006,0.013588302195735981,0.017242402369953006,0.013588302195735981,0.40326039366853983
test,edmd_D3,4,Menard 2,outbreak,299,0.015404477974461388,0.011473136015166686,0.015404477974461388,0.011473136015166686,0.3774106014545823
test,edmd_D3,4,Sorrel 0,outbreak,299,0.015104363508676789,0.011986179346265374,0.015104363508676789,0.011986179346265374,0.32729060513138974
test,edmd_D3,4,Sorrel 1,outbreak,299,0.01753915201952339,0.013994705947055418,0.01753915201952339,0.013994705947055418,0.33521818127342495
test,edmd_D3,4,Sorrel 2,outbreak,299,0.01332907463064805,0.010869505593935595,0.01332907463064805,0.010869505593935595,0.4200302805884255
test,edmd_D3,4,Other,outbreak,299,0.011821917732885491,0.009453080657557641,0.011821917732885491,0.009453080657557641,0.4494326940677196
test,edmd_D3,4,overall,outbreak,299,0.015208462562620213,0.011894151625952785,0.015208462562620213,0.011894151625952785,0.3822446526766401
test,persistence,1,Menard 1,overall,598,0.01011684931996042,0.007183582463085567,0.01011684931996042,0.007183582463085567,0.0
test,persistence,1,Menard 2,overall,598,0.00814008023347954,0.0056770546926412395,0.00814008023347954,0.0056770546926412395,0.0
test,persistence,1,Sorrel 0,overall,598,0.0072569545454882435,0.004903751267018231,0.0072569545454882435,0.004903751267018231,0.0
test,persistence,1,Sorrel 1,overall,598,0.009902496291502541,0.006800047778308646,0.009902496291502541,0.006800047778308646,0.0
test,persistence,1,Sorrel 2,overall,598,0.008130374353828984,0.005729949118564088,0.008130374353828984,0.005729949118564088,0.0
test,persistence,1,Other,overall,598,0.007452361213421505,0.005068058675829259,0.007452361213421505,0.005068058675829259,0.0
test,persistence,1,overall,overall,598,0.008572971511651034,0.005893740665907838,0.008572971511651034,0.005893740665907838,0.0
test,persistence,1,Menard 1,endemic,299,0.010889244231556844,0.008159625054034992,0.010889244231556844,0.008159625054034992,0.0
test,persistence,1,Menard 2,endemic,299,0.008125402919551166,0.005947948687899467,0.008125402919551166,0.005947948687899467,0.0
test,persistence,1,Sorrel 0,endemic,299,0.0067986562267837985,0.004827841804680488,0.0067986562267837985,0.004827841804680488,0.0
test,persistence,1,Sorrel 1,endemic,299,0.011242589077244807,0.00828714763497372,0.011242589077244807,0.00828714763497372,0.0
test,persistence,1,Sorrel 2,endemic,299,0.008198284178820939,0.005876239403805518,0.008198284178820939,0.005876239403805518,0.0
test,persistence,1,Other,endemic,299,0.007654410055706586,0.005301359140397068,0.007654410055706586,0.005301359140397068,0.0
test,persistence,1,overall,endemic,299,0.008972339020260388,0.006400026954298541,0.008972339020260388,0.006400026954298541,0.0
test,persistence,1,Menard 1,outbreak,299,0.009280390099078446,0.006207539872136146,0.009280390099078446,0.006207539872136146,0.0
test,persistence,1,Menard 2,outbreak,299,0.008154731130449244,0.005406160697383012,0.008154731130449244,0.005406160697383012,0.0
test,persistence,1,Sorrel 0,outbreak,299,0.00768798101328163,0.004979660729355975,0.00768798101328163,0.004979660729355975,0.0
test,persistence,1,Sorrel 1,outbreak,299,0.008350033320092737,0.005312947921643573,0.008350033320092737,0.005312947921643573,0.0
test,persistence,1,Sorrel 2,outbreak,299,0.008061892506731555,0.005583658833322661,0.008061892506731555,0.005583658833322661,0.0
test,persistence,1,Other,outbreak,299,0.007244679565703123,0.004834758211261448,0.007244679565703123,0.004834758211261448,0.0
test,persistence,1,overall,outbreak,299,0.008154067303172896,0.0053874543775171355,0.008154067303172896,0.0053874543775171355,0.0
test,persistence,2,Menard 1,overall,598,0.017474810010338945,0.013328327986713078,0.017474810010338945,0.013328327986713078,0.0
test,persistence,2,Menard 2,overall,598,0.01415481278142871,0.010639688449368514,0.01415481278142871,0.010639688449368514,0.0
test,persistence,2,Sorrel 0,overall,598,0.012303693101833841,0.00914664368544905,0.012303693101833841,0.00914664368544905,0.0
test,persistence,2,Sorrel 1,overall,598,0.01669149431677074,0.012151218346870519,0.01669149431677074,0.012151218346870519,0.0
test,persistence,2,Sorrel 2,overall,598,0.013491745976214942,0.010161510385625131,0.013491745976214942,0.010161510385625131,0.0
test,persistence,2,Other,overall,598,0.012599088944177213,0.00929898039056226,0.012599088944177213,0.00929898039056226,0.0
test,persistence,2,overall,overall,598,0.01458583106965823,0.010787728207431428,0.01458583106965823,0.010787728207431428,0.0
test,persistence,2,Menard 1,endemic,299,0.018554214818930232,0.014433599526767227,0.018554214818930232,0.014433599526767227,0.0
test,persistence,2,Menard 2,endemic,299,0.013944747792530235,0.010613094862479602,0.013944747792530235,0.010613094862479602,0.0
test,persistence,2,Sorrel 0,endemic,299,0.011330970946895778,0.008674218913958857,0.011330970946895778,0.008674218913958857,0.0
test,persistence,2,Sorrel 1,endemic,299,0.018197450132312457,0.013793597706641183,0.018197450132312457,0.013793597706641183,0.0
test,persistence,2,Sorrel 2,endemic,299,0.013228775658997329,0.009907349486013763,0.013228775658997329,0.009907349486013763,0.0
test,persistence,2,Other,endemic,299,0.01270439184038202,0.009290339632615304,0.01270439184038202,0.009290339632615304,0.0
test,persistence,2,overall,endemic,299,0.01491450664024642,0.011118700021412657,0.01491450664024642,0.011118700021412657,0.0
test,persistence,2,Menard 1,outbreak,299,0.016324187031759783,0.01222305644665893,0.016324187031759783,0.01222305644665893,0.0
test,persistence,2,Menard 2,outbreak,299,0.014361805553526978,0.010666282036257427,0.014361805553526978,0.010666282036257427,0.0
test,persistence,2,Sorrel 0,outbreak,299,0.013204954573523948,0.009619068456939241,0.013204954573523948,0.009619068456939241,0.0
test,persistence,2,Sorrel 1,outbreak,299,0.015035450566430696,0.010508838987099856,0.015035450566430696,0.010508838987099856,0.0
test,persistence,2,Sorrel 2,outbreak,299,0.013749687761449126,0.0104156712852365,0.013749687761449126,0.0104156712852365,0.0
test,persistence,2,Other,outbreak,299,0.012492898479240587,0.009307621148509214,0.012492898479240587,0.009307621148509214,0.0
test,persistence,2,overall,outbreak,299,0.01424957640294125,0.010456756393450195,0.01424957640294125,0.010456756393450195,0.0
test,persistence,3,Menard 1,overall,598,0.023775576359321926,0.01908538666302641,0.023775576359321926,0.01908538666302641,0.0
test,persistence,3,Menard 2,overall,598,0.019407170852345553,0.015033940628690423,0.019407170852345553,0.015033940628690423,0.0
test,persistence,3,Sorrel 0,overall,598,0.016491126677810844,0.01272778420279436,0.016491126677810844,0.01272778420279436,0.0
test,persistence,3,Sorrel 1,overall,598,0.022067168700933573,0.016817964644051598,0.022067168700933573,0.016817964644051598,0.0
test,persistence,3,Sorrel 2,overall,598,0.017723173474727013,0.014060121859315046,0.017723173474727013,0.014060121859315046,0.0
test,persistence,3,Other,overall,598,0.016903314504291285,0.013355053826839212,0.016903314504291285,0.013355053826839212,0.0
test,persistence,3,overall,overall,598,0.019581736493202863,0.015180041970786175,0.019581736493202863,0.015180041970786175,0.0
test,persistence,3,Menard 1,endemic,299,0.024796388140799357,0.020086911018588036,0.024796388140799357,0.020086911018588036,0.0
test,persistence,3,Menard 2,endemic,299,0.019081919433012354,0.014668842232418933,0.019081919433012354,0.014668842232418933,0.0
test,persistence,3,Sorrel 0,endemic,299,0.014926143873385176,0.01164808373260222,0.014926143873385176,0.01164808373260222,0.0
test,persistence,3,Sorrel 1,endemic,299,0.023115551361875347,0.0182178690874343,0.023115551361875347,0.0182178690874343,0.0
test,persistence,3,Sorrel 2,endemic,299,0.016992963285852227,0.013205530462365963,0.016992963285852227,0.013205530462365963,0.0
test,persistence,3,Other,endemic,299,0.016896353137876758,0.012980451555844711,0.016896353137876758,0.012980451555844711,0.0
test,persistence,3,overall,endemic,299,0.0196228886353148,0.015134614681542362,0.0196228886353148,0.015134614681542362,0.0
test,persistence,3,Menard 1,outbreak,299,0.02270892330355449,0.01808386230746479,0.02270892330355449,0.01808386230746479,0.0
test,persistence,3,Menard 2,outbreak,299,0.019727060392676028,0.015399039024961913,0.019727060392676028,0.015399039024961913,0.0
test,persistence,3,Sorrel 0,outbreak,299,0.017919953886051585,0.0138074846729865,0.017919953886051585,0.0138074846729865,0.0
test,persistence,3,Sorrel 1,outbreak,299,0.020966429218811377,0.015418060200668894,0.020966429218811377,0.015418060200668894,0.0
test,persistence,3,Sorrel 2,outbreak,299,0.018424466201119982,0.014914713256264128,0.018424466201119982,0.014914713256264128,0.0
test,persistence,3,Other,outbreak,299,0.01691027300495561,0.013729656097833711,0.01691027300495561,0.013729656097833711,0.0
test,persistence,3,overall,outbreak,299,0.019540497685179334,0.01522546926002999,0.019540497685179334,0.01522546926002999,0.0
test,persistence,4,Menard 1,overall,598,0.02974988410710734,0.024533933974927764,0.02974988410710734,0.024533933974927764,0.0
test,persistence,4,Menard 2,overall,598,0.024189005657503346,0.019220402239270164,0.024189005657503346,0.019220402239270164,0.0
test,persistence,4,Sorrel 0,overall,598,0.020220217587601595,0.015810154899955797,0.020220217587601595,0.015810154899955797,0.0
test,persistence,4,Sorrel 1,overall,598,0.026712329798016573,0.02089703774486383,0.026712329798016573,0.02089703774486383,0.0
test,persistence,4,Sorrel 2,overall,598,0.021613999520168892,0.01753217647435487,0.021613999520168892,0.01753217647435487,0.0
test,persistence,4,Other,overall,598,0.02114357332309043,0.017404011344806902,0.02114357332309043,0.017404011344806902,0.0
test,persistence,4,overall,overall,598,0.024175693818860595,0.019232952779696555,0.024175693818860595,0.019232952779696555,0.0
test,persistence,4,Menard 1,endemic,299,0.030581494602864634,0.02529611175573909,0.030581494602864634,0.02529611175573909,0.0
test,persistence,4,Menard 2,endemic,299,0.023622445504119762,0.018399156217039726,0.023622445504119762,0.018399156217039726,0.0
test,persistence,4,Sorrel 0,endemic,299,0.017708074151852743,0.013923581497738344,0.017708074151852743,0.013923581497738344,0.0
test,persistence,4,Sorrel 1,endemic,299,0.027037335433385126,0.02158623984710941,0.027037335433385126,0.02158623984710941,0.0
test,persistence,4,Sorrel 2,endemic,299,0.020152938759636536,0.015826934159520443,0.020152938759636536,0.015826934159520443,0.0
test,persistence,4,Other,endemic,299,0.02080970811004985,0.016519096075062776,0.02080970811004985,0.016519096075062776,0.0
test,persistence,4,overall,endemic,299,0.023724200139380112,0.018591853258701628,0.023724200139380112,0.018591853258701628,0.0
test,persistence,4,Menard 1,outbreak,299,0.028894348870109488,0.023771756194116443,0.028894348870109488,0.023771756194116443,0.0
test,persistence,4,Menard 2,outbreak,299,0.024742596019867235,0.020041648261500598,0.024742596019867235,0.020041648261500598,0.0
test,persistence,4,Sorrel 0,outbreak,299,0.02245302893625692,0.017696728302173243,0.02245302893625692,0.017696728302173243,0.0
test,persistence,4,Sorrel 1,outbreak,299,0.026383320851223892,0.020207835642618247,0.026383320851223892,0.020207835642618247,0.0
test,persistence,4,Sorrel 2,outbreak,299,0.022982363017454526,0.019237418789189296,0.022982363017454526,0.019237418789189296,0.0
test,persistence,4,Other,outbreak,299,0.021472247998575462,0.018288926614551032,0.021472247998575462,0.018288926614551032,0.0
test,persistence,4,overall,outbreak,299,0.02461890880996202,0.01987405230069148,0.02461890880996202,0.01987405230069148,0.0
test,training_mean,1,Menard 1,overall,598,0.09124892879722879,0.07945226569685056,0.09124892879722879,0.07945226569685056,-8.019500628243595
test,training_mean,1,Menard 2,overall,598,0.09199927130668199,0.08073748209449756,0.09199927130668199,0.08073748209449756,-10.302010381703104
test,training_mean,1,Sorrel 0,overall,598,0.08155100105183694,0.07017545242083309,0.08155100105183694,0.07017545242083309,-10.23763426388531
test,training_mean,1,Sorrel 1,overall,598,0.20570644807604335,0.1912353576882258,0.20570644807604335,0.1912353576882258,-19.773191124803823
test,training_mean,1,Sorrel 2,overall,598,0.11376412559092743,0.1023156136916031,0.11376412559092743,0.1023156136916031,-12.992483081341812
test,training_mean,1,Other,overall,598,0.04144976424447915,0.03358400614924695,0.04144976424447915,0.03358400614924695,-4.56196392759777
test,training_mean,1,overall,overall,598,0.11577010315535705,0.09291669629020952,0.11577010315535705,0.09291669629020952,-12.504081169291247
test,training_mean,1,Menard 1,endemic,299,0.08937373962037382,0.07103197131695474,0.08937373962037382,0.07103197131695474,-7.207524573778063
test,training_mean,1,Menard 2,endemic,299,0.09654265202248317,0.0786460693951318,0.09654265202248317,0.0786460693951318,-10.881583347723515
test,training_mean,1,Sorrel 0,endemic,299,0.07785990037848471,0.058991309460989655,0.07785990037848471,0.058991309460989655,-10.452248471065502
test,training_mean,1,Sorrel 1,endemic,299,0.22274656486407718,0.19747287075365144,0.22274656486407718,0.19747287075365144,-18.812746275225877
test,training_mean,1,Sorrel 2,endemic,299,0.12124433431831319,0.10212436110533277,0.12124433431831319,0.10212436110533277,-13.78898897302561
test,training_mean,1,Other,endemic,299,0.04459993878309633,0.034565096514660026,0.04459993878309633,0.034565096514660026,-4.826698394587023
test,training_mean,1,overall,endemic,299,0.12225362188411543,0.09047194642445341,0.12225362188411543,0.09047194642445341,-12.62561329972655
test,training_mean,1,Menard 1,outbreak,299,0.09308635066191542,0.08787256007674638,0.09308635066191542,0.08787256007674638,-9.030435107588744
test,training_mean,1,Menard 2,outbreak,299,0.08721954014088061,0.08282889479386334,0.08721954014088061,0.08282889479386334,-9.695575212186755
test,training_mean,1,Sorrel 0,outbreak,299,0.08508212184804663,0.08135959538067652,0.08508212184804663,0.08135959538067652,-10.066900620729962
test,training_mean,1,Sorrel 1,outbreak,299,0.1871209592786904,0.18499784462280014,0.1871209592786904,0.18499784462280014,-21.409606298027587
test,training_mean,1,Sorrel 2,outbreak,299,0.10575615319519582,0.10250686627787342,0.10575615319519582,0.10250686627787342,-12.118030674173722
test,training_mean,1,Other,outbreak,299,0.0380396026844375,0.03260291578383388,0.0380396026844375,0.03260291578383388,-4.250694987880477
test,training_mean,1,overall,outbreak,299,0.10890126493948432,0.0953614461559656,0.10890126493948432,0.0953614461559656,-12.355453283677075
test,training_mean,2,Menard 1,overall,598,0.09115449144956086,0.07850108669044946,0.09115449144956086,0.07850108669044946,-4.216336623724633
test,training_mean,2,Menard 2,overall,598,0.09163355119018397,0.07981819471020578,0.09163355119018397,0.07981819471020578,-5.473667480110252
test,training_mean,2,Sorrel 0,overall,598,0.08008382943370927,0.068462586484911,0.08008382943370927,0.068462586484911,-5.508926122496743
test,training_mean,2,Sorrel 1,overall,598,0.2038192415981879,0.1890076940475187,0.2038192415981879,0.1890076940475187,-11.21096432291272
test,training_mean,2,Sorrel 2,overall,598,0.11235185151772688,0.10060022629884298,0.11235185151772688,0.10060022629884298,-7.327450851490665
test,training_mean,2,Other,overall,598,0.04182288146313168,0.03361500097085727,0.04182288146313168,0.03361500097085727,-2.31951632760403
test,training_mean,2,overall,overall,598,0.11477052754004442,0.09166746486713086,0.11477052754004442,0.09166746486713086,-6.868631344482841
test,training_mean,2,Menard 1,endemic,299,0.09400314364845166,0.07481762955221888,0.09400314364845166,0.07481762955221888,-4.066403756010384
test,training_mean,2,Menard 2,endemic,299,0.09959981327587852,0.08157609102831966,0.09959981327587852,0.08157609102831966,-6.142460714078388
test,training_mean,2,Sorrel 0,endemic,299,0.07879412635464719,0.05972273696775958,0.07879412635464719,0.05972273696775958,-5.953872419577031
test,training_mean,2,Sorrel 1,endemic,299,0.2232411089207372,0.19811787792039773,0.2232411089207372,0.19811787792039773,-11.2677137344829
test,training_mean,2,Sorrel 2,endemic,299,0.12249260743132687,0.10353544996938571,0.12249260743132687,0.10353544996938571,-8.25955739131577
test,training_mean,2,Other,endemic,299,0.04721543607061731,0.037211280157119976,0.04721543607061731,0.037211280157119976,-2.7164656650890535
test,training_mean,2,overall,endemic,299,0.1238517643254747,0.09249684426586693,0.1238517643254747,0.09249684426586693,-7.304114062429919
test,training_mean,2,Menard 1,outbreak,299,0.08821389690442596,0.08218454382868001,0.08821389690442596,0.08218454382868001,-4.4038768811457505
test,training_mean,2,Menard 2,outbreak,299,0.08290532312739796,0.07806029839209189,0.08290532312739796,0.07806029839209189,-4.772625372095923
test,training_mean,2,Sorrel 0,outbreak,299,0.08135308921941915,0.07720243600206245,0.08135308921941915,0.07720243600206245,-5.160800384920129
test,training_mean,2,Sorrel 1,outbreak,299,0.1823402692198312,0.1798975101746396,0.1823402692198312,0.1798975101746396,-11.127356504163442
test,training_mean,2,Sorrel 2,outbreak,299,0.10119999112449339,0.09766500262830023,0.10119999112449339,0.09766500262830023,-6.360166491070019
test,training_mean,2,Other,outbreak,299,0.035623158540755144,0.030018721784594568,0.035623158540755144,0.030018721784594568,-1.8514726666473793
test,training_mean,2,overall,outbreak,299,0.1049060935175229,0.09083808546839481,0.1049060935175229,0.09083808546839481,-6.362049969139383
test,training_mean,3,Menard 1,overall,598,0.09105653767830718,0.07754988729047924,0.09105653767830718,0.07754988729047924,-2.829835134263979
test,training_mean,3,Menard 2,overall,598,0.09130700069288797,0.0789000890947659,0.09130700069288797,0.0789000890947659,-3.704807382156508
test,training_mean,3,Sorrel 0,overall,598,0.07876939531428674,0.0668256300113267,0.07876939531428674,0.0668256300113267,-3.776471423281989
test,training_mean,3,Sorrel 1,overall,598,0.20169145305073838,0.18651724970924824,0.20169145305073838,0.18651724970924824,-8.139888119956487
test,training_mean,3,Sorrel 2,overall,598,0.111136948064002,0.09897842528384672,0.111136948064002,0.09897842528384672,-5.270713776089912
test,training_mean,3,Other,overall,598,0.04245698791551912,0.03395867676039309,0.04245698791551912,0.03395867676039309,-1.5117551888856156
test,training_mean,3,overall,overall,598,0.11377341396333021,0.09045499302500998,0.11377341396333021,0.09045499302500998,-4.810180011503209
test,training_mean,3,Menard 1,endemic,299,0.09822287280250784,0.07859414637012617,0.09822287280250784,0.07859414637012617,-2.961176613496156
test,training_mean,3,Menard 2,endemic,299,0.10239081004839001,0.08440695013412514,0.10239081004839001,0.08440695013412514,-4.365854855840682
test,training_mean,3,Sorrel 0,endemic,299,0.07972134001186663,0.06047649078698179,0.07972134001186663,0.06047649078698179,-4.341053971348745
test,training_mean,3,Sorrel 1,endemic,299,0.22312034015338722,0.19808204418891184,0.22312034015338722,0.19808204418891184,-8.652391009862791
test,training_mean,3,Sorrel 2,endemic,299,0.12364120263688268,0.1047593660779109,0.12364120263688268,0.1047593660779109,-6.276023643258395
test,training_mean,3,Other,endemic,299,0.0496836167916258,0.040045705039290794,0.0496836167916258,0.040045705039290794,-1.9404935127835037
test,training_mean,3,overall,endemic,299,0.12518346385364815,0.09439411709955776,0.12518346385364815,0.09439411709955776,-5.3794615655290805
test,training_mean,3,Menard 1,outbreak,299,0.08327576698142333,0.0765056282108323,0.08327576698142333,0.0765056282108323,-2.667094466270388
test,training_mean,3,Menard 2,outbreak,299,0.07867692653311137,0.07339322805540666,0.07867692653311137,0.07339322805540666,-2.9882742267226687
test,training_mean,3,Sorrel 0,outbreak,299,0.07780580455897303,0.0731747692356716,0.07780580455897303,0.0731747692356716,-3.341852945254228
test,training_mean,3,Sorrel 1,outbreak,299,0.17769692815936122,0.17495245522958464,0.17769692815936122,0.17495245522958464,-7.475307182966999
test,training_mean,3,Sorrel 2,outbreak,299,0.09703450654518045,0.09319748448978253,0.09703450654518045,0.09319748448978253,-4.266611552593146
test,training_mean,3,Other,outbreak,299,0.033715424781840614,0.027871648481495388,0.033715424781840614,0.027871648481495388,-0.9937835877611321
test,training_mean,3,overall,outbreak,299,0.10108352896167097,0.08651586895046219,0.10108352896167097,0.08651586895046219,-4.173027350185594
test,training_mean,4,Menard 1,overall,598,0.09113966214286,0.0767852508099912,0.09113966214286,0.0767852508099912,-2.0635299893852848
test,training_mean,4,Menard 2,overall,598,0.09093798013475655,0.07796727954764923,0.09093798013475655,0.07796727954764923,-2.759475747881679
test,training_mean,4,Sorrel 0,overall,598,0.0774492464427971,0.06514178828159257,0.0774492464427971,0.06514178828159257,-2.830287488611723
test,training_mean,4,Sorrel 1,overall,598,0.19951715979387613,0.18398499935091092,0.19951715979387613,0.18398499935091092,-6.469103642494357
test,training_mean,4,Sorrel 2,overall,598,0.11002113568025092,0.09738578326203434,0.11002113568025092,0.09738578326203434,-4.090271959041443
test,training_mean,4,Other,overall,598,0.0433761976543909,0.034525995696791295,0.0433761976543909,0.034525995696791295,-1.0515074245761813
test,training_mean,4,overall,overall,598,0.1128182771042302,0.0892985161581616,0.1128182771042302,0.0892985161581616,-3.6665993517925575
test,training_mean,4,Menard 1,endemic,299,0.10222747538424946,0.08249811279823267,0.10222747538424946,0.08249811279823267,-2.3427887260511326
test,training_mean,4,Menard 2,endemic,299,0.10488691114058825,0.08715431272527757,0.10488691114058825,0.08715431272527757,-3.4401377123421
test,training_mean,4,Sorrel 0,endemic,299,0.08052852442609613,0.061123078306433064,0.08052852442609613,0.061123078306433064,-3.5475597027399317
test,training_mean,4,Sorrel 1,endemic,299,0.2228415605298991,0.19787898637715834,0.2228415605298991,0.19787898637715834,-7.241994152084198
test,training_mean,4,Sorrel 2,endemic,299,0.12481066741516837,0.10603667457397417,0.12481066741516837,0.10603667457397417,-5.193174549071044
test,training_mean,4,Other,endemic,299,0.05214902926816201,0.0429616323865336,0.05214902926816201,0.0429616323865336,-1.5059952303212332
test,training_mean,4,overall,endemic,299,0.1264200334545699,0.09627546619460159,0.1264200334545699,0.09627546619460159,-4.328737437378283
test,training_mean,4,Menard 1,outbreak,299,0.07850107838489864,0.0710723888217497,0.07850107838489864,0.0710723888217497,-1.716831541620449
test,training_mean,4,Menard 2,outbreak,299,0.0744188708149022,0.0687802463700209,0.0744188708149022,0.0687802463700209,-2.007722825654473
test,training_mean,4,Sorrel 0,outbreak,299,0.0742423619160239,0.06916049825675209,0.0742423619160239,0.06916049825675209,-2.3065633205566356
test,training_mean,4,Sorrel 1,outbreak,299,0.1730775346630219,0.1700910123246635,0.1730775346630219,0.1700910123246635,-5.560111808479675
test,training_mean,4,Sorrel 2,outbreak,299,0.09290639317143137,0.08873489195009451,0.09290639317143137,0.08873489195009451,-3.042508296508558
test,training_mean,4,Other,outbreak,299,0.03230275208544861,0.026090359007048983,0.03230275208544861,0.026090359007048983,-0.5043954451155594
test,training_mean,4,overall,outbreak,299,0.09733397371359692,0.08232156612172162,0.09733397371359692,0.08232156612172162,-2.953626639788796
