split,model,h,ward,scenario,n,rmse,mae,rmse_clipped,mae_clipped,skill_vs_persistence
train,edmd_D2,1,Menard 1,overall,2730,0.008740945451330704,0.0065287880031677185,0.008740945451330704,0.0065287880031677185,0.1958854875986359
train,edmd_D2,1,Menard 2,overall,2730,0.006798078344085771,0.005227520773520598,0.006798078344085771,0.005227520773520598,0.1597665350001476
train,edmd_D2,1,Sorrel 0,overall,2730,0.006360204590940078,0.004908892745521192,0.006360204590940078,0.004908892745521192,0.11798424003068575
train,edmd_D2,1,Sorrel 1,overall,2730,0.009036924094246446,0.006764656808158622,0.009036924094246446,0.006764656808158622,0.06630164975287511
train,edmd_D2,1,Sorrel 2,overall,2730,0.00724907829957367,0.0056431004008080975,0.00724907829957367,0.0056431004008080975,0.12390072269403629
train,edmd_D2,1,Other,overall,2730,0.006106221641856341,0.0048105648231882665,0.006106221641856341,0.0048105648231882665,0.16038881445635544
train,edmd_D2,1,overall,overall,2730,0.007467387707135594,0.005647253925727415,0.007467387707135594,0.005647253925727415,0.1383642485839609
train,edmd_D2,1,Menard 1,endemic,1365,0.01018371037657175,0.007698211913029753,0.01018371037657175,0.007698211913029753,0.1808682481219619
train,edmd_D2,1,Menard 2,endemic,1365,0.00755696136536362,0.005767857438493443,0.00755696136536362,0.005767857438493443,0.1176550494337597
train,edmd_D2,1,Sorrel 0,endemic,1365,0.007031298351800507,0.005342853652941318,0.007031298351800507,0.005342853652941318,0.05658208104656104
train,edmd_D2,1,Sorrel 1,endemic,1365,0.010651081645240939,0.007951360275226875,0.010651081645240939,0.007951360275226875,0.017648973545678515
train,edmd_D2,1,Sorrel 2,endemic,1365,0.008093042993079303,0.006170501701933359,0.008093042993079303,0.006170501701933359,0.06856862748124493
train,edmd_D2,1,Other,endemic,1365,0.006415411298550919,0.005032872624672893,0.006415411298550919,0.005032872624672893,0.13013707280243225
train,edmd_D2,1,overall,endemic,1365,0.00846911217163601,0.006327276267716273,0.00846911217163601,0.006327276267716273,0.09966772479456243
train,edmd_D2,1,Menard 1,outbreak,1365,0.007007160461441043,0.0053593640933056845,0.007007160461441043,0.0053593640933056845,0.22506828859452066
train,edmd_D2,1,Menard 2,outbreak,1365,0.005943069347320247,0.004687184108547753,0.005943069347320247,0.004687184108547753,0.2167003488050847
train,edmd_D2,1,Sorrel 0,outbreak,1365,0.005609389304121969,0.0044749318381010665,0.005609389304121969,0.0044749318381010665,0.19411812924654148
train,edmd_D2,1,Sorrel 1,outbreak,1365,0.007063034330707692,0.005577953341090366,0.007063034330707692,0.005577953341090366,0.15455734824864042
train,edmd_D2,1,Sorrel 2,outbreak,1365,0.006292926783212228,0.005115699099682836,0.006292926783212228,0.005115699099682836,0.19710666273056243
train,edmd_D2,1,Other,outbreak,1365,0.005780517567603675,0.004588257021703638,0.005780517567603675,0.004588257021703638,0.19364399435031987
train,edmd_D2,1,overall,outbreak,1365,0.006308557470738167,0.004967231583738557,0.006308557470738167,0.004967231583738557,0.1970765395945837
train,edmd_D2,2,Menard 1,overall,2730,0.014012334114414228,0.010565013795622972,0.014012334114414228,0.010565013795622972,0.26214618947048673
train,edmd_D2,2,Menard 2,overall,2730,0.010817968522723102,0.00832266031373227,0.010817968522723102,0.00832266031373227,0.22030736559653985
train,edmd_D2,2,Sorrel 0,overall,2730,0.009986595043706855,0.007793154261246151,0.009986595043706855,0.007793154261246151,0.17317579616807333
train,edmd_D2,2,Sorrel 1,overall,2730,0.014369829006251408,0.010913418988913227,0.014369829006251408,0.010913418988913227,0.09861305250408037
train,edmd_D2,2,Sorrel 2,overall,2730,0.011410528042649025,0.008848201629047167,0.011410528042649025,0.008848201629047167,0.18374470632893003
train,edmd_D2,2,Other,overall,2730,0.009461430691349925,0.007468758404363826,0.009461430691349925,0.007468758404363826,0.22918273741701356
train,edmd_D2,2,overall,overall,2730,0.011827347106514048,0.00898520123215427,0.011827347106514048,0.00898520123215427,0.1962613154325109
train,edmd_D2,2,Menard 1,endemic,1365,0.016405224286785546,0.0126407452200097,0.016405224286785546,0.0126407452200097,0.23981330710902493
train,edmd_D2,2,Menard 2,endemic,1365,0.012073343502729898,0.009341210030938829,0.012073343502729898,0.009341210030938829,0.16483094716147706
train,edmd_D2,2,Sorrel 0,endemic,1365,0.011039398804177333,0.008709758530982553,0.011039398804177333,0.008709758530982553,0.09015143886356869
train,edmd_D2,2,Sorrel 1,endemic,1365,0.016995429729261095,0.013079920437795755,0.016995429729261095,0.013079920437795755,0.026241852871656035
train,edmd_D2,2,Sorrel 2,endemic,1365,0.012623804307759718,0.009753315195788275,0.012623804307759718,0.009753315195788275,0.1073041011241972
train,edmd_D2,2,Other,endemic,1365,0.009895613064772343,0.007839112208304213,0.009895613064772343,0.007839112208304213,0.18875383312074134
train,edmd_D2,2,overall,endemic,1365,0.01343436859949683,0.010227343603969886,0.01343436859949683,0.010227343603969886,0.14325378226407515
train,edmd_D2,2,Menard 1,outbreak,1365,0.011115737976770379,0.008489282371236247,0.011115737976770379,0.008489282371236247,0.3046846466037336
train,edmd_D2,2,Menard 2,outbreak,1365,0.00939634304303251,0.007304110596525712,0.00939634304303251,0.007304110596525712,0.2917873458481717
train,edmd_D2,2,Sorrel 0,outbreak,1365,0.008808849821418725,0.006876549991509751,0.008808849821418725,0.006876549991509751,0.26733562780427333
train,edmd_D2,2,Sorrel 1,outbreak,1365,0.01114178350424908,0.008746917540030704,0.01114178350424908,0.008746917540030704,0.21928044672750435
train,edmd_D2,2,Sorrel 2,outbreak,1365,0.010051858794449251,0.007943088062306055,0.010051858794449251,0.007943088062306055,0.2724014735191538
train,edmd_D2,2,Other,outbreak,1365,0.009006341295262107,0.007098404600423441,0.009006341295262107,0.007098404600423441,0.27077554779306345
train,edmd_D2,2,overall,outbreak,1365,0.009964437740725068,0.007743058860338652,0.009964437740725068,0.007743058860338652,0.2717230808373018
train,edmd_D2,3,Menard 1,overall,2730,0.01801030029080869,0.013713843715239626,0.01801030029080869,0.013713843715239626,0.31119790819710336
train,edmd_D2,3,Menard 2,overall,2730,0.013792568338943158,0.010738032898456807,0.013792568338943158,0.010738032898456807,0.26823472292361106
train,edmd_D2,3,Sorrel 0,overall,2730,0.012545870587935706,0.009872603691513144,0.012545870587935706,0.009872603691513144,0.22275618603076164
train,edmd_D2,3,Sorrel 1,overall,2730,0.018299043751134995,0.013902057711656318,0.018299043751134995,0.013902057711656318,0.12815933799853207
train,edmd_D2,3,Sorrel 2,overall,2730,0.014407513606410498,0.011224723268695648,0.014407513606410498,0.011224723268695648,0.23406598263957945
train,edmd_D2,3,Other,overall,2730,0.011734390313002026,0.009205247799543643,0.011734390313002026,0.009205247799543643,0.28795944158082587
train,edmd_D2,3,overall,overall,2730,0.01501184028970401,0.011442751514184198,0.01501184028970401,0.011442751514184198,0.24394536082903517
train,edmd_D2,3,Menard 1,endemic,1365,0.02115253502001782,0.016495812107554478,0.02115253502001782,0.016495812107554478,0.2829295196123207
train,edmd_D2,3,Menard 2,endemic,1365,0.015460979271302789,0.012048096256996037,0.015460979271302789,0.012048096256996037,0.19915121798449764
train,edmd_D2,3,Sorrel 0,endemic,1365,0.0138262711980949,0.010980017338195086,0.0138262711980949,0.010980017338195086,0.12062159392511462
train,edmd_D2,3,Sorrel 1,endemic,1365,0.021702816460291634,0.01693014428886452,0.021702816460291634,0.01693014428886452,0.03610791188958806
train,edmd_D2,3,Sorrel 2,endemic,1365,0.015924075529022433,0.01235068283146534,0.015924075529022433,0.01235068283146534,0.1436983968416894
train,edmd_D2,3,Other,endemic,1365,0.012285357525602635,0.009633365193163003,0.012285357525602635,0.009633365193163003,0.2397842062869714
train,edmd_D2,3,overall,endemic,1365,0.01709364319632204,0.013073019669373074,0.01709364319632204,0.013073019669373074,0.17948270776648811
train,edmd_D2,3,Menard 1,outbreak,1365,0.01418844936408228,0.010931875322924776,0.01418844936408228,0.010931875322924776,0.3636867027201298
train,edmd_D2,3,Menard 2,outbreak,1365,0.011892350597807817,0.009427969539917579,0.011892350597807817,0.009427969539917579,0.35295854415438754
train,edmd_D2,3,Sorrel 0,outbreak,1365,0.011118991068221609,0.008765190044831204,0.011118991068221609,0.008765190044831204,0.32814162027386673
train,edmd_D2,3,Sorrel 1,outbreak,1365,0.01409601937082948,0.010873971134448119,0.01409601937082948,0.010873971134448119,0.27122167027149213
train,edmd_D2,3,Sorrel 2,outbreak,1365,0.012711282987322572,0.010098763705925958,0.012711282987322572,0.010098763705925958,0.33175961407308996
train,edmd_D2,3,Other,outbreak,1365,0.011156245896531249,0.008777130405924281,0.011156245896531249,0.008777130405924281,0.3356789961018488
train,edmd_D2,3,overall,outbreak,1365,0.012590395547559027,0.009812483358995318,0.012590395547559027,0.009812483358995318,0.33127881476581866
train,edmd_D2,4,Menard 1,overall,2730,0.021437560583990992,0.016342106758751935,0.021437560583990992,0.016342106758751935,0.3474930073297473
train,edmd_D2,4,Menard 2,overall,2730,0.01614047759248992,0.012501374336354256,0.01614047759248992,0.012501374336354256,0.3105063525859795
train,edmd_D2,4,Sorrel 0,overall,2730,0.014685421717444355,0.011566482251861118,0.014685421717444355,0.011566482251861118,0.26353908468223697
train,edmd_D2,4,Sorrel 1,overall,2730,0.021426192532104666,0.016557868311319487,0.021426192532104666,0.016557868311319487,0.15549592662478717
train,edmd_D2,4,Sorrel 2,overall,2730,0.016882260850388315,0.013167574400417253,0.016882260850388315,0.013167574400417253,0.2749747060701907
train,edmd_D2,4,Other,overall,2730,0.013603344796753692,0.010855967909870862,0.013603344796753692,0.010855967909870862,0.33536533655404754
train,edmd_D2,4,overall,overall,2730,0.017629941762183434,0.013498562328095818,0.017629941762183434,0.013498562328095818,0.2832234120765237
train,edmd_D2,4,Menard 1,endemic,1365,0.02527027080523227,0.019804236929314042,0.02527027080523227,0.019804236929314042,0.3154745413771566
train,edmd_D2,4,Menard 2,endemic,1365,0.0180937818312274,0.014172716658571526,0.0180937818312274,0.014172716658571526,0.23060922869430334
train,edmd_D2,4,Sorrel 0,endemic,1365,0.016092753965620658,0.012790015000920684,0.016092753965620658,0.012790015000920684,0.14545513612213345
train,edmd_D2,4,Sorrel 1,endemic,1365,0.02549918687897482,0.02028571446962878,0.02549918687897482,0.02028571446962878,0.04594236268143237
train,edmd_D2,4,Sorrel 2,endemic,1365,0.018764161236710736,0.014646003569824578,0.018764161236710736,0.014646003569824578,0.1738902365487337
train,edmd_D2,4,Other,endemic,1365,0.014190286423448049,0.011317677188708325,0.014190286423448049,0.011317677188708325,0.2860752510133684
train,edmd_D2,4,overall,endemic,1365,0.020118874906040685,0.015502727302827991,0.020118874906040685,0.015502727302827991,0.2104526885992859
train,edmd_D2,4,Menard 1,outbreak,1365,0.016749669280758765,0.012879976588189831,0.016749669280758765,0.012879976588189831,0.406310062566144
train,edmd_D2,4,Menard 2,outbreak,1365,0.013915642021526843,0.010830032014136981,0.013915642021526843,0.010830032014136981,0.4027833280510257
train,edmd_D2,4,Sorrel 0,outbreak,1365,0.013128080280085627,0.010342949502801553,0.013128080280085627,0.010342949502801553,0.3745744885219219
train,edmd_D2,4,Sorrel 1,outbreak,1365,0.016369328677644474,0.012830022153010191,0.016369328677644474,0.012830022153010191,0.3162040916768998
train,edmd_D2,4,Sorrel 2,outbreak,1365,0.014762375009592134,0.011689145231009923,0.014762375009592134,0.011689145231009923,0.3808395022931398
train,edmd_D2,4,Other,outbreak,1365,0.012989909566245546,0.010394258631033397,0.012989909566245546,0.010394258631033397,0.38266073227468544
train,edmd_D2,4,overall,outbreak,1365,0.014726186389932915,0.011494397353363647,0.014726186389932915,0.011494397353363647,0.378056098379953
train,persistence,1,Menard 1,overall,2730,0.010870274465296263,0.007473623881787146,0.010870274465296263,0.007473623881787146,0.0
train,persistence,1,Menard 2,overall,2730,0.008090701724296313,0.005604296871143231,0.008090701724296313,0.005604296871143231,0.0
train,persistence,1,Sorrel 0,overall,2730,0.0072109874671189,0.004886710974828464,0.0072109874671189,0.004886710974828464,0.0
train,persistence,1,Sorrel 1,overall,2730,0.00967863345999767,0.0065548142333856614,0.00967863345999767,0.0065548142333856614,0.0
train,persistence,1,Sorrel 2,overall,2730,0.008274265813647104,0.005761866998980401,0.008274265813647104,0.005761866998980401,0.0
train,persistence,1,Other,overall,2730,0.007272677814436916,0.004831490697752096,0.007272677814436916,0.004831490697752096,0.0
train,persistence,1,overall,overall,2730,0.008666524914807046,0.005852133942979501,0.008666524914807046,0.005852133942979501,0.0
train,persistence,1,Menard 1,endemic,1365,0.012432322826240558,0.008809150033639829,0.012432322826240558,0.008809150033639829,0.0
train,persistence,1,Menard 2,endemic,1365,0.008564633775615737,0.006077031683500685,0.008564633775615737,0.006077031683500685,0.0
train,persistence,1,Sorrel 0,endemic,1365,0.0074530048778387965,0.005256728140573267,0.0074530048778387965,0.005256728140573267,0.0
train,persistence,1,Sorrel 1,endemic,1365,0.010842439574461222,0.007882260596546311,0.010842439574461222,0.007882260596546311,0.0
train,persistence,1,Sorrel 2,endemic,1365,0.008688823709249007,0.006268861232042381,0.008688823709249007,0.006268861232042381,0.0
train,persistence,1,Other,endemic,1365,0.007375197974259476,0.0049520692073883555,0.007375197974259476,0.0049520692073883555,0.0
train,persistence,1,overall,endemic,1365,0.009406651749437207,0.006541016815615138,0.009406651749437207,0.006541016815615138,0.0
train,persistence,1,Menard 1,outbreak,1365,0.009042294125158829,0.006138097729934464,0.009042294125158829,0.006138097729934464,0.0
train,persistence,1,Menard 2,outbreak,1365,0.00758722327815946,0.005131562058785778,0.00758722327815946,0.005131562058785778,0.0
train,persistence,1,Sorrel 0,outbreak,1365,0.006960560235555958,0.004516693809083662,0.006960560235555958,0.004516693809083662,0.0
train,persistence,1,Sorrel 1,outbreak,1365,0.008354244153729892,0.005227367870225013,0.008354244153729892,0.005227367870225013,0.0
train,persistence,1,Sorrel 2,outbreak,1365,0.007837811688179978,0.0052548727659184205,0.007837811688179978,0.0052548727659184205,0.0
train,persistence,1,Other,outbreak,1365,0.007168691653690008,0.004710912188115835,0.007168691653690008,0.004710912188115835,0.0
train,persistence,1,overall,outbreak,1365,0.007856984858248902,0.005163251070343862,0.007856984858248902,0.005163251070343862,0.0
train,persistence,2,Menard 1,overall,2730,0.018990664430340774,0.01403842416087314,0.018990664430340774,0.01403842416087314,0.0
train,persistence,2,Menard 2,overall,2730,0.013874657840008823,0.010368669964357294,0.013874657840008823,0.010368669964357294,0.0
train,persistence,2,Sorrel 0,overall,2730,0.012078256777467157,0.008938511421822504,0.012078256777467157,0.008938511421822504,0.0
train,persistence,2,Sorrel 1,overall,2730,0.015941909349998055,0.01166993720565149,0.015941909349998055,0.01166993720565149,0.0
train,persistence,2,Sorrel 2,overall,2730,0.013979116743403536,0.010438103869620805,0.013979116743403536,0.010438103869620805,0.0
train,persistence,2,Other,overall,2730,0.012274544370795412,0.009074785396973846,0.012274544370795412,0.009074785396973846,0.0
train,persistence,2,overall,overall,2730,0.01471541352134696,0.01075473866988318,0.01471541352134696,0.01075473866988318,0.0
train,persistence,2,Menard 1,endemic,1365,0.02158052020668344,0.016065385861304227,0.02158052020668344,0.016065385861304227,0.0
train,persistence,2,Menard 2,endemic,1365,0.014456167241465348,0.01084762497161419,0.014456167241465348,0.01084762497161419,0.0
train,persistence,2,Sorrel 0,endemic,1365,0.012133226644210718,0.009168170503283989,0.012133226644210718,0.009168170503283989,0.0
train,persistence,2,Sorrel 1,endemic,1365,0.017453440342842186,0.01330481423338566,0.017453440342842186,0.01330481423338566,0.0
train,persistence,2,Sorrel 2,endemic,1365,0.014141214632729052,0.01065281306812971,0.014141214632729052,0.01065281306812971,0.0
train,persistence,2,Other,endemic,1365,0.012198039841395208,0.009087589209169756,0.012198039841395208,0.009087589209169756,0.0
train,persistence,2,overall,endemic,1365,0.015680686207170055,0.011521066307814588,0.015680686207170055,0.011521066307814588,0.0
train,persistence,2,Menard 1,outbreak,1365,0.015986613732136907,0.012011462460442055,0.015986613732136907,0.012011462460442055,0.0
train,persistence,2,Menard 2,outbreak,1365,0.013267685896245083,0.009889714957100402,0.013267685896245083,0.009889714957100402,0.0
train,persistence,2,Sorrel 0,outbreak,1365,0.01202303558861396,0.008708852340361017,0.01202303558861396,0.008708852340361017,0.0
train,persistence,2,Sorrel 1,outbreak,1365,0.014271172609353424,0.01003506017791732,0.014271172609353424,0.01003506017791732,0.0
train,persistence,2,Sorrel 2,outbreak,1365,0.013815117030358448,0.010223394671111902,0.013815117030358448,0.010223394671111902,0.0
train,persistence,2,Other,outbreak,1365,0.012350575008840107,0.009061981584777936,0.012350575008840107,0.009061981584777936,0.0
train,persistence,2,overall,outbreak,1365,0.01368220999256877,0.009988411031951774,0.01368220999256877,0.009988411031951774,0.0
train,persistence,3,Menard 1,overall,2730,0.026147278739627296,0.020095985647006053,0.026147278739627296,0.020095985647006053,0.0
train,persistence,3,Menard 2,overall,2730,0.018848350380942375,0.014744330242982532,0.018848350380942375,0.014744330242982532,0.0
train,persistence,3,Sorrel 0,overall,2730,0.01614148657403434,0.012456657717004846,0.01614148657403434,0.012456657717004846,0.0
train,persistence,3,Sorrel 1,overall,2730,0.020988977170583248,0.015962192569335426,0.020988977170583248,0.015962192569335426,0.0
train,persistence,3,Sorrel 2,overall,2730,0.01881038481103373,0.014616625397185045,0.01881038481103373,0.014616625397185045,0.0
train,persistence,3,Other,overall,2730,0.016479946506213004,0.012877294944164243,0.016479946506213004,0.012877294944164243,0.0
train,persistence,3,overall,overall,2730,0.019855496563270764,0.015125514419613026,0.019855496563270764,0.015125514419613026,0.0
train,persistence,3,Menard 1,endemic,1365,0.029498543865007307,0.022494331065759637,0.029498543865007307,0.022494331065759637,0.0
train,persistence,3,Menard 2,endemic,1365,0.019305741131792724,0.014971317990185914,0.019305741131792724,0.014971317990185914,0.0
train,persistence,3,Sorrel 0,endemic,1365,0.015722777705912298,0.012096421602429611,0.015722777705912298,0.012096421602429611,0.0
train,persistence,3,Sorrel 1,endemic,1365,0.022515815544079474,0.017547880690737833,0.022515815544079474,0.017547880690737833,0.0
train,persistence,3,Sorrel 2,endemic,1365,0.018596339736244118,0.014290569518846396,0.018596339736244118,0.014290569518846396,0.0
train,persistence,3,Other,endemic,1365,0.01616035555588601,0.012658850774352293,0.01616035555588601,0.012658850774352293,0.0
train,persistence,3,overall,endemic,1365,0.02083276410883653,0.015676561940385282,0.02083276410883653,0.015676561940385282,0.0
train,persistence,3,Menard 1,outbreak,1365,0.022297898574075787,0.017697640228252473,0.022297898574075787,0.017697640228252473,0.0
train,persistence,3,Menard 2,outbreak,1365,0.018379580613217147,0.014517342495779155,0.018379580613217147,0.014517342495779155,0.0
train,persistence,3,Sorrel 0,outbreak,1365,0.016549605398616885,0.01281689383158008,0.016549605398616885,0.01281689383158008,0.0
train,persistence,3,Sorrel 1,outbreak,1365,0.01934198479266072,0.014376504447933019,0.01934198479266072,0.014376504447933019,0.0
train,persistence,3,Sorrel 2,outbreak,1365,0.019022021498582235,0.01494268127552369,0.019022021498582235,0.01494268127552369,0.0
train,persistence,3,Other,outbreak,1365,0.016793456523379234,0.013095739113976195,0.016793456523379234,0.013095739113976195,0.0
train,persistence,3,overall,outbreak,1365,0.018827570930252436,0.014574466898840769,0.018827570930252436,0.014574466898840769,0.0
train,persistence,4,Menard 1,overall,2730,0.03285414689007717,0.02589469487428671,0.03285414689007717,0.02589469487428671,0.0
train,persistence,4,Menard 2,overall,2730,0.023409175201288025,0.01877955826742889,0.023409175201288025,0.01877955826742889,0.0
train,persistence,4,Sorrel 0,overall,2730,0.019940531007145153,0.01578955090303555,0.019940531007145153,0.01578955090303555,0.0
train,persistence,4,Sorrel 1,overall,2730,0.02537133118431392,0.01987349555206698,0.02537133118431392,0.01987349555206698,0.0
train,persistence,4,Sorrel 2,overall,2730,0.023285064661513328,0.018604605997831328,0.023285064661513328,0.018604605997831328,0.0
train,persistence,4,Other,overall,2730,0.020467401935108227,0.016443880334457844,0.020467401935108227,0.016443880334457844,0.0
train,persistence,4,overall,overall,2730,0.024596146217969975,0.01923096432151788,0.024596146217969975,0.01923096432151788,0.0
train,persistence,4,Menard 1,endemic,1365,0.036916480587985794,0.028678477984600437,0.036916480587985794,0.028678477984600437,0.0
train,persistence,4,Menard 2,endemic,1365,0.023517024776007252,0.018424019825637072,0.023517024776007252,0.018424019825637072,0.0
train,persistence,4,Sorrel 0,endemic,1365,0.018831959146758934,0.01467275048049414,0.018831959146758934,0.01467275048049414,0.0
train,persistence,4,Sorrel 1,endemic,1365,0.02672709266354359,0.02122710622710623,0.02672709266354359,0.02122710622710623,0.0
train,persistence,4,Sorrel 2,endemic,1365,0.02271388387702752,0.01774469026309969,0.02271388387702752,0.01774469026309969,0.0
train,persistence,4,Other,endemic,1365,0.019876445582801563,0.015909683022145026,0.019876445582801563,0.015909683022145026,0.0
train,persistence,4,overall,endemic,1365,0.025481531778441934,0.019442787967180433,0.025481531778441934,0.019442787967180433,0.0
train,persistence,4,Menard 1,outbreak,1365,0.028212823267911417,0.023110911763972987,0.028212823267911417,0.023110911763972987,0.0
train,persistence,4,Menard 2,outbreak,1365,0.02330082644229293,0.0191350967092207,0.02330082644229293,0.0191350967092207,0.0
train,persistence,4,Sorrel 0,outbreak,1365,0.020990637636542558,0.016906351325576958,0.020990637636542558,0.016906351325576958,0.0
train,persistence,4,Sorrel 1,outbreak,1365,0.0239389099560242,0.018519884877027732,0.0239389099560242,0.018519884877027732,0.0
train,persistence,4,Sorrel 2,outbreak,1365,0.02384256596515196,0.019464521732562967,0.02384256596515196,0.019464521732562967,0.0
train,persistence,4,Other,outbreak,1365,0.021041767866328914,0.016978077646770656,0.021041767866328914,0.016978077646770656,0.0
train,persistence,4,overall,outbreak,1365,0.023677676317066486,0.019019140675855334,0.023677676317066486,0.019019140675855334,0.0
train,training_mean,1,Menard 1,overall,2730,0.09968382959579664,0.08611329911347065,0.09968382959579664,0.08611329911347065,-8.170313952425102
train,training_mean,1,Menard 2,overall,2730,0.09415009359154042,0.08213894556371196,0.09415009359154042,0.08213894556371196,-10.636826668422152
train,training_mean,1,Sorrel 0,overall,2730,0.08782632331794507,0.07863854480205687,0.08782632331794507,0.07863854480205687,-11.179514070496015
train,training_mean,1,Sorrel 1,overall,2730,0.1970494967527399,0.18119950016636696,0.1970494967527399,0.18119950016636696,-19.359227112707224
train,training_mean,1,Sorrel 2,overall,2730,0.11783476545405519,0.10426458442596886,0.11783476545405519,0.10426458442596886,-13.241114330615924
train,training_mean,1,Other,overall,2730,0.04078823133237661,0.033399842798938865,0.04078823133237661,0.033399842798938865,-4.608419948345342
train,training_mean,1,overall,overall,2730,0.11611186058357086,0.09429245281175237,0.11611186058357086,0.09429245281175237,-12.397741508270505
train,training_mean,1,Menard 1,endemic,1365,0.10560069180230927,0.08438039203122359,0.10560069180230927,0.08438039203122359,-7.494043573210698
train,training_mean,1,Menard 2,endemic,1365,0.10052099838238834,0.08098379057200158,0.10052099838238834,0.08098379057200158,-10.736753843296889
train,training_mean,1,Sorrel 0,endemic,1365,0.09218487479398296,0.07756012445716419,0.09218487479398296,0.07756012445716419,-11.36881986594305
train,training_mean,1,Sorrel 1,endemic,1365,0.2104688230191953,0.18205373915133716,0.2104688230191953,0.18205373915133716,-18.41157444999216
train,training_mean,1,Sorrel 2,endemic,1365,0.1258312208838836,0.10268494875764307,0.1258312208838836,0.10268494875764307,-13.481962702263118
train,training_mean,1,Other,endemic,1365,0.042879272771321676,0.032950396525221734,0.042879272771321676,0.032950396525221734,-4.813982610497594
train,training_mean,1,overall,endemic,1365,0.12364147228398745,0.09343556524909856,0.12364147228398745,0.09343556524909856,-12.144046955005518
train,training_mean,1,Menard 1,outbreak,1365,0.09339285656109536,0.0878462061957177,0.09339285656109536,0.0878462061957177,-9.3284471029585
train,training_mean,1,Menard 2,outbreak,1365,0.08731557209799132,0.08329410055542232,0.08731557209799132,0.08329410055542232,-10.50823811253024
train,training_mean,1,Sorrel 0,outbreak,1365,0.08323986421369349,0.07971696514694955,0.08323986421369349,0.07971696514694955,-10.958787999346278
train,training_mean,1,Sorrel 1,outbreak,1365,0.18264688028523987,0.1803452611813968,0.18264688028523987,0.1803452611813968,-20.862765430873136
train,training_mean,1,Sorrel 2,outbreak,1365,0.10925460059006986,0.10584422009429469,0.10925460059006986,0.10584422009429469,-12.939426581890732
train,training_mean,1,Other,outbreak,1365,0.038584032928784526,0.03384928907265599,0.038584032928784526,0.03384928907265599,-4.382297745910693
train,training_mean,1,overall,outbreak,1365,0.10805884816989841,0.09514934037440617,0.10805884816989841,0.09514934037440617,-12.75322087536537
train,training_mean,2,Menard 1,overall,2730,0.10061776679927684,0.0859910381735112,0.10061776679927684,0.0859910381735112,-4.298275221930785
train,training_mean,2,Menard 2,overall,2730,0.09380266704325979,0.08122498844032763,0.09380266704325979,0.08122498844032763,-5.760719300246192
train,training_mean,2,Sorrel 0,overall,2730,0.08681797138967821,0.07742353111865397,0.08681797138967821,0.07742353111865397,-6.187955430095118
train,training_mean,2,Sorrel 1,overall,2730,0.19514066017958798,0.17919820089207852,0.19514066017958798,0.17919820089207852,-11.240733270736593
train,training_mean,2,Sorrel 2,overall,2730,0.1169794020735055,0.10304829639268598,0.1169794020735055,0.10304829639268598,-7.368154027235356
train,training_mean,2,Other,overall,2730,0.04071394160366189,0.03288421040616404,0.04071394160366189,0.03288421040616404,-2.3169411730289386
train,training_mean,2,overall,overall,2730,0.11538480424361779,0.09329504423723688,0.11538480424361779,0.09329504423723688,-6.841084729031532
train,training_mean,2,Menard 1,endemic,1365,0.11140525983898765,0.08963296576261741,0.11140525983898765,0.08963296576261741,-4.162306504756344
train,training_mean,2,Menard 2,endemic,1365,0.10336488946709269,0.08376013312229139,0.10336488946709269,0.08376013312229139,-6.150227839825067
train,training_mean,2,Sorrel 0,endemic,1365,0.09347048018852223,0.07909126171436759,0.09347048018852223,0.07909126171436759,-6.703678743454529
train,training_mean,2,Sorrel 1,endemic,1365,0.21054539692115914,0.18249514897534003,0.21054539692115914,0.18249514897534003,-11.063260468157829
train,training_mean,2,Sorrel 2,endemic,1365,0.12795124187174203,0.10498965554273988,0.12795124187174203,0.10498965554273988,-8.048108326961252
train,training_mean,2,Other,endemic,1365,0.045020605728518424,0.03466972816716063,0.045020605728518424,0.03466972816716063,-2.6908065815408078
train,training_mean,2,overall,endemic,1365,0.1255387737994267,0.09577314888075282,0.1255387737994267,0.09577314888075282,-7.0059489834076025
train,training_mean,2,Menard 1,outbreak,1365,0.0885253527050582,0.08234911058440499,0.0885253527050582,0.08234911058440499,-4.53746742045197
train,training_mean,2,Menard 2,outbreak,1365,0.08314794233360813,0.07868984375836385,0.08314794233360813,0.07868984375836385,-5.266951372216312
train,training_mean,2,Sorrel 0,outbreak,1365,0.07961149192023123,0.07575580052294036,0.07961149192023123,0.07575580052294036,-5.621579993959663
train,training_mean,2,Sorrel 1,outbreak,1365,0.17841073495157858,0.175901252808817,0.17841073495157858,0.175901252808817,-11.501476916805489
train,training_mean,2,Sorrel 2,outbreak,1365,0.10486582247056804,0.10110693724263205,0.10486582247056804,0.10110693724263205,-6.590657555786712
train,training_mean,2,Other,outbreak,1365,0.035894221563506204,0.031098692645167448,0.035894221563506204,0.031098692645167448,-1.906279386815139
train,training_mean,2,overall,outbreak,1365,0.10424645017271508,0.09081693959372095,0.10424645017271508,0.09081693959372095,-6.619123681724996
train,training_mean,3,Menard 1,overall,2730,0.1015554718425582,0.08581944328402914,0.1015554718425582,0.08581944328402914,-2.8839786294336864
train,training_mean,3,Menard 2,overall,2730,0.0934613575187148,0.08025623436187679,0.0934613575187148,0.08025623436187679,-3.958596143947635
train,training_mean,3,Sorrel 0,overall,2730,0.08593978119690333,0.0762900127700253,0.08593978119690333,0.0762900127700253,-4.324155294045131
train,training_mean,3,Sorrel 1,overall,2730,0.1931367219119935,0.17706562888891828,0.1931367219119935,0.17706562888891828,-8.20181676040322
train,training_mean,3,Sorrel 2,overall,2730,0.11635352988400836,0.10197811838756901,0.11635352988400836,0.10197811838756901,-5.185600722838914
train,training_mean,3,Other,overall,2730,0.04096500344349278,0.03262356034300565,0.04096500344349278,0.03262356034300565,-1.4857485689075998
train,training_mean,3,overall,overall,2730,0.11471141615454132,0.09233883300590402,0.11471141615454132,0.09233883300590402,-4.777312886082013
train,training_mean,3,Menard 1,endemic,1365,0.11675453147400963,0.09470613600402637,0.11675453147400963,0.09470613600402637,-2.9579760956441605
train,training_mean,3,Menard 2,endemic,1365,0.10594147874826701,0.08633599904817651,0.10594147874826701,0.08633599904817651,-4.487563415724166
train,training_mean,3,Sorrel 0,endemic,1365,0.09484288457954372,0.0807292847644695,0.09484288457954372,0.0807292847644695,-5.032196495653537
train,training_mean,3,Sorrel 1,endemic,1365,0.2102851363164986,0.18253795891983063,0.2102851363164986,0.18253795891983063,-8.339441243192853
train,training_mean,3,Sorrel 2,endemic,1365,0.13019173508270296,0.10744075251791449,0.13019173508270296,0.10744075251791449,-6.0009333518982935
train,training_mean,3,Other,endemic,1365,0.047218231391131044,0.036503932038094,0.047218231391131044,0.036503932038094,-1.9218559720323092
train,training_mean,3,overall,endemic,1365,0.12731174213301064,0.09804234388208524,0.12731174213301064,0.09804234388208524,-5.111130595435939
train,training_mean,3,Menard 1,outbreak,1365,0.08363855033783019,0.07693275056403191,0.08363855033783019,0.07693275056403191,-2.750961107836005
train,training_mean,3,Menard 2,outbreak,1365,0.07903451005170174,0.07417646967557708,0.07903451005170174,0.07417646967557708,-3.30012586875167
train,training_mean,3,Sorrel 0,outbreak,1365,0.07600078439710072,0.07185074077558108,0.07600078439710072,0.07185074077558108,-3.5923019048812126
train,training_mean,3,Sorrel 1,outbreak,1365,0.1743093461239902,0.17159329885800592,0.1743093461239902,0.17159329885800592,-8.011967902597647
train,training_mean,3,Sorrel 2,outbreak,1365,0.10063001515001846,0.09651548425722355,0.10063001515001846,0.09651548425722355,-4.290185123464333
train,training_mean,3,Other,outbreak,1365,0.033566376607318774,0.028743188647917296,0.033566376607318774,0.028743188647917296,-0.9987771165863857
train,training_mean,3,overall,outbreak,1365,0.10054421071060499,0.0866353221297228,0.10054421071060499,0.0866353221297228,-4.340264608911868
train,training_mean,4,Menard 1,overall,2730,0.10263011939017821,0.08573905864456371,0.10263011939017821,0.08573905864456371,-2.123810206777131
train,training_mean,4,Menard 2,overall,2730,0.09321238825763625,0.07931686545652901,0.09321238825763625,0.07931686545652901,-2.9818740923647535
train,training_mean,4,Sorrel 0,overall,2730,0.08517137160868603,0.07513168890848931,0.08517137160868603,0.07513168890848931,-3.271268983667845
train,training_mean,4,Sorrel 1,overall,2730,0.19109987872124942,0.17490806549726123,0.19109987872124942,0.17490806549726123,-6.5321187261706966
train,training_mean,4,Sorrel 2,overall,2730,0.11582135844856854,0.10095765809061456,0.11582135844856854,0.10095765809061456,-3.974062135202211
train,training_mean,4,Other,overall,2730,0.041597391082040726,0.03267847424216354,0.041597391082040726,0.03267847424216354,-1.0323728050059797
train,training_mean,4,overall,overall,2730,0.11411963527910796,0.09145530180660356,0.11411963527910796,0.09145530180660356,-3.6397364151190486
train,training_mean,4,Menard 1,endemic,1365,0.12182681826347569,0.09969363164767016,0.12182681826347569,0.09969363164767016,-2.300065887188698
train,training_mean,4,Menard 2,endemic,1365,0.10843703224022738,0.08890547137370215,0.10843703224022738,0.08890547137370215,-3.611001318111378
train,training_mean,4,Sorrel 0,endemic,1365,0.09625581446615206,0.08232321253447518,0.09625581446615206,0.08232321253447518,-4.1113011511985
train,training_mean,4,Sorrel 1,endemic,1365,0.2098568750374537,0.18243005348659505,0.2098568750374537,0.18243005348659505,-6.851840740003257
train,training_mean,4,Sorrel 2,endemic,1365,0.1323443126960745,0.1098584023315123,0.1323443126960745,0.1098584023315123,-4.826582253065295
train,training_mean,4,Other,endemic,1365,0.049555596135050055,0.03851531821519745,0.049555596135050055,0.03851531821519745,-1.4931819891343596
train,training_mean,4,overall,endemic,1365,0.12901952542128028,0.10028768159819205,0.12901952542128028,0.10028768159819205,-4.063256265089773
train,training_mean,4,Menard 1,outbreak,1365,0.07889302354379975,0.07178448564145727,0.07889302354379975,0.07178448564145727,-1.796353374301634
train,training_mean,4,Menard 2,outbreak,1365,0.07495671209649296,0.06972825953935585,0.07495671209649296,0.06972825953935585,-2.2169121675633066
train,training_mean,4,Sorrel 0,outbreak,1365,0.07240955230401228,0.06794016528250343,0.07240955230401228,0.06794016528250343,-2.44961184875845
train,training_mean,4,Sorrel 1,outbreak,1365,0.17028922248359413,0.16738607750792742,0.17028922248359413,0.16738607750792742,-6.1134910819421435
train,training_mean,4,Sorrel 2,outbreak,1365,0.09650988054467405,0.09205691384971684,0.09650988054467405,0.09205691384971684,-3.047797568673265
train,training_mean,4,Other,outbreak,1365,0.03170061168754154,0.026841630269129627,0.03170061168754154,0.026841630269129627,-0.5065564779976939
train,training_mean,4,overall,outbreak,1365,0.09695640449470502,0.08262292201501506,0.09695640449470502,0.08262292201501506,-3.0948445783432055
val,edmd_D2,1,Menard 1,overall,572,0.009137306127471248,0.006801235828573554,0.009137306127471248,0.006801235828573554,0.1661849016793372
val,edmd_D2,1,Menard 2,overall,572,0.006931718655422466,0.005429553230268328,0.006931718655422466,0.005429553230268328,0.13899261662134033
val,edmd_D2,1,Sorrel 0,overall,572,0.006448069715520055,0.005145983405045273,0.006448069715520055,0.005145983405045273,0.08734301749899676
val,edmd_D2,1,Sorrel 1,overall,572,0.00864241771935641,0.006403193416065244,0.00864241771935641,0.006403193416065244,0.06934187086995114
val,edmd_D2,1,Sorrel 2,overall,572,0.007579669946198449,0.005947222812337738,0.007579669946198449,0.005947222812337738,0.07189520751454004
val,edmd_D2,1,Other,overall,572,0.005989264844105908,0.0047846993711414595,0.005989264844105908,0.0047846993711414595,0.13541717694505429
val,edmd_D2,1,overall,overall,572,0.007540233901580408,0.005751981343905266,0.007540233901580408,0.005751981343905266,0.11519581978912552
val,edmd_D2,1,Menard 1,endemic,286,0.011050572573570134,0.00833784766874632,0.011050572573570134,0.00833784766874632,0.14980950072734112
val,edmd_D2,1,Menard 2,endemic,286,0.00750608828517217,0.005934683992790748,0.00750608828517217,0.005934683992790748,0.0637878163849448
val,edmd_D2,1,Sorrel 0,endemic,286,0.0070361180855264376,0.005679575843726106,0.0070361180855264376,0.005679575843726106,0.026191866551194654
val,edmd_D2,1,Sorrel 1,endemic,286,0.010134995198101694,0.007525131329945501,0.010134995198101694,0.007525131329945501,0.015628253988170804
val,edmd_D2,1,Sorrel 2,endemic,286,0.008747224901924533,0.006709278582881171,0.008747224901924533,0.006709278582881171,0.01047854161670947
val,edmd_D2,1,Other,endemic,286,0.006198444571137925,0.004869748470978301,0.006198444571137925,0.004869748470978301,0.09706226102724402
val,edmd_D2,1,overall,endemic,286,0.008617968239999822,0.0065093776481780245,0.008617968239999822,0.0065093776481780245,0.07133166727350593
val,edmd_D2,1,Menard 1,outbreak,286,0.0066981767915237035,0.005264623988400789,0.0066981767915237035,0.005264623988400789,0.20637207129439616
val,edmd_D2,1,Menard 2,outbreak,286,0.0063052427146831356,0.004924422467745908,0.0063052427146831356,0.004924422467745908,0.22001222401566023
val,edmd_D2,1,Sorrel 0,outbreak,286,0.005800711025291776,0.004612390966364439,0.005800711025291776,0.004612390966364439,0.15946865336662353
val,edmd_D2,1,Sorrel 1,outbreak,286,0.006831152201945651,0.005281255502184986,0.006831152201945651,0.005281255502184986,0.16210254035549654
val,edmd_D2,1,Sorrel 2,outbreak,286,0.006195873586650987,0.005185167041794307,0.006195873586650987,0.005185167041794307,0.16644892639300368
val,edmd_D2,1,Other,outbreak,286,0.005772509995159534,0.004699650271304621,0.005772509995159534,0.004699650271304621,0.17410265900417243
val,edmd_D2,1,overall,outbreak,286,0.006280197289531544,0.0049945850396325075,0.006280197289531544,0.0049945850396325075,0.1832834361565313
val,edmd_D2,2,Menard 1,overall,572,0.014466077148391362,0.011112182438491103,0.014466077148391362,0.011112182438491103,0.2306601078723285
val,edmd_D2,2,Menard 2,overall,572,0.010753411475619493,0.008383678484348341,0.010753411475619493,0.008383678484348341,0.20626112239348038
val,edmd_D2,2,Sorrel 0,overall,572,0.01030540339611831,0.008230595709639747,0.01030540339611831,0.008230595709639747,0.12361087034571006
val,edmd_D2,2,Sorrel 1,overall,572,0.013275360636114933,0.010243480621851505,0.013275360636114933,0.010243480621851505,0.11295694961793457
val,edmd_D2,2,Sorrel 2,overall,572,0.01203279825770681,0.009495751237171115,0.01203279825770681,0.009495751237171115,0.11290654797901167
val,edmd_D2,2,Other,overall,572,0.009130260090805113,0.007370875853772995,0.009130260090805113,0.007370875853772995,0.2053785645027243
val,edmd_D2,2,overall,overall,572,0.011800350763425446,0.009139427390879135,0.011800350763425446,0.009139427390879135,0.1708806618231974
val,edmd_D2,2,Menard 1,endemic,286,0.017289663376366633,0.013716561424163548,0.017289663376366633,0.013716561424163548,0.21062954378596466
val,edmd_D2,2,Menard 2,endemic,286,0.012058101415403396,0.009704004795306618,0.012058101415403396,0.009704004795306618,0.10069699531828835
val,edmd_D2,2,Sorrel 0,endemic,286,0.011361093120344197,0.009257366133604526,0.011361093120344197,0.009257366133604526,0.03660235182784932
val,edmd_D2,2,Sorrel 1,endemic,286,0.01537810441434454,0.012003103437388508,0.01537810441434454,0.012003103437388508,0.03346647745469533
val,edmd_D2,2,Sorrel 2,endemic,286,0.014159212656343156,0.011421104404114011,0.014159212656343156,0.011421104404114011,0.014721912259529124
val,edmd_D2,2,Other,endemic,286,0.009509569832101236,0.007700413971572452,0.009509569832101236,0.007700413971572452,0.14870358369801795
val,edmd_D2,2,overall,endemic,286,0.013545023828691972,0.01063375902769161,0.013545023828691972,0.01063375902769161,0.10785176415299125
val,edmd_D2,2,Menard 1,outbreak,286,0.010936284399115995,0.008507803452818652,0.010936284399115995,0.008507803452818652,0.27473556955888445
val,edmd_D2,2,Menard 2,outbreak,286,0.009266817521879701,0.0070633521733900655,0.009266817521879701,0.0070633521733900655,0.3228927427684283
val,edmd_D2,2,Sorrel 0,outbreak,286,0.009128430392149646,0.007203825285674965,0.009128430392149646,0.007203825285674965,0.22145841646646902
val,edmd_D2,2,Sorrel 1,outbreak,286,0.010769600951722249,0.008483857806314506,0.010769600951722249,0.008483857806314506,0.2283917561273544
val,edmd_D2,2,Sorrel 2,outbreak,286,0.009438917563672003,0.007570398070228218,0.009438917563672003,0.007570398070228218,0.25717180909352855
val,edmd_D2,2,Other,outbreak,286,0.008734493703694978,0.007041337735973536,0.008734493703694978,0.007041337735973536,0.25983997735585507
val,edmd_D2,2,overall,outbreak,286,0.009748276040404149,0.007645095754066657,0.009748276040404149,0.007645095754066657,0.26228593879181317
val,edmd_D2,3,Menard 1,overall,572,0.018486535491447777,0.014602202166921076,0.018486535491447777,0.014602202166921076,0.2779546640294275
val,edmd_D2,3,Menard 2,overall,572,0.013397738082195807,0.010694361917210826,0.013397738082195807,0.010694361917210826,0.2640446442432174
val,edmd_D2,3,Sorrel 0,overall,572,0.013116979351367547,0.010446666401244786,0.013116979351367547,0.010446666401244786,0.15686854878696366
val,edmd_D2,3,Sorrel 1,overall,572,0.01698688520818934,0.013155251615314202,0.01698688520818934,0.013155251615314202,0.14624610502090518
val,edmd_D2,3,Sorrel 2,overall,572,0.015643299989096082,0.012386970165954702,0.015643299989096082,0.012386970165954702,0.14485804389698642
val,edmd_D2,3,Other,overall,572,0.011355055475047436,0.009028167451035482,0.011355055475047436,0.009028167451035482,0.2663008517510077
val,edmd_D2,3,overall,overall,572,0.015030585018368053,0.011718936619613513,0.015030585018368053,0.011718936619613513,0.21487400657889622
val,edmd_D2,3,Menard 1,endemic,286,0.0217030406900547,0.017476284774013553,0.0217030406900547,0.017476284774013553,0.2591567669009164
val,edmd_D2,3,Menard 2,endemic,286,0.015333489359695722,0.012457878094834984,0.015333489359695722,0.012457878094834984,0.13787513641180738
val,edmd_D2,3,Sorrel 0,endemic,286,0.014714728770988582,0.012027316091411892,0.014714728770988582,0.012027316091411892,0.04537828805684552
val,edmd_D2,3,Sorrel 1,endemic,286,0.01964740955920392,0.01558389689247955,0.01964740955920392,0.01558389689247955,0.048301934771912136
val,edmd_D2,3,Sorrel 2,endemic,286,0.018725781562307756,0.015229881902708197,0.018725781562307756,0.015229881902708197,0.019930164273791462
val,edmd_D2,3,Other,endemic,286,0.012104949320670976,0.009647368424483828,0.012104949320670976,0.009647368424483828,0.1960924173024643
val,edmd_D2,3,overall,endemic,286,0.017348710372360087,0.013737104363322003,0.017348710372360087,0.013737104363322003,0.13795713196929194
val,edmd_D2,3,Menard 1,outbreak,286,0.014576762801079893,0.011728119559828604,0.014576762801079893,0.011728119559828604,0.3149941962907459
val,edmd_D2,3,Menard 2,outbreak,286,0.011130268437658531,0.008930845739586668,0.011130268437658531,0.008930845739586668,0.40204816154248735
val,edmd_D2,3,Sorrel 0,outbreak,286,0.011295443851599904,0.00886601671107768,0.011295443851599904,0.00886601671107768,0.2805176426018794
val,edmd_D2,3,Sorrel 1,outbreak,286,0.013823452382285191,0.01072660633814885,0.013823452382285191,0.01072660633814885,0.27700041389302865
val,edmd_D2,3,Sorrel 2,outbreak,286,0.011780100762660806,0.009544058429201207,0.011780100762660806,0.009544058429201207,0.3246119409797723
val,edmd_D2,3,Other,outbreak,286,0.010552003204453493,0.00840896647758713,0.010552003204453493,0.00840896647758713,0.3356925418621548
val,edmd_D2,3,overall,outbreak,286,0.012282476151197926,0.009700768875905022,0.012282476151197926,0.009700768875905022,0.321791230375711
val,edmd_D2,4,Menard 1,overall,572,0.021846850000840953,0.017586715295773523,0.021846850000840953,0.017586715295773523,0.3132450983061964
val,edmd_D2,4,Menard 2,overall,572,0.015764590727919227,0.012555449755505517,0.015764590727919227,0.012555449755505517,0.30529404443602015
val,edmd_D2,4,Sorrel 0,overall,572,0.015360530705712964,0.01212333296773413,0.015360530705712964,0.01212333296773413,0.19010257900122052
val,edmd_D2,4,Sorrel 1,overall,572,0.02015000282554876,0.015576795459596034,0.02015000282554876,0.015576795459596034,0.17544315694444235
val,edmd_D2,4,Sorrel 2,overall,572,0.01876028631547255,0.014911150619196267,0.01876028631547255,0.014911150619196267,0.1713339229247176
val,edmd_D2,4,Other,overall,572,0.013267812887847553,0.010723421023889516,0.013267812887847553,0.010723421023889516,0.3141035759748939
val,edmd_D2,4,overall,overall,572,0.017775258529175955,0.01391281085361583,0.017775258529175955,0.01391281085361583,0.2500335594058809
val,edmd_D2,4,Menard 1,endemic,286,0.02534500772129708,0.02096062811689768,0.02534500772129708,0.02096062811689768,0.2970303863841267
val,edmd_D2,4,Menard 2,endemic,286,0.018231559980463562,0.01485822183653002,0.018231559980463562,0.01485822183653002,0.16941940934599153
val,edmd_D2,4,Sorrel 0,endemic,286,0.0172820007453814,0.014114059118175171,0.0172820007453814,0.014114059118175171,0.05686487733100887
val,edmd_D2,4,Sorrel 1,endemic,286,0.023540660598691185,0.018625173001231555,0.023540660598691185,0.018625173001231555,0.061126401236040295
val,edmd_D2,4,Sorrel 2,endemic,286,0.022810001387310864,0.0187843926519564,0.022810001387310864,0.0187843926519564,0.024064956413053507
val,edmd_D2,4,Other,endemic,286,0.014101481730791308,0.011489971801071246,0.014101481730791308,0.011489971801071246,0.24020216213992063
val,edmd_D2,4,overall,endemic,286,0.020602335616756937,0.016472074420977013,0.020602335616756937,0.016472074420977013,0.16318987966402476
val,edmd_D2,4,Menard 1,outbreak,286,0.0176691905169954,0.014212802474649368,0.0176691905169954,0.014212802474649368,0.34335908715764696
val,edmd_D2,4,Menard 2,outbreak,286,0.012831791079827987,0.010252677674481011,0.012831791079827987,0.010252677674481011,0.4518914334983857
val,edmd_D2,4,Sorrel 0,outbreak,286,0.01316146866268876,0.010132606817293085,0.01316146866268876,0.010132606817293085,0.3280513133548686
val,edmd_D2,4,Sorrel 1,outbreak,286,0.01605872119181582,0.012528417917960513,0.01605872119181582,0.012528417917960513,0.3248225991148672
val,edmd_D2,4,Sorrel 2,outbreak,286,0.013549927010426649,0.011037908586436137,0.013549927010426649,0.011037908586436137,0.3807518788797579
val,edmd_D2,4,Other,outbreak,286,0.012378123066524515,0.009956870246707784,0.012378123066524515,0.009956870246707784,0.3840937490478451
val,edmd_D2,4,overall,outbreak,286,0.014403589784931867,0.011353547286254649,0.014403589784931867,0.011353547286254649,0.3667541420518773
val,persistence,1,Menard 1,overall,572,0.010958432086291254,0.007740830597973456,0.010958432086291254,0.007740830597973456,0.0
val,persistence,1,Menard 2,overall,572,0.008050707565621406,0.005657549997172639,0.008050707565621406,0.005657549997172639,0.0
val,persistence,1,Sorrel 0,overall,572,0.007065162310871782,0.004995938640798454,0.007065162310871782,0.004995938640798454,0.0
val,persistence,1,Sorrel 1,overall,572,0.009286350646756916,0.006194430569430569,0.009286350646756916,0.006194430569430569,0.0
val,persistence,1,Sorrel 2,overall,572,0.008166825564923689,0.005644870593324201,0.008166825564923689,0.005644870593324201,0.0
val,persistence,1,Other,overall,572,0.00692734655882156,0.004350436797245309,0.00692734655882156,0.004350436797245309,0.0
val,persistence,1,overall,overall,572,0.00852192391290845,0.005764009532657437,0.00852192391290845,0.005764009532657437,0.0
val,persistence,1,Menard 1,endemic,286,0.01299776059956438,0.009773084058798346,0.01299776059956438,0.009773084058798346,0.0
val,persistence,1,Menard 2,endemic,286,0.008017507586996398,0.0058111699621133574,0.008017507586996398,0.0058111699621133574,0.0
val,persistence,1,Sorrel 0,endemic,286,0.007225363851303608,0.005446889559039092,0.007225363851303608,0.005446889559039092,0.0
val,persistence,1,Sorrel 1,endemic,286,0.010295902172287564,0.007425074925074922,0.010295902172287564,0.007425074925074922,0.0
val,persistence,1,Sorrel 2,endemic,286,0.008839853676559989,0.006473938432701318,0.008839853676559989,0.006473938432701318,0.0
val,persistence,1,Other,endemic,286,0.0068647530207228925,0.004476374689140647,0.0068647530207228925,0.004476374689140647,0.0
val,persistence,1,overall,endemic,286,0.009279920436931637,0.006567755271144614,0.009279920436931637,0.006567755271144614,0.0
val,persistence,1,Menard 1,outbreak,286,0.00843994591073469,0.005708577137148566,0.00843994591073469,0.005708577137148566,0.0
val,persistence,1,Menard 2,outbreak,286,0.008083771193370252,0.005503930032231918,0.008083771193370252,0.005503930032231918,0.0
val,persistence,1,Sorrel 0,outbreak,286,0.006901242944151533,0.004544987722557816,0.006901242944151533,0.004544987722557816,0.0
val,persistence,1,Sorrel 1,outbreak,286,0.008152730532019896,0.004963786213786214,0.008152730532019896,0.004963786213786214,0.0
val,persistence,1,Sorrel 2,outbreak,286,0.007433106120108274,0.004815802753947084,0.007433106120108274,0.004815802753947084,0.0
val,persistence,1,Other,outbreak,286,0.006989379561628467,0.004224498905349969,0.006989379561628467,0.004224498905349969,0.0
val,persistence,1,overall,outbreak,286,0.007689567675690244,0.004960263794170261,0.007689567675690244,0.004960263794170261,0.0
val,persistence,2,Menard 1,overall,572,0.0188032328706942,0.014240045668617096,0.0188032328706942,0.014240045668617096,0.0
val,persistence,2,Menard 2,overall,572,0.013547794846645126,0.010333063163251843,0.013547794846645126,0.010333063163251843,0.0
val,persistence,2,Sorrel 0,overall,572,0.01175893566843246,0.008973269720933272,0.01175893566843246,0.008973269720933272,0.0
val,persistence,2,Sorrel 1,overall,572,0.014965858342948514,0.010856643356643355,0.014965858342948514,0.010856643356643355,0.0
val,persistence,2,Sorrel 2,overall,572,0.013564296106902294,0.010336055696880439,0.013564296106902294,0.010336055696880439,0.0
val,persistence,2,Other,overall,572,0.011490075252112193,0.008229005037515677,0.011490075252112193,0.008229005037515677,0.0
val,persistence,2,overall,overall,572,0.014232391189154873,0.01049468044064028,0.014232391189154873,0.01049468044064028,0.0
val,persistence,2,Menard 1,endemic,286,0.021903104227248397,0.017410208838780267,0.021903104227248397,0.017410208838780267,0.0
val,persistence,2,Menard 2,endemic,286,0.013408274355394925,0.010322696171752774,0.013408274355394925,0.010322696171752774,0.0
val,persistence,2,Sorrel 0,endemic,286,0.011792734954148518,0.009265500854285904,0.011792734954148518,0.009265500854285904,0.0
val,persistence,2,Sorrel 1,endemic,286,0.015910575324741223,0.012179070929070926,0.015910575324741223,0.012179070929070926,0.0
val,persistence,2,Sorrel 2,endemic,286,0.014370777988998362,0.01128871128871129,0.014370777988998362,0.01128871128871129,0.0
val,persistence,2,Other,endemic,286,0.011170691723818895,0.008274704019384871,0.011170691723818895,0.008274704019384871,0.0
val,persistence,2,overall,endemic,286,0.015182481211580582,0.011456815350331004,0.015182481211580582,0.011456815350331004,0.0
val,persistence,2,Menard 1,outbreak,286,0.015079030406143591,0.011069882498453927,0.015079030406143591,0.011069882498453927,0.0
val,persistence,2,Menard 2,outbreak,286,0.013685893073673608,0.010343430154750909,0.013685893073673608,0.010343430154750909,0.0
val,persistence,2,Sorrel 0,outbreak,286,0.011725038951315686,0.008681038587580642,0.011725038951315686,0.008681038587580642,0.0
val,persistence,2,Sorrel 1,outbreak,286,0.013957343039351687,0.009534215784215783,0.013957343039351687,0.009534215784215783,0.0
val,persistence,2,Sorrel 2,outbreak,286,0.012706730411178545,0.009383400105049589,0.012706730411178545,0.009383400105049589,0.0
val,persistence,2,Other,outbreak,286,0.01180081798053873,0.008183306055646482,0.01180081798053873,0.008183306055646482,0.0
val,persistence,2,overall,outbreak,286,0.013214165966199651,0.009532545530949555,0.013214165966199651,0.009532545530949555,0.0
val,persistence,3,Menard 1,overall,572,0.025603012124714022,0.0199819228390657,0.025603012124714022,0.0199819228390657,0.0
val,persistence,3,Menard 2,overall,572,0.01820455273189624,0.014559497106666916,0.01820455273189624,0.014559497106666916,0.0
val,persistence,3,Sorrel 0,overall,572,0.015557454691668528,0.012345598326906739,0.015557454691668528,0.012345598326906739,0.0
val,persistence,3,Sorrel 1,overall,572,0.01989670010068333,0.01501248751248751,0.01989670010068333,0.01501248751248751,0.0
val,persistence,3,Sorrel 2,overall,572,0.01829322006416866,0.01448448458757737,0.01829322006416866,0.01448448458757737,0.0
val,persistence,3,Other,overall,572,0.01547644630929014,0.01188226666950071,0.01547644630929014,0.01188226666950071,0.0
val,persistence,3,overall,overall,572,0.019144169399963263,0.01471104284036749,0.019144169399963263,0.01471104284036749,0.0
val,persistence,3,Menard 1,endemic,286,0.029295051531032935,0.023708672280100852,0.029295051531032935,0.023708672280100852,0.0
val,persistence,3,Menard 2,endemic,286,0.017785694401478255,0.014020884775601756,0.017785694401478255,0.014020884775601756,0.0
val,persistence,3,Sorrel 0,endemic,286,0.01541419872070206,0.012392280616579683,0.01541419872070206,0.012392280616579683,0.0
val,persistence,3,Sorrel 1,endemic,286,0.02064458285359143,0.016151348651348648,0.02064458285359143,0.016151348651348648,0.0
val,persistence,3,Sorrel 2,endemic,286,0.01910657881683747,0.015162157430198666,0.01910657881683747,0.015162157430198666,0.0
val,persistence,3,Other,endemic,286,0.015057637943969205,0.011654303143664847,0.015057637943969205,0.011654303143664847,0.0
val,persistence,3,overall,endemic,286,0.020125113281190193,0.015514941149582408,0.020125113281190193,0.015514941149582408,0.0
val,persistence,3,Menard 1,outbreak,286,0.02127976540074235,0.01625517339803054,0.02127976540074235,0.01625517339803054,0.0
val,persistence,3,Menard 2,outbreak,286,0.018613988153912818,0.015098109437732082,0.018613988153912818,0.015098109437732082,0.0
val,persistence,3,Sorrel 0,outbreak,286,0.015699403516227776,0.012298916037233794,0.015699403516227776,0.012298916037233794,0.0
val,persistence,3,Sorrel 1,outbreak,286,0.019119585471297825,0.013873626373626373,0.019119585471297825,0.013873626373626373,0.0
val,persistence,3,Sorrel 2,outbreak,286,0.01744197369990516,0.013806811744956073,0.01744197369990516,0.013806811744956073,0.0
val,persistence,3,Other,outbreak,286,0.01588421607373243,0.012110230195336578,0.01588421607373243,0.012110230195336578,0.0
val,persistence,3,overall,outbreak,286,0.01811017005575159,0.013907144531152573,0.01811017005575159,0.013907144531152573,0.0
val,persistence,4,Menard 1,overall,572,0.03181171324290247,0.02510774939346368,0.03181171324290247,0.02510774939346368,0.0
val,persistence,4,Menard 2,overall,572,0.022692465210149428,0.01860733606016625,0.022692465210149428,0.01860733606016625,0.0
val,persistence,4,Sorrel 0,overall,572,0.018966020026054773,0.01526324143146573,0.018966020026054773,0.01526324143146573,0.0
val,persistence,4,Sorrel 1,overall,572,0.024437372626584433,0.018906718281718284,0.024437372626584433,0.018906718281718284,0.0
val,persistence,4,Sorrel 2,overall,572,0.022639138773105853,0.018409425625920475,0.022639138773105853,0.018409425625920475,0.0
val,persistence,4,Other,overall,572,0.019343755737909935,0.01547176228027292,0.019343755737909935,0.01547176228027292,0.0
val,persistence,4,overall,overall,572,0.023701405245672724,0.01862770551216789,0.023701405245672724,0.01862770551216789,0.0
val,persistence,4,Menard 1,endemic,286,0.03605420096457606,0.02918414918414919,0.03605420096457606,0.02918414918414919,0.0
val,persistence,4,Menard 2,endemic,286,0.02195038047555124,0.017611633649369497,0.02195038047555124,0.017611633649369497,0.0
val,persistence,4,Sorrel 0,endemic,286,0.01832399232092516,0.01492246071685324,0.01832399232092516,0.01492246071685324,0.0
val,persistence,4,Sorrel 1,endemic,286,0.025073301272591747,0.019662837162837166,0.025073301272591747,0.019662837162837166,0.0
val,persistence,4,Sorrel 2,endemic,286,0.023372458584410602,0.018810055923457986,0.023372458584410602,0.018810055923457986,0.0
val,persistence,4,Other,endemic,286,0.018559518108800105,0.014784152018194573,0.018559518108800105,0.014784152018194573,0.0
val,persistence,4,overall,endemic,286,0.024620084193634272,0.019162548109143602,0.024620084193634272,0.019162548109143602,0.0
val,persistence,4,Menard 1,outbreak,286,0.026908452049556397,0.021031349602778176,0.026908452049556397,0.021031349602778176,0.0
val,persistence,4,Menard 2,outbreak,286,0.023411039097105946,0.019603038470963,0.023411039097105946,0.019603038470963,0.0
val,persistence,4,Sorrel 0,outbreak,286,0.01958701449124132,0.015604022146078218,0.01958701449124132,0.015604022146078218,0.0
val,persistence,4,Sorrel 1,outbreak,286,0.02378444712569382,0.018150599400599397,0.02378444712569382,0.018150599400599397,0.0
val,persistence,4,Sorrel 2,outbreak,286,0.021881256556603425,0.018008795328382954,0.021881256556603425,0.018008795328382954,0.0
val,persistence,4,Other,outbreak,286,0.02009741425320601,0.016159372542351266,0.02009741425320601,0.016159372542351266,0.0
val,persistence,4,overall,outbreak,286,0.022745651794080664,0.01809286291519217,0.022745651794080664,0.01809286291519217,0.0
val,training_mean,1,Menard 1,overall,572,0.10184771159106558,0.09034167779665984,0.10184771159106558,0.09034167779665984,-8.294003995195144
val,training_mean,1,Menard 2,overall,572,0.09556524348527917,0.08352930563965942,0.09556524348527917,0.08352930563965942,-10.87041545185014
val,training_mean,1,Sorrel 0,overall,572,0.07716850400032277,0.06979510319257426,0.07716850400032277,0.06979510319257426,-9.92239648642988
val,training_mean,1,Sorrel 1,overall,572,0.18752571813114977,0.1678594056503721,0.18752571813114977,0.1678594056503721,-19.193693439374876
val,training_mean,1,Sorrel 2,overall,572,0.11826633075431547,0.10744819880226668,0.11826633075431547,0.10744819880226668,-13.481309759114534
val,training_mean,1,Other,overall,572,0.035039111935316,0.029876033139040803,0.035039111935316,0.029876033139040803,-4.058085608651381
val,training_mean,1,overall,overall,572,0.11242865103721975,0.0914749540367622,0.11242865103721975,0.0914749540367622,-12.192871960159165
val,training_mean,1,Menard 1,endemic,286,0.11008117523138307,0.09290801235579128,0.11008117523138307,0.09290801235579128,-7.469241634983833
val,training_mean,1,Menard 2,endemic,286,0.10513875394862601,0.08617939853075243,0.10513875394862601,0.08617939853075243,-12.113645706946464
val,training_mean,1,Sorrel 0,endemic,286,0.07219694731707646,0.06001367150350161,0.07219694731707646,0.06001367150350161,-8.992153862819048
val,training_mean,1,Sorrel 1,endemic,286,0.19091018418413583,0.1540866227609915,0.19091018418413583,0.1540866227609915,-17.542346361641762
val,training_mean,1,Sorrel 2,endemic,286,0.12308987338946834,0.10437759704847734,0.12308987338946834,0.10437759704847734,-12.924424305331772
val,training_mean,1,Other,endemic,286,0.03151389773925666,0.02635870476742954,0.03151389773925666,0.02635870476742954,-3.5906819435636583
val,training_mean,1,overall,endemic,286,0.11617182893676163,0.08732066782782394,0.11617182893676163,0.08732066782782394,-11.518623378970833
val,training_mean,1,Menard 1,outbreak,286,0.09288728423391053,0.08777534323752839,0.09288728423391053,0.08777534323752839,-10.00567292922672
val,training_mean,1,Menard 2,outbreak,286,0.0849192201031761,0.08087921274856641,0.0849192201031761,0.08087921274856641,-9.504901496076602
val,training_mean,1,Sorrel 0,outbreak,286,0.08183860224485111,0.07957653488164691,0.08183860224485111,0.07957653488164691,-10.858530833812383
val,training_mean,1,Sorrel 1,outbreak,286,0.1840790360035227,0.18163218853975274,0.1840790360035227,0.18163218853975274,-21.578820099664924
val,training_mean,1,Sorrel 2,outbreak,286,0.11323750725419095,0.11051880055605602,0.11323750725419095,0.11051880055605602,-14.234211031624755
val,training_mean,1,Other,outbreak,286,0.0382407241002427,0.03339336151065207,0.0382407241002427,0.03339336151065207,-4.471261613861035
val,training_mean,1,overall,outbreak,286,0.1085564798138999,0.09562924024570041,0.1085564798138999,0.09562924024570041,-13.117371013859433
val,training_mean,2,Menard 1,overall,572,0.10265147879869323,0.09034148591171404,0.10265147879869323,0.09034148591171404,-4.459246263906076
val,training_mean,2,Menard 2,overall,572,0.09504267865025685,0.08248588259687055,0.09504267865025685,0.08248588259687055,-6.015361520165956
val,training_mean,2,Sorrel 0,overall,572,0.07577996635283116,0.06859238434279659,0.07577996635283116,0.06859238434279659,-5.4444579415692225
val,training_mean,2,Sorrel 1,overall,572,0.18479526937022625,0.16512216425031562,0.18479526937022625,0.16512216425031562,-11.347789557776785
val,training_mean,2,Sorrel 2,overall,572,0.11674611013401548,0.10555916115995864,0.11674611013401548,0.10555916115995864,-7.606868297029312
val,training_mean,2,Other,overall,572,0.03425346425426228,0.029135459569931473,0.03425346425426228,0.029135459569931473,-1.9811348927384569
val,training_mean,2,overall,overall,572,0.11125442747105016,0.0902060896385978,0.11125442747105016,0.0902060896385978,-6.816987742427034
val,training_mean,2,Menard 1,endemic,286,0.11525274750171625,0.09800266160410198,0.11525274750171625,0.09800266160410198,-4.261936678287679
val,training_mean,2,Menard 2,endemic,286,0.10779172912401962,0.08908508646894386,0.10779172912401962,0.08908508646894386,-7.039194773833723
val,training_mean,2,Sorrel 0,endemic,286,0.07312707959686994,0.0611654242770246,0.07312707959686994,0.0611654242770246,-5.201027995727562
val,training_mean,2,Sorrel 1,endemic,286,0.18959986289231426,0.15313261948135798,0.18959986289231426,0.15313261948135798,-10.916593776309469
val,training_mean,2,Sorrel 2,endemic,286,0.12389434068884417,0.10504353136251003,0.12389434068884417,0.10504353136251003,-7.621268854316186
val,training_mean,2,Other,endemic,286,0.032990983996692855,0.027584157305236705,0.032990983996692855,0.027584157305236705,-1.953351933107891
val,training_mean,2,overall,endemic,286,0.11735710682441657,0.08900224674986253,0.11735710682441657,0.08900224674986253,-6.729771253390474
val,training_mean,2,Menard 1,outbreak,286,0.08826922675781615,0.08268031021932609,0.08826922675781615,0.08268031021932609,-4.8537733780185865
val,training_mean,2,Menard 2,outbreak,286,0.08029423804038471,0.07588667872479725,0.08029423804038471,0.07588667872479725,-4.8669344856156975
val,training_mean,2,Sorrel 0,outbreak,286,0.0783430713624727,0.0760193444085686,0.0783430713624727,0.0760193444085686,-5.681689646214924
val,training_mean,2,Sorrel 1,outbreak,286,0.17986237837425753,0.1771117090192732,0.17986237837425753,0.1771117090192732,-11.88657718500928
val,training_mean,2,Sorrel 2,outbreak,286,0.10913065934064521,0.10607479095740725,0.10913065934064521,0.10607479095740725,-7.588413841269446
val,training_mean,2,Other,outbreak,286,0.03547103891579726,0.030686761834626243,0.03547103891579726,0.030686761834626243,-2.005811883065579
val,training_mean,2,overall,outbreak,286,0.10479696914331442,0.0914099325273331,0.10479696914331442,0.0914099325273331,-6.930653316400995
val,training_mean,3,Menard 1,overall,572,0.10342245312615951,0.09020333674595382,0.10342245312615951,0.09020333674595382,-3.039464287341727
val,training_mean,3,Menard 2,overall,572,0.09471707223047596,0.08154489398345444,0.09471707223047596,0.08154489398345444,-4.202933223650255
val,training_mean,3,Sorrel 0,overall,572,0.07449582643832894,0.06737248457974125,0.07449582643832894,0.06737248457974125,-3.7884328069567603
val,training_mean,3,Sorrel 1,overall,572,0.18202623647377933,0.16229438838472457,0.18202623647377933,0.16229438838472457,-8.148564111268273
val,training_mean,3,Sorrel 2,overall,572,0.11508950014941403,0.10356198423425358,0.11508950014941403,0.10356198423425358,-5.291374604673478
val,training_mean,3,Other,overall,572,0.033899358803456694,0.028734785686332403,0.033899358803456694,0.028734785686332403,-1.190383898602596
val,training_mean,3,overall,overall,572,0.11011014642621207,0.08895197893574336,0.11011014642621207,0.08895197893574336,-4.751628296102695
val,training_mean,3,Menard 1,endemic,286,0.11995218376191642,0.10270246760042658,0.11995218376191642,0.10270246760042658,-3.0946227261231565
val,training_mean,3,Menard 2,endemic,286,0.11043953215838254,0.09202600158680517,0.11043953215838254,0.09202600158680517,-5.209458549406054
val,training_mean,3,Sorrel 0,endemic,286,0.07400370098024932,0.06224080116328659,0.07400370098024932,0.06224080116328659,-3.8010086233583165
val,training_mean,3,Sorrel 1,endemic,286,0.18807740024322558,0.15186642838953662,0.18807740024322558,0.15186642838953662,-8.110254325652638
val,training_mean,3,Sorrel 2,endemic,286,0.12429965453195665,0.10541079527477955,0.12429965453195665,0.10541079527477955,-5.5055945244587114
val,training_mean,3,Other,endemic,286,0.0347037665285397,0.029016663651027407,0.0347037665285397,0.029016663651027407,-1.3047284479594654
val,training_mean,3,overall,endemic,286,0.11838484448446851,0.09054385961097698,0.11838484448446851,0.09054385961097698,-4.8824436330063365
val,training_mean,3,Menard 1,outbreak,286,0.0836891942368473,0.07770420589148105,0.0836891942368473,0.07770420589148105,-2.932806243903787
val,training_mean,3,Menard 2,outbreak,286,0.07580077361388857,0.0710637863801037,0.07580077361388857,0.0710637863801037,-3.0722478701027107
val,training_mean,3,Sorrel 0,outbreak,286,0.07498472214181438,0.07250416799619591,0.07498472214181438,0.07250416799619591,-3.7762784149286945
val,training_mean,3,Sorrel 1,outbreak,286,0.17576687130220525,0.17272234837991257,0.17576687130220525,0.17272234837991257,-8.193027305224014
val,training_mean,3,Sorrel 2,outbreak,286,0.10507512537475354,0.10171317319372762,0.10507512537475354,0.10171317319372762,-5.024268077833696
val,training_mean,3,Other,outbreak,286,0.03307539332046713,0.028452907721637395,0.03307539332046713,0.028452907721637395,-1.0822804957408994
val,training_mean,3,overall,outbreak,286,0.10116084859466105,0.08736009826050972,0.10116084859466105,0.08736009826050972,-4.585858569148747
val,training_mean,4,Menard 1,overall,572,0.1042827595602436,0.09009137321262173,0.1042827595602436,0.09009137321262173,-2.2781245940443084
val,training_mean,4,Menard 2,overall,572,0.09450244964359054,0.08071935595718703,0.09450244964359054,0.08071935595718703,-3.1644858224272348
val,training_mean,4,Sorrel 0,overall,572,0.07325960017725122,0.06614791658771862,0.07325960017725122,0.06614791658771862,-2.862676517087405
val,training_mean,4,Sorrel 1,overall,572,0.17920865839245437,0.1593920103006238,0.17920865839245437,0.1593920103006238,-6.333384858137347
val,training_mean,4,Sorrel 2,overall,572,0.11322265273860009,0.10140043617475866,0.11322265273860009,0.10140043617475866,-4.001190808243238
val,training_mean,4,Other,overall,572,0.03415169243697931,0.02875134073864634,0.03415169243697931,0.02875134073864634,-0.7655150788555889
val,training_mean,4,overall,overall,572,0.10899084547227557,0.08775040549525936,0.10899084547227557,0.08775040549525936,-3.598497192151699
val,training_mean,4,Menard 1,endemic,286,0.12422447509887695,0.10703601587154986,0.12422447509887695,0.10703601587154986,-2.445492391328541
val,training_mean,4,Menard 2,endemic,286,0.11290508414283465,0.09491979401603434,0.11290508414283465,0.09491979401603434,-4.143650437794941
val,training_mean,4,Sorrel 0,endemic,286,0.07485433900031141,0.06335819211025423,0.07485433900031141,0.06335819211025423,-3.0850453159615867
val,training_mean,4,Sorrel 1,endemic,286,0.18647074118140172,0.15047600788567067,0.18647074118140172,0.15047600788567067,-6.437023914566749
val,training_mean,4,Sorrel 2,endemic,286,0.1242129820821239,0.10540297151229919,0.1242129820821239,0.10540297151229919,-4.314502179286085
val,training_mean,4,Other,endemic,286,0.03686254375861111,0.03077368545989965,0.03686254375861111,0.03077368545989965,-0.9861800043791287
val,training_mean,4,overall,endemic,286,0.11926266506671768,0.09199444447595134,0.11926266506671768,0.09199444447595134,-3.8441209269931758
val,training_mean,4,Menard 1,outbreak,286,0.0794862734653453,0.07314673055369361,0.0794862734653453,0.07314673055369361,-1.953951915143914
val,training_mean,4,Menard 2,outbreak,286,0.07151131345443296,0.06651891789833969,0.07151131345443296,0.06651891789833969,-2.05459801069971
val,training_mean,4,Sorrel 0,outbreak,286,0.0716293652707315,0.06893764106518299,0.0716293652707315,0.06893764106518299,-2.656982298285522
val,training_mean,4,Sorrel 1,outbreak,286,0.17163959091335979,0.16830801271557694,0.17163959091335979,0.16830801271557694,-6.216463347089589
val,training_mean,4,Sorrel 2,outbreak,286,0.10104391752400148,0.09739790083721814,0.10104391752400148,0.09739790083721814,-3.617829751349814
val,training_mean,4,Other,outbreak,286,0.0312062343172729,0.026728996017393026,0.0312062343172729,0.026728996017393026,-0.5527487230002621
val,training_mean,4,overall,outbreak,286,0.097644382914261,0.08350636651456741,0.097644382914261,0.08350636651456741,-3.292881285541881
test,edmd_D2,1,Menard 1,overall,598,0.008309097740726683,0.006300479622202361,0.008309097740726683,0.006300479622202361,0.17868721002566135
test,edmd_D2,1,Menard 2,overall,598,0.00702485261947038,0.00546221691677263,0.00702485261947038,0.00546221691677263,0.13700449897561362
test,edmd_D2,1,Sorrel 0,overall,598,0.006463728616097312,0.004913363597504074,0.006463728616097312,0.004913363597504074,0.1093056218581514
test,edmd_D2,1,Sorrel 1,overall,598,0.009566562760583135,0.007069449751990943,0.009566562760583135,0.007069449751990943,0.0339241259002212
test,edmd_D2,1,Sorrel 2,overall,598,0.0072914430818535846,0.005727160181326997,0.0072914430818535846,0.005727160181326997,0.10318482710212562
test,edmd_D2,1,Other,overall,598,0.006289316403688633,0.0049671591015569925,0.006289316403688633,0.0049671591015569925,0.15606393415797648
test,edmd_D2,1,overall,overall,598,0.007576380108673028,0.0057399715285589995,0.007576380108673028,0.0057399715285589995,0.11624807123453007
test,edmd_D2,1,Menard 1,endemic,299,0.009288193905655594,0.007198801141139007,0.009288193905655594,0.007198801141139007,0.14703043589209186
test,edmd_D2,1,Menard 2,endemic,299,0.007434268399932793,0.005794660193685258,0.007434268399932793,0.005794660193685258,0.08505849204786886
test,edmd_D2,1,Sorrel 0,endemic,299,0.006462432464171187,0.004907739894185661,0.006462432464171187,0.004907739894185661,0.049454443848481855
test,edmd_D2,1,Sorrel 1,endemic,299,0.011689913860089706,0.008755374927222418,0.011689913860089706,0.008755374927222418,-0.039788413484781016
test,edmd_D2,1,Sorrel 2,endemic,299,0.008122554843900724,0.0063311559788521345,0.008122554843900724,0.0063311559788521345,0.009237217601684278
test,edmd_D2,1,Other,endemic,299,0.0067997319255995526,0.0053429440318707305,0.0067997319255995526,0.0053429440318707305,0.11165826286897795
test,edmd_D2,1,overall,endemic,299,0.008486933717326702,0.006388446027825868,0.008486933717326702,0.006388446027825868,0.054100196374389675
test,edmd_D2,1,Menard 1,outbreak,299,0.007198031988039563,0.005402158103265715,0.007198031988039563,0.005402158103265715,0.22438260555940037
test,edmd_D2,1,Menard 2,outbreak,299,0.006590050228057479,0.00512977363986,0.006590050228057479,0.00512977363986,0.1918740026325756
test,edmd_D2,1,Sorrel 0,outbreak,299,0.006465024508162121,0.004918987300822487,0.006465024508162121,0.004918987300822487,0.15907381964221168
test,edmd_D2,1,Sorrel 1,outbreak,299,0.006810591754615354,0.005383524576759468,0.006810591754615354,0.005383524576759468,0.1843635236488237
test,edmd_D2,1,Sorrel 2,outbreak,299,0.00635251031007789,0.0051231643838018604,0.00635251031007789,0.0051231643838018604,0.21203237269987885
test,edmd_D2,1,Other,outbreak,299,0.0057336417215759165,0.0045913741712432544,0.0057336417215759165,0.0045913741712432544,0.20857207422679913
test,edmd_D2,1,overall,outbreak,299,0.006540262011563129,0.005091497029292131,0.006540262011563129,0.005091497029292131,0.19791414905072047
test,edmd_D2,2,Menard 1,overall,598,0.013172548396654615,0.010186107723296466,0.013172548396654615,0.010186107723296466,0.2461979049350982
test,edmd_D2,2,Menard 2,overall,598,0.011572231397975646,0.009105965140213874,0.011572231397975646,0.009105965140213874,0.18245252857328087
test,edmd_D2,2,Sorrel 0,overall,598,0.010385006462932847,0.008001002398096212,0.010385006462932847,0.008001002398096212,0.15594396113594688
test,edmd_D2,2,Sorrel 1,overall,598,0.015733951050373764,0.011916651502469443,0.015733951050373764,0.011916651502469443,0.05736713850927577
test,edmd_D2,2,Sorrel 2,overall,598,0.011418621445719403,0.008808052413715725,0.011418621445719403,0.008808052413715725,0.15365872839218297
test,edmd_D2,2,Other,overall,598,0.009590622816020316,0.0076628548900040585,0.009590622816020316,0.0076628548900040585,0.23878441857871702
test,edmd_D2,2,overall,overall,598,0.01214635135476925,0.009280105677965965,0.01214635135476925,0.009280105677965965,0.16724996355974797
test,edmd_D2,2,Menard 1,endemic,299,0.01475724748043239,0.011580293537702084,0.01475724748043239,0.011580293537702084,0.20464176875994378
test,edmd_D2,2,Menard 2,endemic,299,0.012519663096477793,0.009919152934852495,0.012519663096477793,0.009919152934852495,0.10219508572365965
test,edmd_D2,2,Sorrel 0,endemic,299,0.01051297864635639,0.008142673188953958,0.01051297864635639,0.008142673188953958,0.07219083910575952
test,edmd_D2,2,Sorrel 1,endemic,299,0.019154294001422715,0.014762851687103793,0.019154294001422715,0.014762851687103793,-0.052581205726797364
test,edmd_D2,2,Sorrel 2,endemic,299,0.012996594371054562,0.01006728742424559,0.012996594371054562,0.01006728742424559,0.017551230282210728
test,edmd_D2,2,Other,endemic,299,0.010421533403071065,0.008318373371342726,0.010421533403071065,0.008318373371342726,0.17969049333433573
test,edmd_D2,2,overall,endemic,299,0.013720105925713382,0.010465105357366774,0.013720105925713382,0.010465105357366774,0.08008315282182898
test,edmd_D2,2,Menard 1,outbreak,299,0.011369068093985888,0.008791921908890847,0.011369068093985888,0.008791921908890847,0.30354460703821784
test,edmd_D2,2,Menard 2,outbreak,299,0.010539976992730052,0.008292777345575257,0.010539976992730052,0.008292777345575257,0.2661105907995224
test,edmd_D2,2,Sorrel 0,outbreak,299,0.010255437506589788,0.007859331607238467,0.010255437506589788,0.007859331607238467,0.22336442359657704
test,edmd_D2,2,Sorrel 1,outbreak,299,0.011323756117922051,0.009070451317835094,0.011323756117922051,0.009070451317835094,0.24686286800048807
test,edmd_D2,2,Sorrel 2,outbreak,299,0.00958427703040553,0.007548817403185864,0.00958427703040553,0.007548817403185864,0.3029458416301223
test,edmd_D2,2,Other,outbreak,299,0.008680537628915215,0.007007336408665393,0.008680537628915215,0.007007336408665393,0.30516223730308545
test,edmd_D2,2,overall,outbreak,299,0.010335685553180015,0.008095105998565152,0.010335685553180015,0.008095105998565152,0.2746671717871817
test,edmd_D2,3,Menard 1,overall,598,0.016595573438779473,0.013095784968904095,0.016595573438779473,0.013095784968904095,0.3019906988596437
test,edmd_D2,3,Menard 2,overall,598,0.015201283055614152,0.011876421804095063,0.015201283055614152,0.011876421804095063,0.21671823413782532
test,edmd_D2,3,Sorrel 0,overall,598,0.01321123771097144,0.010276417725844037,0.01321123771097144,0.010276417725844037,0.19888810697528403
test,edmd_D2,3,Sorrel 1,overall,598,0.020337940190396694,0.01556402751338323,0.020337940190396694,0.01556402751338323,0.07836204698356808
test,edmd_D2,3,Sorrel 2,overall,598,0.014378346808559856,0.011388865648330025,0.014378346808559856,0.011388865648330025,0.18872617090482302
test,edmd_D2,3,Other,overall,598,0.011688751612531415,0.009278813699841272,0.011688751612531415,0.009278813699841272,0.3084935141232825
test,edmd_D2,3,overall,overall,598,0.015481302962764745,0.011913388560066285,0.015481302962764745,0.011913388560066285,0.20940091456452004
test,edmd_D2,3,Menard 1,endemic,299,0.01851820980275333,0.014675454791641276,0.01851820980275333,0.014675454791641276,0.2531892266888689
test,edmd_D2,3,Menard 2,endemic,299,0.016899948600573107,0.013379657341650676,0.016899948600573107,0.013379657341650676,0.1143475550297296
test,edmd_D2,3,Sorrel 0,endemic,299,0.01345666255423606,0.01044028520439459,0.01345666255423606,0.01044028520439459,0.0984501644640684
test,edmd_D2,3,Sorrel 1,endemic,299,0.024644432212668044,0.019389261207201337,0.024644432212668044,0.019389261207201337,-0.06614079097045855
test,edmd_D2,3,Sorrel 2,endemic,299,0.016743528235485743,0.013339793608030536,0.016743528235485743,0.013339793608030536,0.014678725903807255
test,edmd_D2,3,Other,endemic,299,0.012917336568632172,0.010333364327975478,0.012917336568632172,0.010333364327975478,0.23549558515824198
test,edmd_D2,3,overall,endemic,299,0.017626521139956504,0.013592969413482316,0.017626521139956504,0.013592969413482316,0.10173667763498817
test,edmd_D2,3,Menard 1,outbreak,299,0.014418807898888726,0.011516115146166914,0.014418807898888726,0.011516115146166914,0.36505981784562025
test,edmd_D2,3,Menard 2,outbreak,299,0.013287202503604394,0.010373186266539448,0.013287202503604394,0.010373186266539448,0.32644792284726465
test,edmd_D2,3,Sorrel 0,outbreak,299,0.012961166483500194,0.010112550247293484,0.012961166483500194,0.010112550247293484,0.276718759104128
test,edmd_D2,3,Sorrel 1,outbreak,299,0.014829551014495209,0.011738793819565116,0.014829551014495209,0.011738793819565116,0.2927002085223971
test,edmd_D2,3,Sorrel 2,outbreak,299,0.011538109729151418,0.00943793768862951,0.011538109729151418,0.00943793768862951,0.3737615188845992
test,edmd_D2,3,Other,outbreak,299,0.010314855524513639,0.008224263071707065,0.010314855524513639,0.008224263071707065,0.39002430525569654
test,edmd_D2,3,overall,outbreak,299,0.012986425041268412,0.010233807706650257,0.012986425041268412,0.010233807706650257,0.3354097090823801
test,edmd_D2,4,Menard 1,overall,598,0.01953361983015162,0.01546612704504464,0.01953361983015162,0.01546612704504464,0.343405178997488
test,edmd_D2,4,Menard 2,overall,598,0.018179823440150494,0.01387885765186963,0.018179823440150494,0.01387885765186963,0.24842617767914843
test,edmd_D2,4,Sorrel 0,overall,598,0.015395309963205825,0.012197939713821914,0.015395309963205825,0.012197939713821914,0.2386179873432347
test,edmd_D2,4,Sorrel 1,overall,598,0.02407460324820761,0.0186592453465861,0.02407460324820761,0.0186592453465861,0.0987456567717585
test,edmd_D2,4,Sorrel 2,overall,598,0.016859374538178654,0.013375444627442596,0.016859374538178654,0.013375444627442596,0.2199789528797531
test,edmd_D2,4,Other,overall,598,0.013415870364377313,0.010598611907266029,0.013415870364377313,0.010598611907266029,0.3654870839771376
test,edmd_D2,4,overall,overall,598,0.018224957530165856,0.014029371048671817,0.018224957530165856,0.014029371048671817,0.24614541916692756
test,edmd_D2,4,Menard 1,endemic,299,0.02160262213903935,0.017376160717497743,0.02160262213903935,0.017376160717497743,0.29360476263263513
test,edmd_D2,4,Menard 2,endemic,299,0.02058428494749165,0.016265624418329204,0.02058428494749165,0.016265624418329204,0.12861329518564268
test,edmd_D2,4,Sorrel 0,endemic,299,0.015497195007817465,0.012208149793571167,0.015497195007817465,0.012208149793571167,0.12485147312329048
test,edmd_D2,4,Sorrel 1,endemic,299,0.029156121525516245,0.023191150331058404,0.029156121525516245,0.023191150331058404,-0.0783651960582954
test,edmd_D2,4,Sorrel 2,endemic,299,0.01988839841114652,0.016033675199829078,0.01988839841114652,0.016033675199829078,0.013126638831446824
test,edmd_D2,4,Other,endemic,299,0.014859913311908068,0.011756975085128983,0.014859913311908068,0.011756975085128983,0.2859143802823638
test,edmd_D2,4,overall,endemic,299,0.020804622725893385,0.01613862259090243,0.020804622725893385,0.01613862259090243,0.1230632601450905
test,edmd_D2,4,Menard 1,outbreak,299,0.017217761877075428,0.013556093372591536,0.017217761877075428,0.013556093372591536,0.40411317263194013
test,edmd_D2,4,Menard 2,outbreak,299,0.015404517968133871,0.011492090885410063,0.015404517968133871,0.011492090885410063,0.37740898506507925
test,edmd_D2,4,Sorrel 0,outbreak,299,0.015292746143712926,0.01218772963407266,0.015292746143712926,0.01218772963407266,0.3189005284263292
test,edmd_D2,4,Sorrel 1,outbreak,299,0.01758105857753011,0.014127340362113798,0.01758105857753011,0.014127340362113798,0.33362980814014753
test,edmd_D2,4,Sorrel 2,outbreak,299,0.013150233012257918,0.010717214055056115,0.013150233012257918,0.010717214055056115,0.42781197032391116
test,edmd_D2,4,Other,outbreak,299,0.011796360948620232,0.009440248729403074,0.011796360948620232,0.009440248729403074,0.4506229180380722
test,edmd_D2,4,overall,outbreak,299,0.015214001024909224,0.011920119506441207,0.015214001024909224,0.011920119506441207,0.38201968485488313
test,persistence,1,Menard 1,overall,598,0.01011684931996042,0.007183582463085567,0.01011684931996042,0.007183582463085567,0.0
test,persistence,1,Menard 2,overall,598,0.00814008023347954,0.0056770546926412395,0.00814008023347954,0.0056770546926412395,0.0
test,persistence,1,Sorrel 0,overall,598,0.0072569545454882435,0.004903751267018231,0.0072569545454882435,0.004903751267018231,0.0
test,persistence,1,Sorrel 1,overall,598,0.009902496291502541,0.006800047778308646,0.009902496291502541,0.006800047778308646,0.0
test,persistence,1,Sorrel 2,overall,598,0.008130374353828984,0.005729949118564088,0.008130374353828984,0.005729949118564088,0.0
test,persistence,1,Other,overall,598,0.007452361213421505,0.005068058675829259,0.007452361213421505,0.005068058675829259,0.0
test,persistence,1,overall,overall,598,0.008572971511651034,0.005893740665907838,0.008572971511651034,0.005893740665907838,0.0
test,persistence,1,Menard 1,endemic,299,0.010889244231556844,0.008159625054034992,0.010889244231556844,0.008159625054034992,0.0
test,persistence,1,Menard 2,endemic,299,0.008125402919551166,0.005947948687899467,0.008125402919551166,0.005947948687899467,0.0
test,persistence,1,Sorrel 0,endemic,299,0.0067986562267837985,0.004827841804680488,0.0067986562267837985,0.004827841804680488,0.0
test,persistence,1,Sorrel 1,endemic,299,0.011242589077244807,0.00828714763497372,0.011242589077244807,0.00828714763497372,0.0
test,persistence,1,Sorrel 2,endemic,299,0.008198284178820939,0.005876239403805518,0.008198284178820939,0.005876239403805518,0.0
test,persistence,1,Other,endemic,299,0.007654410055706586,0.005301359140397068,0.007654410055706586,0.005301359140397068,0.0
test,persistence,1,overall,endemic,299,0.008972339020260388,0.006400026954298541,0.008972339020260388,0.006400026954298541,0.0
test,persistence,1,Menard 1,outbreak,299,0.009280390099078446,0.006207539872136146,0.009280390099078446,0.006207539872136146,0.0
test,persistence,1,Menard 2,outbreak,299,0.008154731130449244,0.005406160697383012,0.008154731130449244,0.005406160697383012,0.0
test,persistence,1,Sorrel 0,outbreak,299,0.00768798101328163,0.004979660729355975,0.00768798101328163,0.004979660729355975,0.0
test,persistence,1,Sorrel 1,outbreak,299,0.008350033320092737,0.005312947921643573,0.008350033320092737,0.005312947921643573,0.0
test,persistence,1,Sorrel 2,outbreak,299,0.008061892506731555,0.005583658833322661,0.008061892506731555,0.005583658833322661,0.0
test,persistence,1,Other,outbreak,299,0.007244679565703123,0.004834758211261448,0.007244679565703123,0.004834758211261448,0.0
test,persistence,1,overall,outbreak,299,0.008154067303172896,0.0053874543775171355,0.008154067303172896,0.0053874543775171355,0.0
test,persistence,2,Menard 1,overall,598,0.017474810010338945,0.013328327986713078,0.017474810010338945,0.013328327986713078,0.0
test,persistence,2,Menard 2,overall,598,0.01415481278142871,0.010639688449368514,0.01415481278142871,0.010639688449368514,0.0
test,persistence,2,Sorrel 0,overall,598,0.012303693101833841,0.00914664368544905,0.012303693101833841,0.00914664368544905,0.0
test,persistence,2,Sorrel 1,overall,598,0.01669149431677074,0.012151218346870519,0.01669149431677074,0.012151218346870519,0.0
test,persistence,2,Sorrel 2,overall,598,0.013491745976214942,0.010161510385625131,0.013491745976214942,0.010161510385625131,0.0
test,persistence,2,Other,overall,598,0.012599088944177213,0.00929898039056226,0.012599088944177213,0.00929898039056226,0.0
test,persistence,2,overall,overall,598,0.01458583106965823,0.010787728207431428,0.01458583106965823,0.010787728207431428,0.0
test,persistence,2,Menard 1,endemic,299,0.018554214818930232,0.014433599526767227,0.018554214818930232,0.014433599526767227,0.0
test,persistence,2,Menard 2,endemic,299,0.013944747792530235,0.010613094862479602,0.013944747792530235,0.010613094862479602,0.0
test,persistence,2,Sorrel 0,endemic,299,0.011330970946895778,0.008674218913958857,0.011330970946895778,0.008674218913958857,0.0
test,persistence,2,Sorrel 1,endemic,299,0.018197450132312457,0.013793597706641183,0.018197450132312457,0.013793597706641183,0.0
test,persistence,2,Sorrel 2,endemic,299,0.013228775658997329,0.009907349486013763,0.013228775658997329,0.009907349486013763,0.0
test,persistence,2,Other,endemic,299,0.01270439184038202,0.009290339632615304,0.01270439184038202,0.009290339632615304,0.0
test,persistence,2,overall,endemic,299,0.01491450664024642,0.011118700021412657,0.01491450664024642,0.011118700021412657,0.0
test,persistence,2,Menard 1,outbreak,299,0.016324187031759783,0.01222305644665893,0.016324187031759783,0.01222305644665893,0.0
test,persistence,2,Menard 2,outbreak,299,0.014361805553526978,0.010666282036257427,0.014361805553526978,0.010666282036257427,0.0
test,persistence,2,Sorrel 0,outbreak,299,0.013204954573523948,0.009619068456939241,0.013204954573523948,0.009619068456939241,0.0
test,persistence,2,Sorrel 1,outbreak,299,0.015035450566430696,0.010508838987099856,0.015035450566430696,0.010508838987099856,0.0
test,persistence,2,Sorrel 2,outbreak,299,0.013749687761449126,0.0104156712852365,0.013749687761449126,0.0104156712852365,0.0
test,persistence,2,Other,outbreak,299,0.012492898479240587,0.009307621148509214,0.012492898479240587,0.009307621148509214,0.0
test,persistence,2,overall,outbreak,299,0.01424957640294125,0.010456756393450195,0.01424957640294125,0.010456756393450195,0.0
test,persistence,3,Menard 1,overall,598,0.023775576359321926,0.01908538666302641,0.023775576359321926,0.01908538666302641,0.0
test,persistence,3,Menard 2,overall,598,0.019407170852345553,0.015033940628690423,0.019407170852345553,0.015033940628690423,0.0
test,persistence,3,Sorrel 0,overall,598,0.016491126677810844,0.01272778420279436,0.016491126677810844,0.01272778420279436,0.0
test,persistence,3,Sorrel 1,overall,598,0.022067168700933573,0.016817964644051598,0.022067168700933573,0.016817964644051598,0.0
test,persistence,3,Sorrel 2,overall,598,0.017723173474727013,0.014060121859315046,0.017723173474727013,0.014060121859315046,0.0
test,persistence,3,Other,overall,598,0.016903314504291285,0.013355053826839212,0.016903314504291285,0.013355053826839212,0.0
test,persistence,3,overall,overall,598,0.019581736493202863,0.015180041970786175,0.019581736493202863,0.015180041970786175,0.0
test,persistence,3,Menard 1,endemic,299,0.024796388140799357,0.020086911018588036,0.024796388140799357,0.020086911018588036,0.0
test,persistence,3,Menard 2,endemic,299,0.019081919433012354,0.014668842232418933,0.019081919433012354,0.014668842232418933,0.0
test,persistence,3,Sorrel 0,endemic,299,0.014926143873385176,0.01164808373260222,0.014926143873385176,0.01164808373260222,0.0
test,persistence,3,Sorrel 1,endemic,299,0.023115551361875347,0.0182178690874343,0.023115551361875347,0.0182178690874343,0.0
test,persistence,3,Sorrel 2,endemic,299,0.016992963285852227,0.013205530462365963,0.016992963285852227,0.013205530462365963,0.0
test,persistence,3,Other,endemic,299,0.016896353137876758,0.012980451555844711,0.016896353137876758,0.012980451555844711,0.0
test,persistence,3,overall,endemic,299,0.0196228886353148,0.015134614681542362,0.0196228886353148,0.015134614681542362,0.0
test,persistence,3,Menard 1,outbreak,299,0.02270892330355449,0.01808386230746479,0.02270892330355449,0.01808386230746479,0.0
test,persistence,3,Menard 2,outbreak,299,0.019727060392676028,0.015399039024961913,0.019727060392676028,0.015399039024961913,0.0
test,persistence,3,Sorrel 0,outbreak,299,0.017919953886051585,0.0138074846729865,0.017919953886051585,0.0138074846729865,0.0
test,persistence,3,Sorrel 1,outbreak,299,0.020966429218811377,0.015418060200668894,0.020966429218811377,0.015418060200668894,0.0
test,persistence,3,Sorrel 2,outbreak,299,0.018424466201119982,0.014914713256264128,0.018424466201119982,0.014914713256264128,0.0
test,persistence,3,Other,outbreak,299,0.01691027300495561,0.013729656097833711,0.01691027300495561,0.013729656097833711,0.0
test,persistence,3,overall,outbreak,299,0.019540497685179334,0.01522546926002999,0.019540497685179334,0.01522546926002999,0.0
test,persistence,4,Menard 1,overall,598,0.02974988410710734,0.024533933974927764,0.02974988410710734,0.024533933974927764,0.0
test,persistence,4,Menard 2,overall,598,0.024189005657503346,0.019220402239270164,0.024189005657503346,0.019220402239270164,0.0
test,persistence,4,Sorrel 0,overall,598,0.020220217587601595,0.015810154899955797,0.020220217587601595,0.015810154899955797,0.0
test,persistence,4,Sorrel 1,overall,598,0.026712329798016573,0.02089703774486383,0.026712329798016573,0.02089703774486383,0.0
test,persistence,4,Sorrel 2,overall,598,0.021613999520168892,0.01753217647435487,0.021613999520168892,0.01753217647435487,0.0
test,persistence,4,Other,overall,598,0.02114357332309043,0.017404011344806902,0.02114357332309043,0.017404011344806902,0.0
test,persistence,4,overall,overall,598,0.024175693818860595,0.019232952779696555,0.024175693818860595,0.019232952779696555,0.0
test,persistence,4,Menard 1,endemic,299,0.030581494602864634,0.02529611175573909,0.030581494602864634,0.02529611175573909,0.0
test,persistence,4,Menard 2,endemic,299,0.023622445504119762,0.018399156217039726,0.023622445504119762,0.018399156217039726,0.0
test,persistence,4,Sorrel 0,endemic,299,0.017708074151852743,0.013923581497738344,0.017708074151852743,0.013923581497738344,0.0
test,persistence,4,Sorrel 1,endemic,299,0.027037335433385126,0.02158623984710941,0.027037335433385126,0.02158623984710941,0.0
test,persistence,4,Sorrel 2,endemic,299,0.020152938759636536,0.015826934159520443,0.020152938759636536,0.015826934159520443,0.0
test,persistence,4,Other,endemic,299,0.02080970811004985,0.016519096075062776,0.02080970811004985,0.016519096075062776,0.0
test,persistence,4,overall,endemic,299,0.023724200139380112,0.018591853258701628,0.023724200139380112,0.018591853258701628,0.0
test,persistence,4,Menard 1,outbreak,299,0.028894348870109488,0.023771756194116443,0.028894348870109488,0.023771756194116443,0.0
test,persistence,4,Menard 2,outbreak,299,0.024742596019867235,0.020041648261500598,0.024742596019867235,0.020041648261500598,0.0
test,persistence,4,Sorrel 0,outbreak,299,0.02245302893625692,0.017696728302173243,0.02245302893625692,0.017696728302173243,0.0
test,persistence,4,Sorrel 1,outbreak,299,0.026383320851223892,0.020207835642618247,0.026383320851223892,0.020207835642618247,0.0
test,persistence,4,Sorrel 2,outbreak,299,0.022982363017454526,0.019237418789189296,0.022982363017454526,0.019237418789189296,0.0
test,persistence,4,Other,outbreak,299,0.021472247998575462,0.018288926614551032,0.021472247998575462,0.018288926614551032,0.0
test,persistence,4,overall,outbreak,299,0.02461890880996202,0.01987405230069148,0.02461890880996202,0.01987405230069148,0.0
test,training_mean,1,Menard 1,overall,598,0.09124892879722879,0.07945226569685056,0.09124892879722879,0.07945226569685056,-8.019500628243595
test,training_mean,1,Menard 2,overall,598,0.09199927130668199,0.08073748209449756,0.09199927130668199,0.08073748209449756,-10.302010381703104
test,training_mean,1,Sorrel 0,overall,598,0.08155100105183694,0.07017545242083309,0.08155100105183694,0.07017545242083309,-10.23763426388531
test,training_mean,1,Sorrel 1,overall,598,0.20570644807604335,0.1912353576882258,0.20570644807604335,0.1912353576882258,-19.773191124803823
test,training_mean,1,Sorrel 2,overall,598,0.11376412559092743,0.1023156136916031,0.11376412559092743,0.1023156136916031,-12.992483081341812
test,training_mean,1,Other,overall,598,0.04144976424447915,0.03358400614924695,0.04144976424447915,0.03358400614924695,-4.56196392759777
test,training_mean,1,overall,overall,598,0.11577010315535705,0.09291669629020952,0.11577010315535705,0.09291669629020952,-12.504081169291247
test,training_mean,1,Menard 1,endemic,299,0.08937373962037382,0.07103197131695474,0.08937373962037382,0.07103197131695474,-7.207524573778063
test,training_mean,1,Menard 2,endemic,299,0.09654265202248317,0.0786460693951318,0.09654265202248317,0.0786460693951318,-10.881583347723515
test,training_mean,1,Sorrel 0,endemic,299,0.07785990037848471,0.058991309460989655,0.07785990037848471,0.058991309460989655,-10.452248471065502
test,training_mean,1,Sorrel 1,endemic,299,0.22274656486407718,0.19747287075365144,0.22274656486407718,0.19747287075365144,-18.812746275225877
test,training_mean,1,Sorrel 2,endemic,299,0.12124433431831319,0.10212436110533277,0.12124433431831319,0.10212436110533277,-13.78898897302561
test,training_mean,1,Other,endemic,299,0.04459993878309633,0.034565096514660026,0.04459993878309633,0.034565096514660026,-4.826698394587023
test,training_mean,1,overall,endemic,299,0.12225362188411543,0.09047194642445341,0.12225362188411543,0.09047194642445341,-12.62561329972655
test,training_mean,1,Menard 1,outbreak,299,0.09308635066191542,0.08787256007674638,0.09308635066191542,0.08787256007674638,-9.030435107588744
test,training_mean,1,Menard 2,outbreak,299,0.08721954014088061,0.08282889479386334,0.08721954014088061,0.08282889479386334,-9.695575212186755
test,training_mean,1,Sorrel 0,outbreak,299,0.08508212184804663,0.08135959538067652,0.08508212184804663,0.08135959538067652,-10.066900620729962
test,training_mean,1,Sorrel 1,outbreak,299,0.1871209592786904,0.18499784462280014,0.1871209592786904,0.18499784462280014,-21.409606298027587
test,training_mean,1,Sorrel 2,outbreak,299,0.10575615319519582,0.10250686627787342,0.10575615319519582,0.10250686627787342,-12.118030674173722
test,training_mean,1,Other,outbreak,299,0.0380396026844375,0.03260291578383388,0.0380396026844375,0.03260291578383388,-4.250694987880477
test,training_mean,1,overall,outbreak,299,0.10890126493948432,0.0953614461559656,0.10890126493948432,0.0953614461559656,-12.355453283677075
test,training_mean,2,Menard 1,overall,598,0.09115449144956086,0.07850108669044946,0.09115449144956086,0.07850108669044946,-4.216336623724633
test,training_mean,2,Menard 2,overall,598,0.09163355119018397,0.07981819471020578,0.09163355119018397,0.07981819471020578,-5.473667480110252
test,training_mean,2,Sorrel 0,overall,598,0.08008382943370927,0.068462586484911,0.08008382943370927,0.068462586484911,-5.508926122496743
test,training_mean,2,Sorrel 1,overall,598,0.2038192415981879,0.1890076940475187,0.2038192415981879,0.1890076940475187,-11.21096432291272
test,training_mean,2,Sorrel 2,overall,598,0.11235185151772688,0.10060022629884298,0.11235185151772688,0.10060022629884298,-7.327450851490665
test,training_mean,2,Other,overall,598,0.04182288146313168,0.03361500097085727,0.04182288146313168,0.03361500097085727,-2.31951632760403
test,training_mean,2,overall,overall,598,0.11477052754004442,0.09166746486713086,0.11477052754004442,0.09166746486713086,-6.868631344482841
test,training_mean,2,Menard 1,endemic,299,0.09400314364845166,0.07481762955221888,0.09400314364845166,0.07481762955221888,-4.066403756010384
test,training_mean,2,Menard 2,endemic,299,0.09959981327587852,0.08157609102831966,0.09959981327587852,0.08157609102831966,-6.142460714078388
test,training_mean,2,Sorrel 0,endemic,299,0.07879412635464719,0.05972273696775958,0.07879412635464719,0.05972273696775958,-5.953872419577031
test,training_mean,2,Sorrel 1,endemic,299,0.2232411089207372,0.19811787792039773,0.2232411089207372,0.19811787792039773,-11.2677137344829
test,training_mean,2,Sorrel 2,endemic,299,0.12249260743132687,0.10353544996938571,0.12249260743132687,0.10353544996938571,-8.25955739131577
test,training_mean,2,Other,endemic,299,0.04721543607061731,0.037211280157119976,0.04721543607061731,0.037211280157119976,-2.7164656650890535
test,training_mean,2,overall,endemic,299,0.1238517643254747,0.09249684426586693,0.1238517643254747,0.09249684426586693,-7.304114062429919
test,training_mean,2,Menard 1,outbreak,299,0.08821389690442596,0.08218454382868001,0.08821389690442596,0.08218454382868001,-4.4038768811457505
test,training_mean,2,Menard 2,outbreak,299,0.08290532312739796,0.07806029839209189,0.08290532312739796,0.07806029839209189,-4.772625372095923
test,training_mean,2,Sorrel 0,outbreak,299,0.08135308921941915,0.07720243600206245,0.08135308921941915,0.07720243600206245,-5.160800384920129
test,training_mean,2,Sorrel 1,outbreak,299,0.1823402692198312,0.1798975101746396,0.1823402692198312,0.1798975101746396,-11.127356504163442
test,training_mean,2,Sorrel 2,outbreak,299,0.10119999112449339,0.09766500262830023,0.10119999112449339,0.09766500262830023,-6.360166491070019
test,training_mean,2,Other,outbreak,299,0.035623158540755144,0.030018721784594568,0.035623158540755144,0.030018721784594568,-1.8514726666473793
test,training_mean,2,overall,outbreak,299,0.1049060935175229,0.09083808546839481,0.1049060935175229,0.09083808546839481,-6.362049969139383
test,training_mean,3,Menard 1,overall,598,0.09105653767830718,0.07754988729047924,0.09105653767830718,0.07754988729047924,-2.829835134263979
test,training_mean,3,Menard 2,overall,598,0.09130700069288797,0.0789000890947659,0.09130700069288797,0.0789000890947659,-3.704807382156508
test,training_mean,3,Sorrel 0,overall,598,0.07876939531428674,0.0668256300113267,0.07876939531428674,0.0668256300113267,-3.776471423281989
test,training_mean,3,Sorrel 1,overall,598,0.20169145305073838,0.18651724970924824,0.20169145305073838,0.18651724970924824,-8.139888119956487
test,training_mean,3,Sorrel 2,overall,598,0.111136948064002,0.09897842528384672,0.111136948064002,0.09897842528384672,-5.270713776089912
test,training_mean,3,Other,overall,598,0.04245698791551912,0.03395867676039309,0.04245698791551912,0.03395867676039309,-1.5117551888856156
test,training_mean,3,overall,overall,598,0.11377341396333021,0.09045499302500998,0.11377341396333021,0.09045499302500998,-4.810180011503209
test,training_mean,3,Menard 1,endemic,299,0.09822287280250784,0.07859414637012617,0.09822287280250784,0.07859414637012617,-2.961176613496156
test,training_mean,3,Menard 2,endemic,299,0.10239081004839001,0.08440695013412514,0.10239081004839001,0.08440695013412514,-4.365854855840682
test,training_mean,3,Sorrel 0,endemic,299,0.07972134001186663,0.06047649078698179,0.07972134001186663,0.06047649078698179,-4.341053971348745
test,training_mean,3,Sorrel 1,endemic,299,0.22312034015338722,0.19808204418891184,0.22312034015338722,0.19808204418891184,-8.652391009862791
test,training_mean,3,Sorrel 2,endemic,299,0.12364120263688268,0.1047593660779109,0.12364120263688268,0.1047593660779109,-6.276023643258395
test,training_mean,3,Other,endemic,299,0.0496836167916258,0.040045705039290794,0.0496836167916258,0.040045705039290794,-1.9404935127835037
test,training_mean,3,overall,endemic,299,0.12518346385364815,0.09439411709955776,0.12518346385364815,0.09439411709955776,-5.3794615655290805
test,training_mean,3,Menard 1,outbreak,299,0.08327576698142333,0.0765056282108323,0.08327576698142333,0.0765056282108323,-2.667094466270388
test,training_mean,3,Menard 2,outbreak,299,0.07867692653311137,0.07339322805540666,0.07867692653311137,0.07339322805540666,-2.9882742267226687
test,training_mean,3,Sorrel 0,outbreak,299,0.07780580455897303,0.0731747692356716,0.07780580455897303,0.0731747692356716,-3.341852945254228
test,training_mean,3,Sorrel 1,outbreak,299,0.17769692815936122,0.17495245522958464,0.17769692815936122,0.17495245522958464,-7.475307182966999
test,training_mean,3,Sorrel 2,outbreak,299,0.09703450654518045,0.09319748448978253,0.09703450654518045,0.09319748448978253,-4.266611552593146
test,training_mean,3,Other,outbreak,299,0.033715424781840614,0.027871648481495388,0.033715424781840614,0.027871648481495388,-0.9937835877611321
test,training_mean,3,overall,outbreak,299,0.10108352896167097,0.08651586895046219,0.10108352896167097,0.08651586895046219,-4.173027350185594
test,training_mean,4,Menard 1,overall,598,0.09113966214286,0.0767852508099912,0.09113966214286,0.0767852508099912,-2.0635299893852848
test,training_mean,4,Menard 2,overall,598,0.09093798013475655,0.07796727954764923,0.09093798013475655,0.07796727954764923,-2.759475747881679
test,training_mean,4,Sorrel 0,overall,598,0.0774492464427971,0.06514178828159257,0.0774492464427971,0.06514178828159257,-2.830287488611723
test,training_mean,4,Sorrel 1,overall,598,0.19951715979387613,0.18398499935091092,0.19951715979387613,0.18398499935091092,-6.469103642494357
test,training_mean,4,Sorrel 2,overall,598,0.11002113568025092,0.09738578326203434,0.11002113568025092,0.09738578326203434,-4.090271959041443
test,training_mean,4,Other,overall,598,0.0433761976543909,0.034525995696791295,0.0433761976543909,0.034525995696791295,-1.0515074245761813
test,training_mean,4,overall,overall,598,0.1128182771042302,0.0892985161581616,0.1128182771042302,0.0892985161581616,-3.6665993517925575
test,training_mean,4,Menard 1,endemic,299,0.10222747538424946,0.08249811279823267,0.10222747538424946,0.08249811279823267,-2.3427887260511326
test,training_mean,4,Menard 2,endemic,299,0.10488691114058825,0.08715431272527757,0.10488691114058825,0.08715431272527757,-3.4401377123421
test,training_mean,4,Sorrel 0,endemic,299,0.08052852442609613,0.061123078306433064,0.08052852442609613,0.061123078306433064,-3.5475597027399317
test,training_mean,4,Sorrel 1,endemic,299,0.2228415605298991,0.19787898637715834,0.2228415605298991,0.19787898637715834,-7.241994152084198
test,training_mean,4,Sorrel 2,endemic,299,0.12481066741516837,0.10603667457397417,0.12481066741516837,0.10603667457397417,-5.193174549071044
test,training_mean,4,Other,endemic,299,0.05214902926816201,0.0429616323865336,0.05214902926816201,0.0429616323865336,-1.5059952303212332
test,training_mean,4,overall,endemic,299,0.1264200334545699,0.09627546619460159,0.1264200334545699,0.09627546619460159,-4.328737437378283
test,training_mean,4,Menard 1,outbreak,299,0.07850107838489864,0.0710723888217497,0.07850107838489864,0.0710723888217497,-1.716831541620449
test,training_mean,4,Menard 2,outbreak,299,0.0744188708149022,0.0687802463700209,0.0744188708149022,0.0687802463700209,-2.007722825654473
test,training_mean,4,Sorrel 0,outbreak,299,0.0742423619160239,0.06916049825675209,0.0742423619160239,0.06916049825675209,-2.3065633205566356
test,training_mean,4,Sorrel 1,outbreak,299,0.1730775346630219,0.1700910123246635,0.1730775346630219,0.1700910123246635,-5.560111808479675
test,training_mean,4,Sorrel 2,outbreak,299,0.09290639317143137,0.08873489195009451,0.09290639317143137,0.08873489195009451,-3.042508296508558
test,training_mean,4,Other,outbreak,299,0.03230275208544861,0.026090359007048983,0.03230275208544861,0.026090359007048983,-0.5043954451155594
test,training_mean,4,overall,outbreak,299,0.09733397371359692,0.08232156612172162,0.09733397371359692,0.08232156612172162,-2.953626639788796
