model,start_week,landing_week,period,h,ward,pred,actual
D1,0,1,calibration,1,Menard 1,0.19899401111857296,0.0980392156862745
D1,0,1,calibration,1,Menard 2,0.43062744962245675,0.2203389830508474
D1,0,1,calibration,1,Sorrel 0,0.005731024053916733,0.2244897959183673
D1,0,1,calibration,1,Sorrel 1,0.4959307092936459,0.3076923076923077
D1,0,1,calibration,1,Sorrel 2,0.006005200195856292,0.175
D1,0,1,calibration,1,Other,0.003863997879474876,0.0392156862745098
D1,0,2,calibration,2,Menard 1,0.20561862286379395,0.1842105263157894
D1,0,2,calibration,2,Menard 2,0.4326129652188815,0.1785714285714285
D1,0,2,calibration,2,Sorrel 1,0.49193916155773876,0.45
D1,0,2,calibration,2,Sorrel 2,0.011982801020696626,0.25
D1,0,3,calibration,3,Menard 1,0.21218233107568063,0.1269841269841269
D1,0,3,calibration,3,Menard 2,0.43452942366970626,0.125
D1,0,3,calibration,3,Sorrel 0,0.01702455500840279,0.173076923076923
D1,0,3,calibration,3,Sorrel 1,0.4880242881642297,0.25
D1,0,3,calibration,3,Sorrel 2,0.01793234150932002,0.1714285714285714
D1,0,3,calibration,3,Other,0.01147887051434171,0.0392156862745098
D1,0,4,calibration,4,Menard 1,0.21868593078512616,0.1692307692307692
D1,0,4,calibration,4,Menard 2,0.43637825045811585,0.2692307692307692
D1,0,4,calibration,4,Sorrel 0,0.022587796178662287,0.2083333333333333
D1,0,4,calibration,4,Sorrel 1,0.4841850275345496,0.3953488372093023
D1,0,4,calibration,4,Sorrel 2,0.023853379367419617,0.15
D1,0,4,calibration,4,Other,0.015230506158225604,0.12
D1,1,2,calibration,1,Menard 1,0.10378124366569358,0.1842105263157894
D1,1,2,calibration,1,Menard 2,0.2228265775144001,0.1785714285714285
D1,1,2,calibration,1,Sorrel 1,0.3093816134897567,0.45
D1,1,2,calibration,1,Sorrel 2,0.17886703475639756,0.25
D1,1,3,calibration,2,Menard 1,0.10949453918257825,0.1269841269841269
D1,1,3,calibration,2,Menard 2,0.22527902536670763,0.125
D1,1,3,calibration,2,Sorrel 0,0.22583929991364637,0.173076923076923
D1,1,3,calibration,2,Sorrel 1,0.31103684724609315,0.25
D1,1,3,calibration,2,Sorrel 2,0.18269948300290512,0.1714285714285714
D1,1,3,calibration,2,Other,0.04771257011737817,0.0392156862745098
D1,1,4,calibration,3,Menard 1,0.1151793722115157,0.1692307692307692
D1,1,4,calibration,3,Menard 2,0.2276966604228631,0.2692307692307692
D1,1,4,calibration,3,Sorrel 0,0.22657031175820308,0.2083333333333333
D1,1,4,calibration,3,Sorrel 1,0.31265861962174485,0.3953488372093023
D1,1,4,calibration,3,Sorrel 2,0.1864979462291004,0.15
D1,1,4,calibration,3,Other,0.05188806652219072,0.12
D1,1,5,calibration,4,Menard 1,0.12083600882335609,0.1940298507462686
D1,1,5,calibration,4,Menard 2,0.23007981718696474,0.3220338983050847
D1,1,5,calibration,4,Sorrel 0,0.22733722633170927,0.2909090909090909
D1,1,5,calibration,4,Sorrel 1,0.3142475297448988,0.4
D1,1,5,calibration,4,Sorrel 2,0.19026301075114574,0.2045454545454545
D1,1,5,calibration,4,Other,0.05601563048924946,0.1296296296296296
D1,2,3,calibration,1,Menard 1,0.19039793086078055,0.1269841269841269
D1,2,3,calibration,1,Menard 2,0.18227084412528877,0.125
D1,2,3,calibration,1,Sorrel 0,0.22075290911325926,0.173076923076923
D1,2,3,calibration,1,Sorrel 1,0.4495840755025343,0.25
D1,2,3,calibration,1,Sorrel 2,0.25250273428160336,0.1714285714285714
D1,2,3,calibration,1,Other,0.040475089637284606,0.0392156862745098
D1,2,4,calibration,2,Menard 1,0.19654883795853623,0.1692307692307692
D1,2,4,calibration,2,Menard 2,0.18591502879803146,0.2692307692307692
D1,2,4,calibration,2,Sorrel 0,0.22154958380573614,0.2083333333333333
D1,2,4,calibration,2,Sorrel 1,0.4491511866978092,0.3953488372093023
D1,2,4,calibration,2,Sorrel 2,0.25500206805536496,0.15
D1,2,4,calibration,2,Other,0.04453682847418769,0.12
D1,2,5,calibration,3,Menard 1,0.20266352140929966,0.1940298507462686
D1,2,5,calibration,3,Menard 2,0.18950455349335862,0.3220338983050847
D1,2,5,calibration,3,Sorrel 0,0.22238857259601197,0.2909090909090909
D1,2,5,calibration,3,Sorrel 1,0.44870200352056777,0.4
D1,2,5,calibration,3,Sorrel 2,0.25749802671419453,0.2045454545454545
D1,2,5,calibration,3,Other,0.04854944867130208,0.1296296296296296
D1,2,6,calibration,4,Menard 1,0.20874225328743382,0.1384615384615384
D1,2,6,calibration,4,Sorrel 0,0.2232684587011226,0.16
D1,2,6,calibration,4,Sorrel 1,0.44823717848661837,0.3260869565217391
D1,2,6,calibration,4,Sorrel 2,0.2599906288242824,0.2162162162162162
D1,3,4,calibration,1,Menard 1,0.13266013921986836,0.1692307692307692
D1,3,4,calibration,1,Menard 2,0.12880039628184667,0.2692307692307692
D1,3,4,calibration,1,Sorrel 0,0.1746844095916139,0.2083333333333333
D1,3,4,calibration,1,Sorrel 1,0.2521973778463938,0.3953488372093023
D1,3,4,calibration,1,Sorrel 2,0.17488848895581555,0.15
D1,3,4,calibration,1,Other,0.04333976853522864,0.12
D1,3,5,calibration,2,Menard 1,0.13830967302354533,0.1940298507462686
D1,3,5,calibration,2,Menard 2,0.1325476522083892,0.3220338983050847
D1,3,5,calibration,2,Sorrel 0,0.1763129835444569,0.2909090909090909
D1,3,5,calibration,2,Sorrel 1,0.2543533759519875,0.4
D1,3,5,calibration,2,Sorrel 2,0.17832919930449626,0.2045454545454545
D1,3,5,calibration,2,Other,0.047417117956638125,0.1296296296296296
D1,3,6,calibration,3,Menard 1,0.14393290550691304,0.1384615384615384
D1,3,6,calibration,3,Sorrel 0,0.17796175063729813,0.16
D1,3,6,calibration,3,Sorrel 1,0.25646875002439856,0.3260869565217391
D1,3,6,calibration,3,Sorrel 2,0.18175092467039067,0.2162162162162162
D1,3,7,calibration,4,Menard 1,0.14953001245940428,0.1666666666666666
D1,3,7,calibration,4,Menard 2,0.13988507527474445,0.1
D1,3,7,calibration,4,Sorrel 0,0.1796298389541778,0.1016949152542373
D1,3,7,calibration,4,Sorrel 1,0.25854424127012454,0.3469387755102041
D1,3,7,calibration,4,Sorrel 2,0.18515388012837544,0.2051282051282051
D1,3,7,calibration,4,Other,0.055433609689433824,0.0196078431372549
D1,4,5,calibration,1,Menard 1,0.1752254560054034,0.1940298507462686
D1,4,5,calibration,1,Menard 2,0.2714018370312056,0.3220338983050847
D1,4,5,calibration,1,Sorrel 0,0.21005508498073372,0.2909090909090909
D1,4,5,calibration,1,Sorrel 1,0.3950654461400094,0.4
D1,4,5,calibration,1,Sorrel 2,0.1543573824120697,0.2045454545454545
D1,4,5,calibration,1,Other,0.12327826004054118,0.1296296296296296
D1,4,6,calibration,2,Menard 1,0.18118230593278284,0.1384615384615384
D1,4,6,calibration,2,Sorrel 0,0.21179102371807607,0.16
D1,4,6,calibration,2,Sorrel 1,0.39478194959724755,0.3260869565217391
D1,4,6,calibration,2,Sorrel 2,0.15868191995090983,0.2162162162162162
D1,4,7,calibration,3,Menard 1,0.18710172576902287,0.1666666666666666
D1,4,7,calibration,3,Menard 2,0.27562738444168766,0.1
D1,4,7,calibration,3,Sorrel 0,0.21354037749314894,0.1016949152542373
D1,4,7,calibration,3,Sorrel 1,0.3944984560042044,0.3469387755102041
D1,4,7,calibration,3,Sorrel 2,0.16297394960078523,0.2051282051282051
D1,4,7,calibration,3,Other,0.1297201526603602,0.0196078431372549
D1,4,8,calibration,4,Menard 1,0.19298411719698888,0.144927536231884
D1,4,8,calibration,4,Menard 2,0.27768294212012873,0.1020408163265306
D1,4,8,calibration,4,Sorrel 0,0.21530239546067861,0.1470588235294117
D1,4,8,calibration,4,Sorrel 1,0.3942150683200212,0.3181818181818182
D1,4,8,calibration,4,Sorrel 2,0.16723380182608727,0.2368421052631578
D1,4,8,calibration,4,Other,0.13288462366499326,0.0588235294117647
D1,5,6,calibration,1,Menard 1,0.1996778399962888,0.1384615384615384
D1,5,6,calibration,1,Sorrel 0,0.2912627498960619,0.16
D1,5,6,calibration,1,Sorrel 1,0.4001331620479976,0.3260869565217391
D1,5,6,calibration,1,Sorrel 2,0.20878147229256605,0.2162162162162162
D1,5,7,calibration,2,Menard 1,0.20529244329900193,0.1666666666666666
D1,5,7,calibration,2,Menard 2,0.3242507192271396,0.1
D1,5,7,calibration,2,Sorrel 0,0.29165336254947016,0.1016949152542373
D1,5,7,calibration,2,Sorrel 1,0.4002573583152443,0.3469387755102041
D1,5,7,calibration,2,Sorrel 2,0.21297323278831484,0.2051282051282051
D1,5,7,calibration,2,Other,0.13618658180195356,0.0196078431372549
D1,5,8,calibration,3,Menard 1,0.21087404956468225,0.144927536231884
D1,5,8,calibration,3,Menard 2,0.3253306181564853,0.1020408163265306
D1,5,8,calibration,3,Sorrel 0,0.2920797753328539,0.1470588235294117
D1,5,8,calibration,3,Sorrel 1,0.40037278772192275,0.3181818181818182
D1,5,8,calibration,3,Sorrel 2,0.21712147751186206,0.2368421052631578
D1,5,8,calibration,3,Other,0.13940605580803467,0.0588235294117647
D1,5,9,calibration,4,Menard 1,0.21642304149940234,0.1884057971014492
D1,5,9,calibration,4,Menard 2,0.32639176709853884,0.1346153846153846
D1,5,9,calibration,4,Sorrel 0,0.29254086258609524,0.1320754716981132
D1,5,9,calibration,4,Sorrel 1,0.4004796441078383,0.4193548387096774
D1,5,9,calibration,4,Sorrel 2,0.2212269315900096,0.4210526315789473
D1,5,9,calibration,4,Other,0.1425867749088594,0.0188679245283018
D1,6,7,calibration,1,Menard 1,0.14456560767116206,0.1666666666666666
D1,6,7,calibration,1,Menard 2,0.005418988831450047,0.1
D1,6,7,calibration,1,Sorrel 0,0.16187326426705081,0.1016949152542373
D1,6,7,calibration,1,Sorrel 1,0.3275567306715591,0.3469387755102041
D1,6,7,calibration,1,Sorrel 2,0.21831268286774816,0.2051282051282051
D1,6,7,calibration,1,Other,0.12456411814747681,0.0196078431372549
D1,6,8,calibration,2,Menard 1,0.15064263356855126,0.144927536231884
D1,6,8,calibration,2,Menard 2,0.010766100487671404,0.1020408163265306
D1,6,8,calibration,2,Sorrel 0,0.1637655366420389,0.1470588235294117
D1,6,8,calibration,2,Sorrel 1,0.3289822681160596,0.3181818181818182
D1,6,8,calibration,2,Sorrel 2,0.2204211035045105,0.2368421052631578
D1,6,8,calibration,2,Other,0.127874200082149,0.0588235294117647
D1,6,9,calibration,3,Menard 1,0.15669266234108833,0.1884057971014492
D1,6,9,calibration,3,Menard 2,0.016042093127974777,0.1346153846153846
D1,6,9,calibration,3,Sorrel 0,0.16567594089744644,0.1320754716981132
D1,6,9,calibration,3,Sorrel 1,0.330364594971835,0.4193548387096774
D1,6,9,calibration,3,Sorrel 2,0.22254114395037267,0.4210526315789473
D1,6,9,calibration,3,Other,0.13114285926638383,0.0188679245283018
D1,6,10,calibration,4,Menard 1,0.16271574282049606,0.1194029850746268
D1,6,10,calibration,4,Menard 2,0.021247721200144246,0.1333333333333333
D1,6,10,calibration,4,Sorrel 0,0.16760362230831927,0.08
D1,6,10,calibration,4,Sorrel 1,0.3317047159749513,0.391304347826087
D1,6,10,calibration,4,Sorrel 2,0.2246724713178952,0.2222222222222222
D1,6,10,calibration,4,Other,0.13437058176385153,0.0363636363636363
D1,7,8,calibration,1,Menard 1,0.17266180754704932,0.144927536231884
D1,7,8,calibration,1,Menard 2,0.1048963417284946,0.1020408163265306
D1,7,8,calibration,1,Sorrel 0,0.10459948582109034,0.1470588235294117
D1,7,8,calibration,1,Sorrel 1,0.34741922314779744,0.3181818181818182
D1,7,8,calibration,1,Sorrel 2,0.20751469520029175,0.2368421052631578
D1,7,8,calibration,1,Other,0.023731568340448102,0.0588235294117647
D1,7,9,calibration,2,Menard 1,0.1786252412910561,0.1884057971014492
D1,7,9,calibration,2,Menard 2,0.10971622211909257,0.1346153846153846
D1,7,9,calibration,2,Sorrel 0,0.10750561328949354,0.1320754716981132
D1,7,9,calibration,2,Sorrel 1,0.34787773218468165,0.4193548387096774
D1,7,9,calibration,2,Sorrel 2,0.20991377187504845,0.4210526315789473
D1,7,9,calibration,2,Other,0.027808419616005796,0.0188679245283018
D1,7,10,calibration,3,Menard 1,0.1845571285343246,0.1194029850746268
D1,7,10,calibration,3,Menard 2,0.114460616494582,0.1333333333333333
D1,7,10,calibration,3,Sorrel 0,0.1104126860330189,0.08
D1,7,10,calibration,3,Sorrel 1,0.348314973444999,0.391304347826087
D1,7,10,calibration,3,Sorrel 2,0.21232492462724933,0.2222222222222222
D1,7,10,calibration,3,Other,0.03183892132190867,0.0363636363636363
D1,7,11,calibration,4,Menard 1,0.19045763117899162,0.1739130434782608
D1,7,11,calibration,4,Menard 2,0.11913049172017179,0.1333333333333333
D1,7,11,calibration,4,Sorrel 0,0.11332011030768413,0.0980392156862745
D1,7,11,calibration,4,Sorrel 1,0.34873160039501955,0.3555555555555555
D1,7,11,calibration,4,Sorrel 2,0.21474765016573377,0.2352941176470588
D1,7,11,calibration,4,Other,0.035823591226310944,0.1176470588235294
D1,8,9,calibration,1,Menard 1,0.15061234804082074,0.1884057971014492
D1,8,9,calibration,1,Menard 2,0.10637193988202048,0.1346153846153846
D1,8,9,calibration,1,Sorrel 0,0.1492163238603558,0.1320754716981132
D1,8,9,calibration,1,Sorrel 1,0.3196488703037976,0.4193548387096774
D1,8,9,calibration,1,Sorrel 2,0.23898830061851134,0.4210526315789473
D1,8,9,calibration,1,Other,0.0627533452486385,0.0188679245283018
D1,8,10,calibration,2,Menard 1,0.15627321831386345,0.1194029850746268
D1,8,10,calibration,2,Menard 2,0.11064085924825152,0.1333333333333333
D1,8,10,calibration,2,Sorrel 0,0.1513851343904498,0.08
D1,8,10,calibration,2,Sorrel 1,0.32107768225491623,0.391304347826087
D1,8,10,calibration,2,Sorrel 2,0.241141844444785,0.2222222222222222
D1,8,10,calibration,2,Other,0.06663739230910323,0.0363636363636363
D1,8,11,calibration,3,Menard 1,0.16191021043907788,0.1739130434782608
D1,8,11,calibration,3,Menard 2,0.11484828942637684,0.1333333333333333
D1,8,11,calibration,3,Sorrel 0,0.15356454785480994,0.0980392156862745
D1,8,11,calibration,3,Sorrel 1,0.32246909690580117,0.3555555555555555
D1,8,11,calibration,3,Sorrel 2,0.2433024655620833,0.2352941176470588
D1,8,11,calibration,3,Other,0.07047617430281332,0.1176470588235294
D1,8,12,holdout,4,Menard 1,0.1675233895051155,0.25
D1,8,12,holdout,4,Menard 2,0.11899494081692383,0.1111111111111111
D1,8,12,holdout,4,Sorrel 0,0.15575387531710636,0.0612244897959183
D1,8,12,holdout,4,Sorrel 1,0.323823939438719,0.3055555555555556
D1,8,12,holdout,4,Sorrel 2,0.24546989426720506,0.1578947368421052
D1,8,12,holdout,4,Other,0.07427018891871157,0.0943396226415094
D1,9,10,calibration,1,Menard 1,0.19354641910732867,0.1194029850746268
D1,9,10,calibration,1,Menard 2,0.13893912208116427,0.1333333333333333
D1,9,10,calibration,1,Sorrel 0,0.13448430189866897,0.08
D1,9,10,calibration,1,Sorrel 1,0.420181068892268,0.391304347826087
D1,9,10,calibration,1,Sorrel 2,0.4203630577141272,0.2222222222222222
D1,9,10,calibration,1,Other,0.023240586542827332,0.0363636363636363
D1,9,11,calibration,2,Menard 1,0.19867495651532907,0.1739130434782608
D1,9,11,calibration,2,Menard 2,0.1431986301245724,0.1333333333333333
D1,9,11,calibration,2,Sorrel 0,0.13689992326226255,0.0980392156862745
D1,9,11,calibration,2,Sorrel 1,0.4209642697755326,0.3555555555555555
D1,9,11,calibration,2,Sorrel 2,0.41972514868243693,0.2352941176470588
D1,9,11,calibration,2,Other,0.027561776223034802,0.1176470588235294
D1,9,12,holdout,3,Menard 1,0.20379121093215086,0.25
D1,9,12,holdout,3,Menard 2,0.14739463507421308,0.1111111111111111
D1,9,12,holdout,3,Sorrel 0,0.13932174581002718,0.0612244897959183
D1,9,12,holdout,3,Sorrel 1,0.4217055507231583,0.3055555555555556
D1,9,12,holdout,3,Sorrel 2,0.41913796575946616,0.1578947368421052
D1,9,12,holdout,3,Other,0.03183206834690934,0.0943396226415094
D1,9,13,holdout,4,Menard 1,0.20889499085199137,0.1875
D1,9,13,holdout,4,Menard 2,0.15152785909467553,0.1320754716981132
D1,9,13,holdout,4,Sorrel 0,0.14174919437159245,0.0681818181818181
D1,9,13,holdout,4,Sorrel 1,0.42240599736639617,0.2285714285714285
D1,9,13,holdout,4,Sorrel 2,0.4186005813657925,0.1785714285714285
D1,9,13,holdout,4,Other,0.036052030978851485,0.0
D1,10,11,calibration,1,Menard 1,0.12539926645668695,0.1739130434782608
D1,10,11,calibration,1,Menard 2,0.1378354626787231,0.1333333333333333
D1,10,11,calibration,1,Sorrel 0,0.08329178677763388,0.0980392156862745
D1,10,11,calibration,1,Sorrel 1,0.39146767503869495,0.3555555555555555
D1,10,11,calibration,1,Sorrel 2,0.22414220183876649,0.2352941176470588
D1,10,11,calibration,1,Other,0.04045771720131133,0.1176470588235294
D1,10,12,holdout,2,Menard 1,0.13136659983213397,0.25
D1,10,12,holdout,2,Menard 2,0.14226434819158118,0.1111111111111111
D1,10,12,holdout,2,Sorrel 0,0.08657623248293035,0.0612244897959183
D1,10,12,holdout,2,Sorrel 1,0.39161247516875897,0.3055555555555556
D1,10,12,holdout,2,Sorrel 2,0.22608311766363381,0.1578947368421052
D1,10,12,holdout,2,Other,0.044505063636606335,0.0943396226415094
D1,10,13,holdout,3,Menard 1,0.13730509321189394,0.1875
D1,10,13,holdout,3,Menard 2,0.14662096574838174,0.1320754716981132
D1,10,13,holdout,3,Sorrel 0,0.08985292522255905,0.0681818181818181
D1,10,13,holdout,3,Sorrel 1,0.3917393677583103,0.2285714285714285
D1,10,13,holdout,3,Sorrel 2,0.2280442960205585,0.1785714285714285
D1,10,13,holdout,3,Other,0.048506190900336886,0.0
D1,10,14,holdout,4,Menard 2,0.15090628191348057,0.1632653061224489
D1,10,14,holdout,4,Sorrel 0,0.0931214666994503,0.073170731707317
D1,10,14,holdout,4,Sorrel 1,0.3918489557935596,0.2258064516129032
D1,10,14,holdout,4,Sorrel 2,0.23002507401625738,0.1290322580645161
D1,10,14,holdout,4,Other,0.05246160790411611,0.0294117647058823
D1,11,12,holdout,1,Menard 1,0.1795211738510777,0.25
D1,11,12,holdout,1,Menard 2,0.1374554649992102,0.1111111111111111
D1,11,12,holdout,1,Sorrel 0,0.10167032166277253,0.0612244897959183
D1,11,12,holdout,1,Sorrel 1,0.35608775439476015,0.3055555555555556
D1,11,12,holdout,1,Sorrel 2,0.2373096956048773,0.1578947368421052
D1,11,12,holdout,1,Other,0.12089809337597797,0.0943396226415094
D1,11,13,holdout,2,Menard 1,0.1851050932859028,0.1875
D1,11,13,holdout,2,Menard 2,0.14151122802742103,0.1320754716981132
D1,11,13,holdout,2,Sorrel 0,0.105279403710038,0.0681818181818181
D1,11,13,holdout,2,Sorrel 1,0.3566005397516617,0.2285714285714285
D1,11,13,holdout,2,Sorrel 2,0.23934360624643675,0.1785714285714285
D1,11,13,holdout,2,Other,0.12411151146539283,0.0
D1,11,14,holdout,3,Menard 2,0.14550154749560848,0.1632653061224489
D1,11,14,holdout,3,Sorrel 0,0.10886643929642,0.073170731707317
D1,11,14,holdout,3,Sorrel 1,0.35709443402633356,0.2258064516129032
D1,11,14,holdout,3,Sorrel 2,0.2413951737168982,0.1290322580645161
D1,11,14,holdout,3,Other,0.12728771275114348,0.0294117647058823
D1,11,15,holdout,4,Menard 2,0.14942733819799076,0.1555555555555555
D1,11,15,holdout,4,Sorrel 0,0.11243141069750147,0.1034482758620689
D1,11,15,holdout,4,Sorrel 2,0.24346373498909912,0.1111111111111111
D1,11,15,holdout,4,Other,0.13042709224585913,0.0909090909090909
D1,12,13,holdout,1,Menard 1,0.25576993769429013,0.1875
D1,12,13,holdout,1,Menard 2,0.11588917133025482,0.1320754716981132
D1,12,13,holdout,1,Sorrel 0,0.06577238656407008,0.0681818181818181
D1,12,13,holdout,1,Sorrel 1,0.3056306169193509,0.2285714285714285
D1,12,13,holdout,1,Sorrel 2,0.16110841485585756,0.1785714285714285
D1,12,13,holdout,1,Other,0.09745539231950807,0.0
D1,12,14,holdout,2,Menard 2,0.12058606635778901,0.1632653061224489
D1,12,14,holdout,2,Sorrel 0,0.07028237540310425,0.073170731707317
D1,12,14,holdout,2,Sorrel 1,0.305702721344118,0.2258064516129032
D1,12,14,holdout,2,Sorrel 2,0.16433099164741025,0.1290322580645161
D1,12,14,holdout,2,Other,0.10053716889261066,0.0294117647058823
D1,12,15,holdout,3,Menard 2,0.12520301404497494,0.1555555555555555
D1,12,15,holdout,3,Sorrel 0,0.07475466826707786,0.1034482758620689
D1,12,15,holdout,3,Sorrel 2,0.16756173429824353,0.1111111111111111
D1,12,15,holdout,3,Other,0.10358530839416173,0.0909090909090909
D1,12,16,holdout,4,Sorrel 0,0.0791894788463226,0.0769230769230769
D1,12,16,holdout,4,Sorrel 2,0.17079992697376128,0.1785714285714285
D1,12,16,holdout,4,Other,0.10660016247243037,0.0666666666666666
D1,13,14,holdout,1,Menard 2,0.1364184251704132,0.1632653061224489
D1,13,14,holdout,1,Sorrel 0,0.07201219541784047,0.073170731707317
D1,13,14,holdout,1,Sorrel 1,0.23025298873172795,0.2258064516129032
D1,13,14,holdout,1,Sorrel 2,0.18158384548940398,0.1290322580645161
D1,13,14,holdout,1,Other,0.004201695849344947,0.0294117647058823
D1,13,15,holdout,2,Menard 2,0.14068994686754946,0.1555555555555555
D1,13,15,holdout,2,Sorrel 0,0.07581984779832024,0.1034482758620689
D1,13,15,holdout,2,Sorrel 2,0.18459830713287417,0.1111111111111111
D1,13,15,holdout,2,Other,0.008359102635087282,0.0909090909090909
D1,13,16,holdout,3,Sorrel 0,0.07960471872879521,0.0769230769230769
D1,13,16,holdout,3,Sorrel 2,0.18761437503717365,0.1785714285714285
D1,13,16,holdout,3,Other,0.012472662380321305,0.0666666666666666
D1,14,15,holdout,1,Menard 2,0.16713256544357064,0.1555555555555555
D1,14,15,holdout,1,Sorrel 0,0.07713729334909517,0.1034482758620689
D1,14,15,holdout,1,Sorrel 2,0.13293940303256815,0.1111111111111111
D1,14,15,holdout,1,Other,0.03330245554617801,0.0909090909090909
D1,14,16,holdout,2,Sorrel 0,0.08107620312024766,0.0769230769230769
D1,14,16,holdout,2,Sorrel 2,0.13683471768631036,0.1785714285714285
D1,14,16,holdout,2,Other,0.03715266450484324,0.0666666666666666
D1,15,16,holdout,1,Sorrel 0,0.10712615842050384,0.0769230769230769
D1,15,16,holdout,1,Sorrel 2,0.11544156316291523,0.1785714285714285
D1,15,16,holdout,1,Other,0.09424750079047081,0.0666666666666666
D2,0,1,calibration,1,Menard 1,0.20359365890427278,0.0980392156862745
D2,0,1,calibration,1,Menard 2,0.4297732187000808,0.2203389830508474
D2,0,1,calibration,1,Sorrel 0,0.009954749081594272,0.2244897959183673
D2,0,1,calibration,1,Sorrel 1,0.5084446255898718,0.3076923076923077
D2,0,1,calibration,1,Sorrel 2,0.011339747905918768,0.175
D2,0,1,calibration,1,Other,0.006096425595111227,0.0392156862745098
D2,0,2,calibration,2,Menard 1,0.21423573511609328,0.1842105263157894
D2,0,2,calibration,2,Menard 2,0.43083472684453195,0.1785714285714285
D2,0,2,calibration,2,Sorrel 1,0.5162048629470614,0.45
D2,0,2,calibration,2,Sorrel 2,0.022119480977080774,0.25
D2,0,3,calibration,3,Menard 1,0.22427226542593415,0.1269841269841269
D2,0,3,calibration,3,Menard 2,0.4317619784251505,0.125
D2,0,3,calibration,3,Sorrel 0,0.029079891333821578,0.173076923076923
D2,0,3,calibration,3,Sorrel 1,0.5233115480504189,0.25
D2,0,3,calibration,3,Sorrel 2,0.032374580386736754,0.1714285714285714
D2,0,3,calibration,3,Other,0.017968502441060588,0.0392156862745098
D2,0,4,calibration,4,Menard 1,0.233738146112861,0.1692307692307692
D2,0,4,calibration,4,Menard 2,0.4325606611079662,0.2692307692307692
D2,0,4,calibration,4,Sorrel 0,0.03828066093690037,0.2083333333333333
D2,0,4,calibration,4,Sorrel 1,0.5297941428659407,0.3953488372093023
D2,0,4,calibration,4,Sorrel 2,0.042138294373358226,0.15
D2,0,4,calibration,4,Other,0.023746627300879092,0.12
D2,1,2,calibration,1,Menard 1,0.10446100365028764,0.1842105263157894
D2,1,2,calibration,1,Menard 2,0.22237008552232174,0.1785714285714285
D2,1,2,calibration,1,Sorrel 1,0.3081276863550077,0.45
D2,1,2,calibration,1,Sorrel 2,0.17794240318664128,0.25
D2,1,3,calibration,2,Menard 1,0.11089001385892742,0.1269841269841269
D2,1,3,calibration,2,Menard 2,0.22442213394044214,0.125
D2,1,3,calibration,2,Sorrel 0,0.2245034223918471,0.173076923076923
D2,1,3,calibration,2,Sorrel 1,0.30865605498295107,0.25
D2,1,3,calibration,2,Sorrel 2,0.18092725396780945,0.1714285714285714
D2,1,3,calibration,2,Other,0.046058856212291235,0.0392156862745098
D2,1,4,calibration,3,Menard 1,0.1173118859410433,0.1692307692307692
D2,1,4,calibration,3,Menard 2,0.2264921199431016,0.2692307692307692
D2,1,4,calibration,3,Sorrel 0,0.22474280184485917,0.2083333333333333
D2,1,4,calibration,3,Sorrel 1,0.30926091902850283,0.3953488372093023
D2,1,4,calibration,3,Sorrel 2,0.18395089305771195,0.15
D2,1,4,calibration,3,Other,0.049561818083830984,0.12
D2,1,5,calibration,4,Menard 1,0.12371266453754784,0.1940298507462686
D2,1,5,calibration,4,Menard 2,0.22857687366489093,0.3220338983050847
D2,1,5,calibration,4,Sorrel 0,0.22512053666387366,0.2909090909090909
D2,1,5,calibration,4,Sorrel 1,0.30992724496875407,0.4
D2,1,5,calibration,4,Sorrel 2,0.18701004922670772,0.2045454545454545
D2,1,5,calibration,4,Other,0.05311191516354066,0.1296296296296296
D2,2,3,calibration,1,Menard 1,0.18942258132455314,0.1269841269841269
D2,2,3,calibration,1,Menard 2,0.1821436464524191,0.125
D2,2,3,calibration,1,Sorrel 0,0.22059658785564557,0.173076923076923
D2,2,3,calibration,1,Sorrel 1,0.4498001782577712,0.25
D2,2,3,calibration,1,Sorrel 2,0.2524581404468602,0.1714285714285714
D2,2,3,calibration,1,Other,0.04093585582188003,0.0392156862745098
D2,2,4,calibration,2,Menard 1,0.19478631861114282,0.1692307692307692
D2,2,4,calibration,2,Menard 2,0.18565267829287685,0.2692307692307692
D2,2,4,calibration,2,Sorrel 0,0.22126004844120714,0.2083333333333333
D2,2,4,calibration,2,Sorrel 1,0.4495726651846963,0.3953488372093023
D2,2,4,calibration,2,Sorrel 2,0.25488690984893714,0.15
D2,2,4,calibration,2,Other,0.04545577526336646,0.12
D2,2,5,calibration,3,Menard 1,0.2002774042214992,0.1940298507462686
D2,2,5,calibration,3,Menard 2,0.1890997191377004,0.3220338983050847
D2,2,5,calibration,3,Sorrel 0,0.22198838495668038,0.2909090909090909
D2,2,5,calibration,3,Sorrel 1,0.44931097264847386,0.4
D2,2,5,calibration,3,Sorrel 2,0.2572921686978944,0.2045454545454545
D2,2,5,calibration,3,Other,0.04992411243664089,0.1296296296296296
D2,2,6,calibration,4,Menard 1,0.20587235219817346,0.1384615384615384
D2,2,6,calibration,4,Sorrel 0,0.2227794565280314,0.16
D2,2,6,calibration,4,Sorrel 1,0.449009111656729,0.3260869565217391
D2,2,6,calibration,4,Sorrel 2,0.25967942361422297,0.2162162162162162
D2,3,4,calibration,1,Menard 1,0.13305357747611055,0.1692307692307692
D2,3,4,calibration,1,Menard 2,0.12872510727108288,0.2692307692307692
D2,3,4,calibration,1,Sorrel 0,0.1747013223096506,0.2083333333333333
D2,3,4,calibration,1,Sorrel 1,0.25141273929545976,0.3953488372093023
D2,3,4,calibration,1,Sorrel 2,0.1741331773908185,0.15
D2,3,4,calibration,1,Other,0.042974739971657516,0.12
D2,3,5,calibration,2,Menard 1,0.13915121068928973,0.1940298507462686
D2,3,5,calibration,2,Menard 2,0.13241085465803837,0.3220338983050847
D2,3,5,calibration,2,Sorrel 0,0.17635992776503626,0.2909090909090909
D2,3,5,calibration,2,Sorrel 1,0.25284458306874513,0.4
D2,3,5,calibration,2,Sorrel 2,0.1768491301906796,0.2045454545454545
D2,3,5,calibration,2,Other,0.04671646794321091,0.1296296296296296
D2,3,6,calibration,3,Menard 1,0.1452606556705403,0.1384615384615384
D2,3,6,calibration,3,Sorrel 0,0.1780490214274551,0.16
D2,3,6,calibration,3,Sorrel 1,0.25428412480589824,0.3260869565217391
D2,3,6,calibration,3,Sorrel 2,0.17957812399037765,0.2162162162162162
D2,3,7,calibration,4,Menard 1,0.1513661524432206,0.1666666666666666
D2,3,7,calibration,4,Menard 2,0.13965827281000756,0.1
D2,3,7,calibration,4,Sorrel 0,0.1797651668804654,0.1016949152542373
D2,3,7,calibration,4,Sorrel 1,0.25572105428737946,0.3469387755102041
D2,3,7,calibration,4,Sorrel 2,0.18232176380498513,0.2051282051282051
D2,3,7,calibration,4,Other,0.0541414428477785,0.0196078431372549
D2,4,5,calibration,1,Menard 1,0.17597750368734508,0.1940298507462686
D2,4,5,calibration,1,Menard 2,0.2714023930409105,0.3220338983050847
D2,4,5,calibration,1,Sorrel 0,0.21087291635295774,0.2909090909090909
D2,4,5,calibration,1,Sorrel 1,0.39553372658530617,0.4
D2,4,5,calibration,1,Sorrel 2,0.1526511286966791,0.2045454545454545
D2,4,5,calibration,1,Other,0.12346498057497696,0.1296296296296296
D2,4,6,calibration,2,Menard 1,0.18251129752903977,0.1384615384615384
D2,4,6,calibration,2,Sorrel 0,0.21343849713111065,0.16
D2,4,6,calibration,2,Sorrel 1,0.3956617416083861,0.3260869565217391
D2,4,6,calibration,2,Sorrel 2,0.15536775548605236,0.2162162162162162
D2,4,7,calibration,3,Menard 1,0.1888240610591343,0.1666666666666666
D2,4,7,calibration,3,Menard 2,0.27564343745695635,0.1
D2,4,7,calibration,3,Sorrel 0,0.21602714094812497,0.1016949152542373
D2,4,7,calibration,3,Sorrel 1,0.39572917247960837,0.3469387755102041
D2,4,7,calibration,3,Sorrel 2,0.1581463321174337,0.2051282051282051
D2,4,7,calibration,3,Other,0.1304082114755325,0.0196078431372549
D2,4,8,calibration,4,Menard 1,0.19490782355773575,0.144927536231884
D2,4,8,calibration,4,Menard 2,0.27770132037142986,0.1020408163265306
D2,4,8,calibration,4,Sorrel 0,0.21863595723236368,0.1470588235294117
D2,4,8,calibration,4,Sorrel 1,0.3957329566095934,0.3181818181818182
D2,4,8,calibration,4,Sorrel 2,0.16098368683727,0.2368421052631578
D2,4,8,calibration,4,Other,0.13388063019748503,0.0588235294117647
D2,5,6,calibration,1,Menard 1,0.1990412180055407,0.1384615384615384
D2,5,6,calibration,1,Sorrel 0,0.29245203197980457,0.16
D2,5,6,calibration,1,Sorrel 1,0.3995714790902928,0.3260869565217391
D2,5,6,calibration,1,Sorrel 2,0.20687403271773136,0.2162162162162162
D2,5,7,calibration,2,Menard 1,0.20378441062918362,0.1666666666666666
D2,5,7,calibration,2,Menard 2,0.3229878378337281,0.1
D2,5,7,calibration,2,Sorrel 0,0.29405339347766063,0.1016949152542373
D2,5,7,calibration,2,Sorrel 1,0.39911341135255946,0.3469387755102041
D2,5,7,calibration,2,Sorrel 2,0.20931273447782583,0.2051282051282051
D2,5,7,calibration,2,Other,0.13793656861647668,0.0196078431372549
D2,5,8,calibration,3,Menard 1,0.2082522240541,0.144927536231884
D2,5,8,calibration,3,Menard 2,0.32349075628769186,0.1020408163265306
D2,5,8,calibration,3,Sorrel 0,0.2957070768646816,0.1470588235294117
D2,5,8,calibration,3,Sorrel 1,0.3986248153333358,0.3181818181818182
D2,5,8,calibration,3,Sorrel 2,0.21185605923538164,0.2368421052631578
D2,5,8,calibration,3,Other,0.14210853017580433,0.0588235294117647
D2,5,9,calibration,4,Menard 1,0.212437637197319,0.1884057971014492
D2,5,9,calibration,4,Menard 2,0.32400126464064466,0.1346153846153846
D2,5,9,calibration,4,Sorrel 0,0.2974073803166451,0.1320754716981132
D2,5,9,calibration,4,Sorrel 1,0.3981052549153423,0.4193548387096774
D2,5,9,calibration,4,Sorrel 2,0.21449901191360365,0.4210526315789473
D2,5,9,calibration,4,Other,0.14628937126390873,0.0188679245283018
D2,6,7,calibration,1,Menard 1,0.14759984278942972,0.1666666666666666
D2,6,7,calibration,1,Menard 2,0.0032373406815498357,0.1
D2,6,7,calibration,1,Sorrel 0,0.16499788803335108,0.1016949152542373
D2,6,7,calibration,1,Sorrel 1,0.3307244417821857,0.3469387755102041
D2,6,7,calibration,1,Sorrel 2,0.21918746721888285,0.2051282051282051
D2,6,7,calibration,1,Other,0.12469895533412814,0.0196078431372549
D2,6,8,calibration,2,Menard 1,0.15649204629397634,0.144927536231884
D2,6,8,calibration,2,Menard 2,0.006603786935146405,0.1020408163265306
D2,6,8,calibration,2,Sorrel 0,0.16965390164391014,0.1470588235294117
D2,6,8,calibration,2,Sorrel 1,0.33515071203018515,0.3181818181818182
D2,6,8,calibration,2,Sorrel 2,0.222314801681325,0.2368421052631578
D2,6,8,calibration,2,Other,0.12810250527454478,0.0588235294117647
D2,6,9,calibration,3,Menard 1,0.16513879764120243,0.1884057971014492
D2,6,9,calibration,3,Menard 2,0.01007639770121678,0.1346153846153846
D2,6,9,calibration,3,Sorrel 0,0.17399574210851582,0.1320754716981132
D2,6,9,calibration,3,Sorrel 1,0.3393768138164212,0.4193548387096774
D2,6,9,calibration,3,Sorrel 2,0.22558888671068406,0.4210526315789473
D2,6,9,calibration,3,Other,0.13142419607475903,0.0188679245283018
D2,6,10,calibration,4,Menard 1,0.1735400557727172,0.1194029850746268
D2,6,10,calibration,4,Menard 2,0.013634267803146055,0.1333333333333333
D2,6,10,calibration,4,Sorrel 0,0.17804858362679166,0.08
D2,6,10,calibration,4,Sorrel 1,0.3434127258678179,0.391304347826087
D2,6,10,calibration,4,Sorrel 2,0.22900115132178728,0.2222222222222222
D2,6,10,calibration,4,Other,0.1346655801832048,0.0363636363636363
D2,7,8,calibration,1,Menard 1,0.17231107990324562,0.144927536231884
D2,7,8,calibration,1,Menard 2,0.10500065734114764,0.1020408163265306
D2,7,8,calibration,1,Sorrel 0,0.1048651869140979,0.1470588235294117
D2,7,8,calibration,1,Sorrel 1,0.34753584757921074,0.3181818181818182
D2,7,8,calibration,1,Sorrel 2,0.20690732812987433,0.2368421052631578
D2,7,8,calibration,1,Other,0.02404314576674685,0.0588235294117647
D2,7,9,calibration,2,Menard 1,0.17811054176669713,0.1884057971014492
D2,7,9,calibration,2,Menard 2,0.10988402828229724,0.1346153846153846
D2,7,9,calibration,2,Sorrel 0,0.10797512555454444,0.1320754716981132
D2,7,9,calibration,2,Sorrel 1,0.3480994129345807,0.4193548387096774
D2,7,9,calibration,2,Sorrel 2,0.20863655555093064,0.4210526315789473
D2,7,9,calibration,2,Other,0.0283745064664049,0.0188679245283018
D2,7,10,calibration,3,Menard 1,0.18404437735988588,0.1194029850746268
D2,7,10,calibration,3,Menard 2,0.11465455996275423,0.1333333333333333
D2,7,10,calibration,3,Sorrel 0,0.11103117673176759,0.08
D2,7,10,calibration,3,Sorrel 1,0.3486226885499013,0.391304347826087
D2,7,10,calibration,3,Sorrel 2,0.21032653639191837,0.2222222222222222
D2,7,10,calibration,3,Other,0.032605716122060646,0.0363636363636363
D2,7,11,calibration,4,Menard 1,0.19009245458101826,0.1739130434782608
D2,7,11,calibration,4,Menard 2,0.11931612416536759,0.1333333333333333
D2,7,11,calibration,4,Sorrel 0,0.1140389303519776,0.0980392156862745
D2,7,11,calibration,4,Sorrel 1,0.34909926756026977,0.3555555555555555
D2,7,11,calibration,4,Sorrel 2,0.2119869847824869,0.2352941176470588
D2,7,11,calibration,4,Other,0.03674018555137802,0.1176470588235294
D2,8,9,calibration,1,Menard 1,0.15139089944539957,0.1884057971014492
D2,8,9,calibration,1,Menard 2,0.10586045276612205,0.1346153846153846
D2,8,9,calibration,1,Sorrel 0,0.14988559174611268,0.1320754716981132
D2,8,9,calibration,1,Sorrel 1,0.31951421321999746,0.4193548387096774
D2,8,9,calibration,1,Sorrel 2,0.23805188945056488,0.4210526315789473
D2,8,9,calibration,1,Other,0.06268425438908044,0.0188679245283018
D2,8,10,calibration,2,Menard 1,0.15785038375625693,0.1194029850746268
D2,8,10,calibration,2,Menard 2,0.10966768636907338,0.1333333333333333
D2,8,10,calibration,2,Sorrel 0,0.15263748393016943,0.08
D2,8,10,calibration,2,Sorrel 1,0.32081997019523684,0.391304347826087
D2,8,10,calibration,2,Sorrel 2,0.239338121745174,0.2222222222222222
D2,8,10,calibration,2,Other,0.06649891915321887,0.0363636363636363
D2,8,11,calibration,3,Menard 1,0.16429312166544482,0.1739130434782608
D2,8,11,calibration,3,Menard 2,0.11345769313840673,0.1333333333333333
D2,8,11,calibration,3,Sorrel 0,0.15532052903130084,0.0980392156862745
D2,8,11,calibration,3,Sorrel 1,0.32209341130775954,0.3555555555555555
D2,8,11,calibration,3,Sorrel 2,0.24070105426780852,0.2352941176470588
D2,8,11,calibration,3,Other,0.0702671892353423,0.1176470588235294
D2,8,12,holdout,4,Menard 1,0.1707063956762379,0.25
D2,8,12,holdout,4,Menard 2,0.11722582841449913,0.1111111111111111
D2,8,12,holdout,4,Sorrel 0,0.15794012086879913,0.0612244897959183
D2,8,12,holdout,4,Sorrel 1,0.3233293048394269,0.3055555555555556
D2,8,12,holdout,4,Sorrel 2,0.2421408136376903,0.1578947368421052
D2,8,12,holdout,4,Other,0.07398878096868633,0.0943396226415094
D2,9,10,calibration,1,Menard 1,0.19428758776150648,0.1194029850746268
D2,9,10,calibration,1,Menard 2,0.13850091080828505,0.1333333333333333
D2,9,10,calibration,1,Sorrel 0,0.13462684279381876,0.08
D2,9,10,calibration,1,Sorrel 1,0.4215027797060257,0.391304347826087
D2,9,10,calibration,1,Sorrel 2,0.42011097028999034,0.2222222222222222
D2,9,10,calibration,1,Other,0.022175153222679718,0.0363636363636363
D2,9,11,calibration,2,Menard 1,0.20029592313440564,0.1739130434782608
D2,9,11,calibration,2,Menard 2,0.14240216639723388,0.1333333333333333
D2,9,11,calibration,2,Sorrel 0,0.13707936839047682,0.0980392156862745
D2,9,11,calibration,2,Sorrel 1,0.4234761105871689,0.3555555555555555
D2,9,11,calibration,2,Sorrel 2,0.4191857445744517,0.2352941176470588
D2,9,11,calibration,2,Other,0.025567937776358206,0.1176470588235294
D2,9,12,holdout,3,Menard 1,0.20641879573949698,0.25
D2,9,12,holdout,3,Menard 2,0.14631797916508413,0.1111111111111111
D2,9,12,holdout,3,Sorrel 0,0.13944231129161555,0.0612244897959183
D2,9,12,holdout,3,Sorrel 1,0.425278042423489,0.3055555555555556
D2,9,12,holdout,3,Sorrel 2,0.4182868451160283,0.1578947368421052
D2,9,12,holdout,3,Other,0.029034938082701946,0.0943396226415094
D2,9,13,holdout,4,Menard 1,0.2126436073207274,0.1875
D2,9,13,holdout,4,Menard 2,0.1502465984794539,0.1320754716981132
D2,9,13,holdout,4,Sorrel 0,0.14172430266828445,0.0681818181818181
D2,9,13,holdout,4,Sorrel 1,0.4269116013497595,0.2285714285714285
D2,9,13,holdout,4,Sorrel 2,0.4174232152598265,0.1785714285714285
D2,9,13,holdout,4,Other,0.03256551985876606,0.0
D2,10,11,calibration,1,Menard 1,0.12430672547338364,0.1739130434782608
D2,10,11,calibration,1,Menard 2,0.13757726989847005,0.1333333333333333
D2,10,11,calibration,1,Sorrel 0,0.08255837054619314,0.0980392156862745
D2,10,11,calibration,1,Sorrel 1,0.38985723279512574,0.3555555555555555
D2,10,11,calibration,1,Sorrel 2,0.22357530283889335,0.2352941176470588
D2,10,11,calibration,1,Other,0.04027362856389802,0.1176470588235294
D2,10,12,holdout,2,Menard 1,0.12942756781199694,0.25
D2,10,12,holdout,2,Menard 2,0.1417541589545306,0.1111111111111111
D2,10,12,holdout,2,Sorrel 0,0.08515390421298133,0.0612244897959183
D2,10,12,holdout,2,Sorrel 1,0.38857615585916155,0.3055555555555556
D2,10,12,holdout,2,Sorrel 2,0.22490028105951076,0.1578947368421052
D2,10,12,holdout,2,Other,0.044138318955306906,0.0943396226415094
D2,10,13,holdout,3,Menard 1,0.13474239600723856,0.1875
D2,10,13,holdout,3,Menard 2,0.14586743373554031,0.1320754716981132
D2,10,13,holdout,3,Sorrel 0,0.08778473308586143,0.0681818181818181
D2,10,13,holdout,3,Sorrel 1,0.3874432965965314,0.2285714285714285
D2,10,13,holdout,3,Sorrel 2,0.22620737099159727,0.1785714285714285
D2,10,13,holdout,3,Other,0.04795882569001049,0.0
D2,10,14,holdout,4,Menard 2,0.1499197707117399,0.1632653061224489
D2,10,14,holdout,4,Sorrel 0,0.090448829116809,0.073170731707317
D2,10,14,holdout,4,Sorrel 1,0.3864417207238089,0.2258064516129032
D2,10,14,holdout,4,Sorrel 2,0.2275057377172286,0.1290322580645161
D2,10,14,holdout,4,Other,0.05173599562097919,0.0294117647058823
D2,11,12,holdout,1,Menard 1,0.1802101469436666,0.25
D2,11,12,holdout,1,Menard 2,0.13684494698341812,0.1111111111111111
D2,11,12,holdout,1,Sorrel 0,0.10067637544367267,0.0612244897959183
D2,11,12,holdout,1,Sorrel 1,0.3550874315973416,0.3055555555555556
D2,11,12,holdout,1,Sorrel 2,0.23698823267163327,0.1578947368421052
D2,11,12,holdout,1,Other,0.12073937287522651,0.0943396226415094
D2,11,13,holdout,2,Menard 1,0.1864486243030092,0.1875
D2,11,13,holdout,2,Menard 2,0.14032246484358427,0.1320754716981132
D2,11,13,holdout,2,Sorrel 0,0.10333195169195916,0.0681818181818181
D2,11,13,holdout,2,Sorrel 1,0.35471373531193195,0.2285714285714285
D2,11,13,holdout,2,Sorrel 2,0.23875978014538324,0.1785714285714285
D2,11,13,holdout,2,Other,0.12378798958714446,0.0
D2,11,14,holdout,3,Menard 2,0.14376153120100243,0.1632653061224489
D2,11,14,holdout,3,Sorrel 0,0.1060010360500945,0.073170731707317
D2,11,14,holdout,3,Sorrel 1,0.35441916595511913,0.2258064516129032
D2,11,14,holdout,3,Sorrel 2,0.24060926172191288,0.1290322580645161
D2,11,14,holdout,3,Other,0.12679247257867027,0.0294117647058823
D2,11,15,holdout,4,Menard 2,0.14715794151205217,0.1555555555555555
D2,11,15,holdout,4,Sorrel 0,0.10867905225903399,0.1034482758620689
D2,11,15,holdout,4,Sorrel 2,0.24253693406873472,0.1111111111111111
D2,11,15,holdout,4,Other,0.1297525271779136,0.0909090909090909
D2,12,13,holdout,1,Menard 1,0.25780758300292483,0.1875
D2,12,13,holdout,1,Menard 2,0.11567418196742525,0.1320754716981132
D2,12,13,holdout,1,Sorrel 0,0.06449148449106128,0.0681818181818181
D2,12,13,holdout,1,Sorrel 1,0.304531055859756,0.2285714285714285
D2,12,13,holdout,1,Sorrel 2,0.15902201839627406,0.1785714285714285
D2,12,13,holdout,1,Other,0.09710132607603472,0.0
D2,12,14,holdout,2,Menard 2,0.12007929907588377,0.1632653061224489
D2,12,14,holdout,2,Sorrel 0,0.06778499865234142,0.073170731707317
D2,12,14,holdout,2,Sorrel 1,0.3034971617504655,0.2258064516129032
D2,12,14,holdout,2,Sorrel 2,0.1602420363252716,0.1290322580645161
D2,12,14,holdout,2,Other,0.09973118602114589,0.0294117647058823
D2,12,15,holdout,3,Menard 2,0.12433094628551444,0.1555555555555555
D2,12,15,holdout,3,Sorrel 0,0.07109688941932016,0.1034482758620689
D2,12,15,holdout,3,Sorrel 2,0.16155480645670742,0.1111111111111111
D2,12,15,holdout,3,Other,0.10223399120660455,0.0909090909090909
D2,12,16,holdout,4,Sorrel 0,0.07441966327200736,0.0769230769230769
D2,12,16,holdout,4,Sorrel 2,0.16296004512881188,0.1785714285714285
D2,12,16,holdout,4,Other,0.1046143323043472,0.0666666666666666
D2,13,14,holdout,1,Menard 2,0.13636453219946262,0.1632653061224489
D2,13,14,holdout,1,Sorrel 0,0.07210242766057551,0.073170731707317
D2,13,14,holdout,1,Sorrel 1,0.23138556322572057,0.2258064516129032
D2,13,14,holdout,1,Sorrel 2,0.18068765884639865,0.1290322580645161
D2,13,14,holdout,1,Other,0.004446525262961326,0.0294117647058823
D2,13,15,holdout,2,Menard 2,0.14055811947856295,0.1555555555555555
D2,13,15,holdout,2,Sorrel 0,0.07595536302654185,0.1034482758620689
D2,13,15,holdout,2,Sorrel 2,0.18274224580868428,0.1111111111111111
D2,13,15,holdout,2,Other,0.008807959773558298,0.0909090909090909
D2,13,16,holdout,3,Sorrel 0,0.07974422540070447,0.0769230769230769
D2,13,16,holdout,3,Sorrel 2,0.18474447903826205,0.1785714285714285
D2,13,16,holdout,3,Other,0.013085560832024182,0.0666666666666666
D2,14,15,holdout,1,Menard 2,0.16686650967232636,0.1555555555555555
D2,14,15,holdout,1,Sorrel 0,0.07672453282234451,0.1034482758620689
D2,14,15,holdout,1,Sorrel 2,0.1318963208319281,0.1111111111111111
D2,14,15,holdout,1,Other,0.033513668486716816,0.0909090909090909
D2,14,16,holdout,2,Sorrel 0,0.08025192256032945,0.0769230769230769
D2,14,16,holdout,2,Sorrel 2,0.134697841073351,0.1785714285714285
D2,14,16,holdout,2,Other,0.037528859592951345,0.0666666666666666
D2,15,16,holdout,1,Sorrel 0,0.10651932296827915,0.0769230769230769
D2,15,16,holdout,1,Sorrel 2,0.11414698306974523,0.1785714285714285
D2,15,16,holdout,1,Other,0.09407689040955063,0.0666666666666666
D3,0,1,calibration,1,Menard 1,0.20018819935282328,0.0980392156862745
D3,0,1,calibration,1,Menard 2,0.4324511379302094,0.2203389830508474
D3,0,1,calibration,1,Sorrel 0,0.0042078572822588645,0.2244897959183673
D3,0,1,calibration,1,Sorrel 1,0.49925946175412284,0.3076923076923077
D3,0,1,calibration,1,Sorrel 2,0.0074397948686282245,0.175
D3,0,1,calibration,1,Other,0.004284050952175517,0.0392156862745098
D3,0,2,calibration,2,Menard 1,0.20790487066053764,0.1842105263157894
D3,0,2,calibration,2,Menard 2,0.43583811875767364,0.1785714285714285
D3,0,2,calibration,2,Sorrel 1,0.4986592452250231,0.45
D3,0,2,calibration,2,Sorrel 2,0.014552875636634433,0.25
D3,0,3,calibration,3,Menard 1,0.21570231126241893,0.1269841269841269
D3,0,3,calibration,3,Menard 2,0.4389502744271859,0.125
D3,0,3,calibration,3,Sorrel 0,0.01441287814161002,0.173076923076923
D3,0,3,calibration,3,Sorrel 1,0.49821646272471,0.25
D3,0,3,calibration,3,Sorrel 2,0.021468394891488427,0.1714285714285714
D3,0,3,calibration,3,Other,0.013524961349906085,0.0392156862745098
D3,0,4,calibration,4,Menard 1,0.22358210408984125,0.1692307692307692
D3,0,4,calibration,4,Menard 2,0.44187926417113604,0.2692307692307692
D3,0,4,calibration,4,Sorrel 0,0.020092709087658187,0.2083333333333333
D3,0,4,calibration,4,Sorrel 1,0.4978052419524202,0.3953488372093023
D3,0,4,calibration,4,Sorrel 2,0.028213726621055923,0.15
D3,0,4,calibration,4,Other,0.018225219834644944,0.12
D3,1,2,calibration,1,Menard 1,0.10320600900943584,0.1842105263157894
D3,1,2,calibration,1,Menard 2,0.22293019166062736,0.1785714285714285
D3,1,2,calibration,1,Sorrel 1,0.30896791129034584,0.45
D3,1,2,calibration,1,Sorrel 2,0.17844475392466994,0.25
D3,1,3,calibration,2,Menard 1,0.1084287033696757,0.1269841269841269
D3,1,3,calibration,2,Menard 2,0.22548117872374118,0.125
D3,1,3,calibration,2,Sorrel 0,0.22600106001160092,0.173076923076923
D3,1,3,calibration,2,Sorrel 1,0.310223796848633,0.25
D3,1,3,calibration,2,Sorrel 2,0.18182983629963356,0.1714285714285714
D3,1,3,calibration,2,Other,0.04683072671995386,0.0392156862745098
D3,1,4,calibration,3,Menard 1,0.11370824811314742,0.1692307692307692
D3,1,4,calibration,3,Menard 2,0.2279991066260341,0.2692307692307692
D3,1,4,calibration,3,Sorrel 0,0.22685173812097603,0.2083333333333333
D3,1,4,calibration,3,Sorrel 1,0.3114582037410664,0.3953488372093023
D3,1,4,calibration,3,Sorrel 2,0.18516626768755032,0.15
D3,1,4,calibration,3,Other,0.05065641929417443,0.12
D3,1,5,calibration,4,Menard 1,0.11903653201681502,0.1940298507462686
D3,1,5,calibration,4,Menard 2,0.2304859002205112,0.3220338983050847
D3,1,5,calibration,4,Sorrel 0,0.22775622930335027,0.2909090909090909
D3,1,5,calibration,4,Sorrel 1,0.31266726570521053,0.4
D3,1,5,calibration,4,Sorrel 2,0.188461804386033,0.2045454545454545
D3,1,5,calibration,4,Other,0.054486230525964297,0.1296296296296296
D3,2,3,calibration,1,Menard 1,0.19013011881380232,0.1269841269841269
D3,2,3,calibration,1,Menard 2,0.18210187420268903,0.125
D3,2,3,calibration,1,Sorrel 0,0.22084986725669273,0.173076923076923
D3,2,3,calibration,1,Sorrel 1,0.45048569288905405,0.25
D3,2,3,calibration,1,Sorrel 2,0.2527667327873777,0.1714285714285714
D3,2,3,calibration,1,Other,0.04042943982588189,0.0392156862745098
D3,2,4,calibration,2,Menard 1,0.19612412731590328,0.1692307692307692
D3,2,4,calibration,2,Menard 2,0.18564636828794367,0.2692307692307692
D3,2,4,calibration,2,Sorrel 0,0.2216676486156457,0.2083333333333333
D3,2,4,calibration,2,Sorrel 1,0.4507796106056303,0.3953488372093023
D3,2,4,calibration,2,Sorrel 2,0.2554399179189827,0.15
D3,2,4,calibration,2,Other,0.044430857770563076,0.12
D3,2,5,calibration,3,Menard 1,0.20216500434983492,0.1940298507462686
D3,2,5,calibration,3,Menard 2,0.18917796185441982,0.3220338983050847
D3,2,5,calibration,3,Sorrel 0,0.22248233754368263,0.2909090909090909
D3,2,5,calibration,3,Sorrel 1,0.4509034514676902,0.4
D3,2,5,calibration,3,Sorrel 2,0.25802738256735674,0.2045454545454545
D3,2,5,calibration,3,Other,0.048390310867627934,0.1296296296296296
D3,2,6,calibration,4,Menard 1,0.20823924681247652,0.1384615384615384
D3,2,6,calibration,4,Sorrel 0,0.2233165469962745,0.16
D3,2,6,calibration,4,Sorrel 1,0.4508829132159443,0.3260869565217391
D3,2,6,calibration,4,Sorrel 2,0.26054155065430284,0.2162162162162162
D3,3,4,calibration,1,Menard 1,0.13282328064924784,0.1692307692307692
D3,3,4,calibration,1,Menard 2,0.12866301834511037,0.2692307692307692
D3,3,4,calibration,1,Sorrel 0,0.17510423852265233,0.2083333333333333
D3,3,4,calibration,1,Sorrel 1,0.252202670011198,0.3953488372093023
D3,3,4,calibration,1,Sorrel 2,0.1743887941869648,0.15
D3,3,4,calibration,1,Other,0.04276916426780941,0.12
D3,3,5,calibration,2,Menard 1,0.13869920380869485,0.1940298507462686
D3,3,5,calibration,2,Menard 2,0.13230362627550082,0.3220338983050847
D3,3,5,calibration,2,Sorrel 0,0.17712238254040186,0.2909090909090909
D3,3,5,calibration,2,Sorrel 1,0.2543355008912405,0.4
D3,3,5,calibration,2,Sorrel 2,0.17731924931848062,0.2045454545454545
D3,3,5,calibration,2,Other,0.04630835300581085,0.1296296296296296
D3,3,6,calibration,3,Menard 1,0.1445988139958955,0.1384615384615384
D3,3,6,calibration,3,Sorrel 0,0.17912606385032626,0.16
D3,3,6,calibration,3,Sorrel 1,0.2563872007879098,0.3260869565217391
D3,3,6,calibration,3,Sorrel 2,0.18022116011502215,0.2162162162162162
D3,3,7,calibration,4,Menard 1,0.15051410522943298,0.1666666666666666
D3,3,7,calibration,4,Menard 2,0.13950249599759534,0.1
D3,3,7,calibration,4,Sorrel 0,0.18111707519124273,0.1016949152542373
D3,3,7,calibration,4,Sorrel 1,0.25835937804534814,0.3469387755102041
D3,3,7,calibration,4,Sorrel 2,0.1830998509230243,0.2051282051282051
D3,3,7,calibration,4,Other,0.05335740331644165,0.0196078431372549
D3,4,5,calibration,1,Menard 1,0.17547822273806377,0.1940298507462686
D3,4,5,calibration,1,Menard 2,0.27158217756062736,0.3220338983050847
D3,4,5,calibration,1,Sorrel 0,0.21037415566422915,0.2909090909090909
D3,4,5,calibration,1,Sorrel 1,0.39524287029727323,0.4
D3,4,5,calibration,1,Sorrel 2,0.15359396881008525,0.2045454545454545
D3,4,5,calibration,1,Other,0.12335315373436873,0.1296296296296296
D3,4,6,calibration,2,Menard 1,0.18161754869551808,0.1384615384615384
D3,4,6,calibration,2,Sorrel 0,0.21239851578205426,0.16
D3,4,6,calibration,2,Sorrel 1,0.39509364212732073,0.3260869565217391
D3,4,6,calibration,2,Sorrel 2,0.1572568747777193,0.2162162162162162
D3,4,7,calibration,3,Menard 1,0.18765586672526688,0.1666666666666666
D3,4,7,calibration,3,Menard 2,0.2761362602184557,0.1
D3,4,7,calibration,3,Sorrel 0,0.21442900541537152,0.1016949152542373
D3,4,7,calibration,3,Sorrel 1,0.39492864141145767,0.3469387755102041
D3,4,7,calibration,3,Sorrel 2,0.16098851044287119,0.2051282051282051
D3,4,7,calibration,3,Other,0.12996958764457858,0.0196078431372549
D3,4,8,calibration,4,Menard 1,0.19358875978338877,0.144927536231884
D3,4,8,calibration,4,Menard 2,0.2783253443306277,0.1020408163265306
D3,4,8,calibration,4,Sorrel 0,0.21647329607923393,0.1470588235294117
D3,4,8,calibration,4,Sorrel 1,0.3947550409356245,0.3181818181818182
D3,4,8,calibration,4,Sorrel 2,0.1647879711323181,0.2368421052631578
D3,4,8,calibration,4,Other,0.1332357434403832,0.0588235294117647
D3,5,6,calibration,1,Menard 1,0.19957610494145167,0.1384615384615384
D3,5,6,calibration,1,Sorrel 0,0.29214729152863966,0.16
D3,5,6,calibration,1,Sorrel 1,0.39995778556247585,0.3260869565217391
D3,5,6,calibration,1,Sorrel 2,0.20844257954056777,0.2162162162162162
D3,5,7,calibration,2,Menard 1,0.20501038816016248,0.1666666666666666
D3,5,7,calibration,2,Menard 2,0.3238099294677865,0.1
D3,5,7,calibration,2,Sorrel 0,0.2934129279244917,0.1016949152542373
D3,5,7,calibration,2,Sorrel 1,0.3999066586807165,0.3469387755102041
D3,5,7,calibration,2,Sorrel 2,0.21240173850469077,0.2051282051282051
D3,5,7,calibration,2,Other,0.13773408742841814,0.0196078431372549
D3,5,8,calibration,3,Menard 1,0.2103279696662347,0.144927536231884
D3,5,8,calibration,3,Menard 2,0.3246230099778484,0.1020408163265306
D3,5,8,calibration,3,Sorrel 0,0.29471105988679236,0.1470588235294117
D3,5,8,calibration,3,Sorrel 1,0.39985690875691754,0.3181818181818182
D3,5,8,calibration,3,Sorrel 2,0.21641993929664316,0.2368421052631578
D3,5,8,calibration,3,Other,0.14171625017962966,0.0588235294117647
D3,5,9,calibration,4,Menard 1,0.21552349485345118,0.1884057971014492
D3,5,9,calibration,4,Menard 2,0.3253812496699879,0.1346153846153846
D3,5,9,calibration,4,Sorrel 0,0.29604189969305633,0.1320754716981132
D3,5,9,calibration,4,Sorrel 1,0.3998112867485346,0.4193548387096774
D3,5,9,calibration,4,Sorrel 2,0.22049733910473862,0.4210526315789473
D3,5,9,calibration,4,Other,0.1456524943289865,0.0188679245283018
D3,6,7,calibration,1,Menard 1,0.14518462321205355,0.1666666666666666
D3,6,7,calibration,1,Menard 2,0.004214654033963705,0.1
D3,6,7,calibration,1,Sorrel 0,0.164408598964993,0.1016949152542373
D3,6,7,calibration,1,Sorrel 1,0.3297444661298907,0.3469387755102041
D3,6,7,calibration,1,Sorrel 2,0.2189836933578144,0.2051282051282051
D3,6,7,calibration,1,Other,0.12452711574532069,0.0196078431372549
D3,6,8,calibration,2,Menard 1,0.1517602460914604,0.144927536231884
D3,6,8,calibration,2,Menard 2,0.00839910194543389,0.1020408163265306
D3,6,8,calibration,2,Sorrel 0,0.16857645948917777,0.1470588235294117
D3,6,8,calibration,2,Sorrel 1,0.3331861999995882,0.3181818181818182
D3,6,8,calibration,2,Sorrel 2,0.22174413018263692,0.2368421052631578
D3,6,8,calibration,2,Other,0.1278074587529445,0.0588235294117647
D3,6,9,calibration,3,Menard 1,0.1582426076517714,0.1884057971014492
D3,6,9,calibration,3,Menard 2,0.012561485420865007,0.1346153846153846
D3,6,9,calibration,3,Sorrel 0,0.1725594256743376,0.1320754716981132
D3,6,9,calibration,3,Sorrel 1,0.3364884192080869,0.4193548387096774
D3,6,9,calibration,3,Sorrel 2,0.2245271474167717,0.4210526315789473
D3,6,9,calibration,3,Other,0.13104162641640144,0.0188679245283018
D3,6,10,calibration,4,Menard 1,0.1646296360887064,0.1194029850746268
D3,6,10,calibration,4,Menard 2,0.016697508559271004,0.1333333333333333
D3,6,10,calibration,4,Sorrel 0,0.17637025565778536,0.08
D3,6,10,calibration,4,Sorrel 1,0.3396595311949474,0.391304347826087
D3,6,10,calibration,4,Sorrel 2,0.22733453336616688,0.2222222222222222
D3,6,10,calibration,4,Other,0.13423088293501612,0.0363636363636363
D3,7,8,calibration,1,Menard 1,0.17292751663203382,0.144927536231884
D3,7,8,calibration,1,Menard 2,0.10438632971344311,0.1020408163265306
D3,7,8,calibration,1,Sorrel 0,0.10470499012376147,0.1470588235294117
D3,7,8,calibration,1,Sorrel 1,0.34854895488000553,0.3181818181818182
D3,7,8,calibration,1,Sorrel 2,0.20732547866238793,0.2368421052631578
D3,7,8,calibration,1,Other,0.023372265485300095,0.0588235294117647
D3,7,9,calibration,2,Menard 1,0.1792600506270045,0.1884057971014492
D3,7,9,calibration,2,Menard 2,0.10876365764580992,0.1346153846153846
D3,7,9,calibration,2,Sorrel 0,0.10768829822901269,0.1320754716981132
D3,7,9,calibration,2,Sorrel 1,0.3499969160619502,0.4193548387096774
D3,7,9,calibration,2,Sorrel 2,0.2094542441281186,0.4210526315789473
D3,7,9,calibration,2,Other,0.027096680882004745,0.0188679245283018
D3,7,10,calibration,3,Menard 1,0.18564586108029496,0.1194029850746268
D3,7,10,calibration,3,Menard 2,0.11312299918111805,0.1333333333333333
D3,7,10,calibration,3,Sorrel 0,0.1106502996606676,0.08
D3,7,10,calibration,3,Sorrel 1,0.35128894842113234,0.391304347826087
D3,7,10,calibration,3,Sorrel 2,0.2115243362546058,0.2222222222222222
D3,7,10,calibration,3,Other,0.030785432358541122,0.0363636363636363
D3,7,11,calibration,4,Menard 1,0.19207387157835698,0.1739130434782608
D3,7,11,calibration,4,Menard 2,0.11745906296443026,0.1333333333333333
D3,7,11,calibration,4,Sorrel 0,0.1135969167521709,0.0980392156862745
D3,7,11,calibration,4,Sorrel 1,0.3524346954672144,0.3555555555555555
D3,7,11,calibration,4,Sorrel 2,0.21354623725718747,0.2352941176470588
D3,7,11,calibration,4,Other,0.0344396189563461,0.1176470588235294
D3,8,9,calibration,1,Menard 1,0.15117070272622127,0.1884057971014492
D3,8,9,calibration,1,Menard 2,0.10592937680911113,0.1346153846153846
D3,8,9,calibration,1,Sorrel 0,0.14988105831976747,0.1320754716981132
D3,8,9,calibration,1,Sorrel 1,0.32010296822341255,0.4193548387096774
D3,8,9,calibration,1,Sorrel 2,0.238508493116649,0.4210526315789473
D3,8,9,calibration,1,Other,0.06245585015875589,0.0188679245283018
D3,8,10,calibration,2,Menard 1,0.15741277221445762,0.1194029850746268
D3,8,10,calibration,2,Menard 2,0.10981729559788231,0.1333333333333333
D3,8,10,calibration,2,Sorrel 0,0.15261914406689536,0.08
D3,8,10,calibration,2,Sorrel 1,0.32190020138000985,0.391304347826087
D3,8,10,calibration,2,Sorrel 2,0.24019031575248143,0.2222222222222222
D3,8,10,calibration,2,Other,0.06604261768620487,0.0363636363636363
D3,8,11,calibration,3,Menard 1,0.163647996320397,0.1739130434782608
D3,8,11,calibration,3,Menard 2,0.11369227498010938,0.1333333333333333
D3,8,11,calibration,3,Sorrel 0,0.15529403878476683,0.0980392156862745
D3,8,11,calibration,3,Sorrel 1,0.3235916547846751,0.3555555555555555
D3,8,11,calibration,3,Sorrel 2,0.24189155055406852,0.2352941176470588
D3,8,11,calibration,3,Other,0.06959202442999492,0.1176470588235294
D3,8,12,holdout,4,Menard 1,0.16986875430505544,0.25
D3,8,12,holdout,4,Menard 2,0.11754614260367029,0.1111111111111111
D3,8,12,holdout,4,Sorrel 0,0.1579184006989288,0.0612244897959183
D3,8,12,holdout,4,Sorrel 1,0.32518823736057717,0.3055555555555556
D3,8,12,holdout,4,Sorrel 2,0.2436158665384907,0.1578947368421052
D3,8,12,holdout,4,Other,0.07310780726807328,0.0943396226415094
D3,9,10,calibration,1,Menard 1,0.19377992989526177,0.1194029850746268
D3,9,10,calibration,1,Menard 2,0.13927939804811362,0.1333333333333333
D3,9,10,calibration,1,Sorrel 0,0.13342165184378152,0.08
D3,9,10,calibration,1,Sorrel 1,0.42168237230094435,0.391304347826087
D3,9,10,calibration,1,Sorrel 2,0.42189493799752364,0.2222222222222222
D3,9,10,calibration,1,Other,0.02305926993232208,0.0363636363636363
D3,9,11,calibration,2,Menard 1,0.1992495393467421,0.1739130434782608
D3,9,11,calibration,2,Menard 2,0.14391604954489792,0.1333333333333333
D3,9,11,calibration,2,Sorrel 0,0.13478455089678643,0.0980392156862745
D3,9,11,calibration,2,Sorrel 1,0.4237927516257818,0.3555555555555555
D3,9,11,calibration,2,Sorrel 2,0.42261683518720516,0.2352941176470588
D3,9,11,calibration,2,Other,0.027249740926291136,0.1176470588235294
D3,9,12,holdout,3,Menard 1,0.2048336878827619,0.25
D3,9,12,holdout,3,Menard 2,0.14852859502405905,0.1111111111111111
D3,9,12,holdout,3,Sorrel 0,0.13618168787984938,0.0612244897959183
D3,9,12,holdout,3,Sorrel 1,0.4257286940319806,0.3055555555555556
D3,9,12,holdout,3,Sorrel 2,0.4232335817129317,0.1578947368421052
D3,9,12,holdout,3,Other,0.03142371833242189,0.0943396226415094
D3,9,13,holdout,4,Menard 1,0.21051966669048933,0.1875
D3,9,13,holdout,4,Menard 2,0.15311574597748445,0.1320754716981132
D3,9,13,holdout,4,Sorrel 0,0.13761245305637448,0.0681818181818181
D3,9,13,holdout,4,Sorrel 1,0.4274976003133397,0.2285714285714285
D3,9,13,holdout,4,Sorrel 2,0.42376147833775424,0.1785714285714285
D3,9,13,holdout,4,Other,0.03557813488304763,0.0
D3,10,11,calibration,1,Menard 1,0.12545699341521815,0.1739130434782608
D3,10,11,calibration,1,Menard 2,0.13751619790293804,0.1333333333333333
D3,10,11,calibration,1,Sorrel 0,0.08271423842046056,0.0980392156862745
D3,10,11,calibration,1,Sorrel 1,0.3919204209785683,0.3555555555555555
D3,10,11,calibration,1,Sorrel 2,0.22352819790053383,0.2352941176470588
D3,10,11,calibration,1,Other,0.040198977203142854,0.1176470588235294
D3,10,12,holdout,2,Menard 1,0.1315866680634721,0.25
D3,10,12,holdout,2,Menard 2,0.14165314001519896,0.1111111111111111
D3,10,12,holdout,2,Sorrel 0,0.08551632037122045,0.0612244897959183
D3,10,12,holdout,2,Sorrel 1,0.3925244492798113,0.3055555555555556
D3,10,12,holdout,2,Sorrel 2,0.2248292658372264,0.1578947368421052
D3,10,12,holdout,2,Other,0.044017522643163665,0.0943396226415094
D3,10,13,holdout,3,Menard 1,0.13776625128479916,0.1875
D3,10,13,holdout,3,Menard 2,0.14575034276116444,0.1320754716981132
D3,10,13,holdout,3,Sorrel 0,0.08836915083487898,0.0681818181818181
D3,10,13,holdout,3,Sorrel 1,0.3930797316258086,0.2285714285714285
D3,10,13,holdout,3,Sorrel 2,0.22612745021499203,0.1785714285714285
D3,10,13,holdout,3,Other,0.04781239185966585,0.0
D3,10,14,holdout,4,Menard 2,0.14981253795953464,0.1632653061224489
D3,10,14,holdout,4,Sorrel 0,0.09125722545928794,0.073170731707317
D3,10,14,holdout,4,Sorrel 1,0.39357593206461305,0.2258064516129032
D3,10,14,holdout,4,Sorrel 2,0.22742994309827225,0.1290322580645161
D3,10,14,holdout,4,Other,0.051577548672847064,0.0294117647058823
D3,11,12,holdout,1,Menard 1,0.17995589567981957,0.25
D3,11,12,holdout,1,Menard 2,0.1371554168347011,0.1111111111111111
D3,11,12,holdout,1,Sorrel 0,0.10132229934582752,0.0612244897959183
D3,11,12,holdout,1,Sorrel 1,0.3563441232964837,0.3055555555555556
D3,11,12,holdout,1,Sorrel 2,0.2366939502391686,0.1578947368421052
D3,11,12,holdout,1,Other,0.12091976514928728,0.0943396226415094
D3,11,13,holdout,2,Menard 1,0.18591931360481154,0.1875
D3,11,13,holdout,2,Menard 2,0.1409189059153333,0.1320754716981132
D3,11,13,holdout,2,Sorrel 0,0.10461369625140876,0.0681818181818181
D3,11,13,holdout,2,Sorrel 1,0.35712554358172355,0.2285714285714285
D3,11,13,holdout,2,Sorrel 2,0.23819152825877182,0.1785714285714285
D3,11,13,holdout,2,Other,0.1241457235556088,0.0
D3,11,14,holdout,3,Menard 2,0.14462668382998775,0.1632653061224489
D3,11,14,holdout,3,Sorrel 0,0.10789495580812068,0.073170731707317
D3,11,14,holdout,3,Sorrel 1,0.35787831484241683,0.2258064516129032
D3,11,14,holdout,3,Sorrel 2,0.2397815193986713,0.1290322580645161
D3,11,14,holdout,3,Other,0.1273266394553591,0.0294117647058823
D3,11,15,holdout,4,Menard 2,0.1482799292967567,0.1555555555555555
D3,11,15,holdout,4,Sorrel 0,0.11115884878665601,0.1034482758620689
D3,11,15,holdout,4,Sorrel 2,0.24146261361609972,0.1111111111111111
D3,11,15,holdout,4,Other,0.1304611009085621,0.0909090909090909
D3,12,13,holdout,1,Menard 1,0.2569866601364609,0.1875
D3,12,13,holdout,1,Menard 2,0.11567409837508466,0.1320754716981132
D3,12,13,holdout,1,Sorrel 0,0.065055229630338,0.0681818181818181
D3,12,13,holdout,1,Sorrel 1,0.3057842771944447,0.2285714285714285
D3,12,13,holdout,1,Sorrel 2,0.1599289571742208,0.1785714285714285
D3,12,13,holdout,1,Other,0.09760935904319276,0.0
D3,12,14,holdout,2,Menard 2,0.12013690271000081,0.1632653061224489
D3,12,14,holdout,2,Sorrel 0,0.06895005939009916,0.073170731707317
D3,12,14,holdout,2,Sorrel 1,0.3059813269107316,0.2258064516129032
D3,12,14,holdout,2,Sorrel 2,0.16203808182467666,0.1290322580645161
D3,12,14,holdout,2,Other,0.10083689797631422,0.0294117647058823
D3,12,15,holdout,3,Menard 2,0.12451692245275461,0.1555555555555555
D3,12,15,holdout,3,Sorrel 0,0.0728753626297528,0.1034482758620689
D3,12,15,holdout,3,Sorrel 2,0.1642257705838483,0.1111111111111111
D3,12,15,holdout,3,Other,0.10400750733250516,0.0909090909090909
D3,12,16,holdout,4,Sorrel 0,0.07681049883656292,0.0769230769230769
D3,12,16,holdout,4,Sorrel 2,0.16649277773554463,0.1785714285714285
D3,12,16,holdout,4,Other,0.10711462149438719,0.0666666666666666
D3,13,14,holdout,1,Menard 2,0.13611577684530507,0.1632653061224489
D3,13,14,holdout,1,Sorrel 0,0.07138580934491695,0.073170731707317
D3,13,14,holdout,1,Sorrel 1,0.2308016997480566,0.2258064516129032
D3,13,14,holdout,1,Sorrel 2,0.18152797175298932,0.1290322580645161
D3,13,14,holdout,1,Other,0.003834059731534424,0.0294117647058823
D3,13,15,holdout,2,Menard 2,0.1401435886484853,0.1555555555555555
D3,13,15,holdout,2,Sorrel 0,0.07458942900799548,0.1034482758620689
D3,13,15,holdout,2,Sorrel 2,0.1843740670212577,0.1111111111111111
D3,13,15,holdout,2,Other,0.007627600123128582,0.0909090909090909
D3,13,16,holdout,3,Sorrel 0,0.07780395943809293,0.0769230769230769
D3,13,16,holdout,3,Sorrel 2,0.18712520754531076,0.1785714285714285
D3,13,16,holdout,3,Other,0.011381436078095185,0.0666666666666666
D3,14,15,holdout,1,Menard 2,0.16730662493255508,0.1555555555555555
D3,14,15,holdout,1,Sorrel 0,0.07626920419146335,0.1034482758620689
D3,14,15,holdout,1,Sorrel 2,0.1319620931485195,0.1111111111111111
D3,14,15,holdout,1,Other,0.03310648273567994,0.0909090909090909
D3,14,16,holdout,2,Sorrel 0,0.07940149464763024,0.0769230769230769
D3,14,16,holdout,2,Sorrel 2,0.13486415332897408,0.1785714285714285
D3,14,16,holdout,2,Other,0.036763606266941154,0.0666666666666666
D3,15,16,holdout,1,Sorrel 0,0.10656775227080204,0.0769230769230769
D3,15,16,holdout,1,Sorrel 2,0.11433050090096217,0.1785714285714285
D3,15,16,holdout,1,Other,0.09417782912488529,0.0666666666666666
persistence,0,1,calibration,1,Menard 1,0.1923076923076923,0.0980392156862745
persistence,0,1,calibration,1,Menard 2,0.4285714285714285,0.2203389830508474
persistence,0,1,calibration,1,Sorrel 0,0.0,0.2244897959183673
persistence,0,1,calibration,1,Sorrel 1,0.5,0.3076923076923077
persistence,0,1,calibration,1,Sorrel 2,0.0,0.175
persistence,0,1,calibration,1,Other,0.0,0.0392156862745098
persistence,0,2,calibration,2,Menard 1,0.1923076923076923,0.1842105263157894
persistence,0,2,calibration,2,Menard 2,0.4285714285714285,0.1785714285714285
persistence,0,2,calibration,2,Sorrel 1,0.5,0.45
persistence,0,2,calibration,2,Sorrel 2,0.0,0.25
persistence,0,3,calibration,3,Menard 1,0.1923076923076923,0.1269841269841269
persistence,0,3,calibration,3,Menard 2,0.4285714285714285,0.125
persistence,0,3,calibration,3,Sorrel 0,0.0,0.173076923076923
persistence,0,3,calibration,3,Sorrel 1,0.5,0.25
persistence,0,3,calibration,3,Sorrel 2,0.0,0.1714285714285714
persistence,0,3,calibration,3,Other,0.0,0.0392156862745098
persistence,0,4,calibration,4,Menard 1,0.1923076923076923,0.1692307692307692
persistence,0,4,calibration,4,Menard 2,0.4285714285714285,0.2692307692307692
persistence,0,4,calibration,4,Sorrel 0,0.0,0.2083333333333333
persistence,0,4,calibration,4,Sorrel 1,0.5,0.3953488372093023
persistence,0,4,calibration,4,Sorrel 2,0.0,0.15
persistence,0,4,calibration,4,Other,0.0,0.12
persistence,1,2,calibration,1,Menard 1,0.0980392156862745,0.1842105263157894
persistence,1,2,calibration,1,Menard 2,0.2203389830508474,0.1785714285714285
persistence,1,2,calibration,1,Sorrel 1,0.3076923076923077,0.45
persistence,1,2,calibration,1,Sorrel 2,0.175,0.25
persistence,1,3,calibration,2,Menard 1,0.0980392156862745,0.1269841269841269
persistence,1,3,calibration,2,Menard 2,0.2203389830508474,0.125
persistence,1,3,calibration,2,Sorrel 0,0.2244897959183673,0.173076923076923
persistence,1,3,calibration,2,Sorrel 1,0.3076923076923077,0.25
persistence,1,3,calibration,2,Sorrel 2,0.175,0.1714285714285714
persistence,1,3,calibration,2,Other,0.0392156862745098,0.0392156862745098
persistence,1,4,calibration,3,Menard 1,0.0980392156862745,0.1692307692307692
persistence,1,4,calibration,3,Menard 2,0.2203389830508474,0.2692307692307692
persistence,1,4,calibration,3,Sorrel 0,0.2244897959183673,0.2083333333333333
persistence,1,4,calibration,3,Sorrel 1,0.3076923076923077,0.3953488372093023
persistence,1,4,calibration,3,Sorrel 2,0.175,0.15
persistence,1,4,calibration,3,Other,0.0392156862745098,0.12
persistence,1,5,calibration,4,Menard 1,0.0980392156862745,0.1940298507462686
persistence,1,5,calibration,4,Menard 2,0.2203389830508474,0.3220338983050847
persistence,1,5,calibration,4,Sorrel 0,0.2244897959183673,0.2909090909090909
persistence,1,5,calibration,4,Sorrel 1,0.3076923076923077,0.4
persistence,1,5,calibration,4,Sorrel 2,0.175,0.2045454545454545
persistence,1,5,calibration,4,Other,0.0392156862745098,0.1296296296296296
persistence,2,3,calibration,1,Menard 1,0.1842105263157894,0.1269841269841269
persistence,2,3,calibration,1,Menard 2,0.1785714285714285,0.125
persistence,2,3,calibration,1,Sorrel 0,0.22,0.173076923076923
persistence,2,3,calibration,1,Sorrel 1,0.45,0.25
persistence,2,3,calibration,1,Sorrel 2,0.25,0.1714285714285714
persistence,2,3,calibration,1,Other,0.0363636363636363,0.0392156862745098
persistence,2,4,calibration,2,Menard 1,0.1842105263157894,0.1692307692307692
persistence,2,4,calibration,2,Menard 2,0.1785714285714285,0.2692307692307692
persistence,2,4,calibration,2,Sorrel 0,0.22,0.2083333333333333
persistence,2,4,calibration,2,Sorrel 1,0.45,0.3953488372093023
persistence,2,4,calibration,2,Sorrel 2,0.25,0.15
persistence,2,4,calibration,2,Other,0.0363636363636363,0.12
persistence,2,5,calibration,3,Menard 1,0.1842105263157894,0.1940298507462686
persistence,2,5,calibration,3,Menard 2,0.1785714285714285,0.3220338983050847
persistence,2,5,calibration,3,Sorrel 0,0.22,0.2909090909090909
persistence,2,5,calibration,3,Sorrel 1,0.45,0.4
persistence,2,5,calibration,3,Sorrel 2,0.25,0.2045454545454545
persistence,2,5,calibration,3,Other,0.0363636363636363,0.1296296296296296
persistence,2,6,calibration,4,Menard 1,0.1842105263157894,0.1384615384615384
persistence,2,6,calibration,4,Sorrel 0,0.22,0.16
persistence,2,6,calibration,4,Sorrel 1,0.45,0.3260869565217391
persistence,2,6,calibration,4,Sorrel 2,0.25,0.2162162162162162
persistence,3,4,calibration,1,Menard 1,0.1269841269841269,0.1692307692307692
persistence,3,4,calibration,1,Menard 2,0.125,0.2692307692307692
persistence,3,4,calibration,1,Sorrel 0,0.173076923076923,0.2083333333333333
persistence,3,4,calibration,1,Sorrel 1,0.25,0.3953488372093023
persistence,3,4,calibration,1,Sorrel 2,0.1714285714285714,0.15
persistence,3,4,calibration,1,Other,0.0392156862745098,0.12
persistence,3,5,calibration,2,Menard 1,0.1269841269841269,0.1940298507462686
persistence,3,5,calibration,2,Menard 2,0.125,0.3220338983050847
persistence,3,5,calibration,2,Sorrel 0,0.173076923076923,0.2909090909090909
persistence,3,5,calibration,2,Sorrel 1,0.25,0.4
persistence,3,5,calibration,2,Sorrel 2,0.1714285714285714,0.2045454545454545
persistence,3,5,calibration,2,Other,0.0392156862745098,0.1296296296296296
persistence,3,6,calibration,3,Menard 1,0.1269841269841269,0.1384615384615384
persistence,3,6,calibration,3,Sorrel 0,0.173076923076923,0.16
persistence,3,6,calibration,3,Sorrel 1,0.25,0.3260869565217391
persistence,3,6,calibration,3,Sorrel 2,0.1714285714285714,0.2162162162162162
persistence,3,7,calibration,4,Menard 1,0.1269841269841269,0.1666666666666666
persistence,3,7,calibration,4,Menard 2,0.125,0.1
persistence,3,7,calibration,4,Sorrel 0,0.173076923076923,0.1016949152542373
persistence,3,7,calibration,4,Sorrel 1,0.25,0.3469387755102041
persistence,3,7,calibration,4,Sorrel 2,0.1714285714285714,0.2051282051282051
persistence,3,7,calibration,4,Other,0.0392156862745098,0.0196078431372549
persistence,4,5,calibration,1,Menard 1,0.1692307692307692,0.1940298507462686
persistence,4,5,calibration,1,Menard 2,0.2692307692307692,0.3220338983050847
persistence,4,5,calibration,1,Sorrel 0,0.2083333333333333,0.2909090909090909
persistence,4,5,calibration,1,Sorrel 1,0.3953488372093023,0.4
persistence,4,5,calibration,1,Sorrel 2,0.15,0.2045454545454545
persistence,4,5,calibration,1,Other,0.12,0.1296296296296296
persistence,4,6,calibration,2,Menard 1,0.1692307692307692,0.1384615384615384
persistence,4,6,calibration,2,Sorrel 0,0.2083333333333333,0.16
persistence,4,6,calibration,2,Sorrel 1,0.3953488372093023,0.3260869565217391
persistence,4,6,calibration,2,Sorrel 2,0.15,0.2162162162162162
persistence,4,7,calibration,3,Menard 1,0.1692307692307692,0.1666666666666666
persistence,4,7,calibration,3,Menard 2,0.2692307692307692,0.1
persistence,4,7,calibration,3,Sorrel 0,0.2083333333333333,0.1016949152542373
persistence,4,7,calibration,3,Sorrel 1,0.3953488372093023,0.3469387755102041
persistence,4,7,calibration,3,Sorrel 2,0.15,0.2051282051282051
persistence,4,7,calibration,3,Other,0.12,0.0196078431372549
persistence,4,8,calibration,4,Menard 1,0.1692307692307692,0.144927536231884
persistence,4,8,calibration,4,Menard 2,0.2692307692307692,0.1020408163265306
persistence,4,8,calibration,4,Sorrel 0,0.2083333333333333,0.1470588235294117
persistence,4,8,calibration,4,Sorrel 1,0.3953488372093023,0.3181818181818182
persistence,4,8,calibration,4,Sorrel 2,0.15,0.2368421052631578
persistence,4,8,calibration,4,Other,0.12,0.0588235294117647
persistence,5,6,calibration,1,Menard 1,0.1940298507462686,0.1384615384615384
persistence,5,6,calibration,1,Sorrel 0,0.2909090909090909,0.16
persistence,5,6,calibration,1,Sorrel 1,0.4,0.3260869565217391
persistence,5,6,calibration,1,Sorrel 2,0.2045454545454545,0.2162162162162162
persistence,5,7,calibration,2,Menard 1,0.1940298507462686,0.1666666666666666
persistence,5,7,calibration,2,Menard 2,0.3220338983050847,0.1
persistence,5,7,calibration,2,Sorrel 0,0.2909090909090909,0.1016949152542373
persistence,5,7,calibration,2,Sorrel 1,0.4,0.3469387755102041
persistence,5,7,calibration,2,Sorrel 2,0.2045454545454545,0.2051282051282051
persistence,5,7,calibration,2,Other,0.1296296296296296,0.0196078431372549
persistence,5,8,calibration,3,Menard 1,0.1940298507462686,0.144927536231884
persistence,5,8,calibration,3,Menard 2,0.3220338983050847,0.1020408163265306
persistence,5,8,calibration,3,Sorrel 0,0.2909090909090909,0.1470588235294117
persistence,5,8,calibration,3,Sorrel 1,0.4,0.3181818181818182
persistence,5,8,calibration,3,Sorrel 2,0.2045454545454545,0.2368421052631578
persistence,5,8,calibration,3,Other,0.1296296296296296,0.0588235294117647
persistence,5,9,calibration,4,Menard 1,0.1940298507462686,0.1884057971014492
persistence,5,9,calibration,4,Menard 2,0.3220338983050847,0.1346153846153846
persistence,5,9,calibration,4,Sorrel 0,0.2909090909090909,0.1320754716981132
persistence,5,9,calibration,4,Sorrel 1,0.4,0.4193548387096774
persistence,5,9,calibration,4,Sorrel 2,0.2045454545454545,0.4210526315789473
persistence,5,9,calibration,4,Other,0.1296296296296296,0.0188679245283018
persistence,6,7,calibration,1,Menard 1,0.1384615384615384,0.1666666666666666
persistence,6,7,calibration,1,Menard 2,0.0,0.1
persistence,6,7,calibration,1,Sorrel 0,0.16,0.1016949152542373
persistence,6,7,calibration,1,Sorrel 1,0.3260869565217391,0.3469387755102041
persistence,6,7,calibration,1,Sorrel 2,0.2162162162162162,0.2051282051282051
persistence,6,7,calibration,1,Other,0.1212121212121212,0.0196078431372549
persistence,6,8,calibration,2,Menard 1,0.1384615384615384,0.144927536231884
persistence,6,8,calibration,2,Menard 2,0.0,0.1020408163265306
persistence,6,8,calibration,2,Sorrel 0,0.16,0.1470588235294117
persistence,6,8,calibration,2,Sorrel 1,0.3260869565217391,0.3181818181818182
persistence,6,8,calibration,2,Sorrel 2,0.2162162162162162,0.2368421052631578
persistence,6,8,calibration,2,Other,0.1212121212121212,0.0588235294117647
persistence,6,9,calibration,3,Menard 1,0.1384615384615384,0.1884057971014492
persistence,6,9,calibration,3,Menard 2,0.0,0.1346153846153846
persistence,6,9,calibration,3,Sorrel 0,0.16,0.1320754716981132
persistence,6,9,calibration,3,Sorrel 1,0.3260869565217391,0.4193548387096774
persistence,6,9,calibration,3,Sorrel 2,0.2162162162162162,0.4210526315789473
persistence,6,9,calibration,3,Other,0.1212121212121212,0.0188679245283018
persistence,6,10,calibration,4,Menard 1,0.1384615384615384,0.1194029850746268
persistence,6,10,calibration,4,Menard 2,0.0,0.1333333333333333
persistence,6,10,calibration,4,Sorrel 0,0.16,0.08
persistence,6,10,calibration,4,Sorrel 1,0.3260869565217391,0.391304347826087
persistence,6,10,calibration,4,Sorrel 2,0.2162162162162162,0.2222222222222222
persistence,6,10,calibration,4,Other,0.1212121212121212,0.0363636363636363
persistence,7,8,calibration,1,Menard 1,0.1666666666666666,0.144927536231884
persistence,7,8,calibration,1,Menard 2,0.1,0.1020408163265306
persistence,7,8,calibration,1,Sorrel 0,0.1016949152542373,0.1470588235294117
persistence,7,8,calibration,1,Sorrel 1,0.3469387755102041,0.3181818181818182
persistence,7,8,calibration,1,Sorrel 2,0.2051282051282051,0.2368421052631578
persistence,7,8,calibration,1,Other,0.0196078431372549,0.0588235294117647
persistence,7,9,calibration,2,Menard 1,0.1666666666666666,0.1884057971014492
persistence,7,9,calibration,2,Menard 2,0.1,0.1346153846153846
persistence,7,9,calibration,2,Sorrel 0,0.1016949152542373,0.1320754716981132
persistence,7,9,calibration,2,Sorrel 1,0.3469387755102041,0.4193548387096774
persistence,7,9,calibration,2,Sorrel 2,0.2051282051282051,0.4210526315789473
persistence,7,9,calibration,2,Other,0.0196078431372549,0.0188679245283018
persistence,7,10,calibration,3,Menard 1,0.1666666666666666,0.1194029850746268
persistence,7,10,calibration,3,Menard 2,0.1,0.1333333333333333
persistence,7,10,calibration,3,Sorrel 0,0.1016949152542373,0.08
persistence,7,10,calibration,3,Sorrel 1,0.3469387755102041,0.391304347826087
persistence,7,10,calibration,3,Sorrel 2,0.2051282051282051,0.2222222222222222
persistence,7,10,calibration,3,Other,0.0196078431372549,0.0363636363636363
persistence,7,11,calibration,4,Menard 1,0.1666666666666666,0.1739130434782608
persistence,7,11,calibration,4,Menard 2,0.1,0.1333333333333333
persistence,7,11,calibration,4,Sorrel 0,0.1016949152542373,0.0980392156862745
persistence,7,11,calibration,4,Sorrel 1,0.3469387755102041,0.3555555555555555
persistence,7,11,calibration,4,Sorrel 2,0.2051282051282051,0.2352941176470588
persistence,7,11,calibration,4,Other,0.0196078431372549,0.1176470588235294
persistence,8,9,calibration,1,Menard 1,0.144927536231884,0.1884057971014492
persistence,8,9,calibration,1,Menard 2,0.1020408163265306,0.1346153846153846
persistence,8,9,calibration,1,Sorrel 0,0.1470588235294117,0.1320754716981132
persistence,8,9,calibration,1,Sorrel 1,0.3181818181818182,0.4193548387096774
persistence,8,9,calibration,1,Sorrel 2,0.2368421052631578,0.4210526315789473
persistence,8,9,calibration,1,Other,0.0588235294117647,0.0188679245283018
persistence,8,10,calibration,2,Menard 1,0.144927536231884,0.1194029850746268
persistence,8,10,calibration,2,Menard 2,0.1020408163265306,0.1333333333333333
persistence,8,10,calibration,2,Sorrel 0,0.1470588235294117,0.08
persistence,8,10,calibration,2,Sorrel 1,0.3181818181818182,0.391304347826087
persistence,8,10,calibration,2,Sorrel 2,0.2368421052631578,0.2222222222222222
persistence,8,10,calibration,2,Other,0.0588235294117647,0.0363636363636363
persistence,8,11,calibration,3,Menard 1,0.144927536231884,0.1739130434782608
persistence,8,11,calibration,3,Menard 2,0.1020408163265306,0.1333333333333333
persistence,8,11,calibration,3,Sorrel 0,0.1470588235294117,0.0980392156862745
persistence,8,11,calibration,3,Sorrel 1,0.3181818181818182,0.3555555555555555
persistence,8,11,calibration,3,Sorrel 2,0.2368421052631578,0.2352941176470588
persistence,8,11,calibration,3,Other,0.0588235294117647,0.1176470588235294
persistence,8,12,holdout,4,Menard 1,0.144927536231884,0.25
persistence,8,12,holdout,4,Menard 2,0.1020408163265306,0.1111111111111111
persistence,8,12,holdout,4,Sorrel 0,0.1470588235294117,0.0612244897959183
persistence,8,12,holdout,4,Sorrel 1,0.3181818181818182,0.3055555555555556
persistence,8,12,holdout,4,Sorrel 2,0.2368421052631578,0.1578947368421052
persistence,8,12,holdout,4,Other,0.0588235294117647,0.0943396226415094
persistence,9,10,calibration,1,Menard 1,0.1884057971014492,0.1194029850746268
persistence,9,10,calibration,1,Menard 2,0.1346153846153846,0.1333333333333333
persistence,9,10,calibration,1,Sorrel 0,0.1320754716981132,0.08
persistence,9,10,calibration,1,Sorrel 1,0.4193548387096774,0.391304347826087
persistence,9,10,calibration,1,Sorrel 2,0.4210526315789473,0.2222222222222222
persistence,9,10,calibration,1,Other,0.0188679245283018,0.0363636363636363
persistence,9,11,calibration,2,Menard 1,0.1884057971014492,0.1739130434782608
persistence,9,11,calibration,2,Menard 2,0.1346153846153846,0.1333333333333333
persistence,9,11,calibration,2,Sorrel 0,0.1320754716981132,0.0980392156862745
persistence,9,11,calibration,2,Sorrel 1,0.4193548387096774,0.3555555555555555
persistence,9,11,calibration,2,Sorrel 2,0.4210526315789473,0.2352941176470588
persistence,9,11,calibration,2,Other,0.0188679245283018,0.1176470588235294
persistence,9,12,holdout,3,Menard 1,0.1884057971014492,0.25
persistence,9,12,holdout,3,Menard 2,0.1346153846153846,0.1111111111111111
persistence,9,12,holdout,3,Sorrel 0,0.1320754716981132,0.0612244897959183
persistence,9,12,holdout,3,Sorrel 1,0.4193548387096774,0.3055555555555556
persistence,9,12,holdout,3,Sorrel 2,0.4210526315789473,0.1578947368421052
persistence,9,12,holdout,3,Other,0.0188679245283018,0.0943396226415094
persistence,9,13,holdout,4,Menard 1,0.1884057971014492,0.1875
persistence,9,13,holdout,4,Menard 2,0.1346153846153846,0.1320754716981132
persistence,9,13,holdout,4,Sorrel 0,0.1320754716981132,0.0681818181818181
persistence,9,13,holdout,4,Sorrel 1,0.4193548387096774,0.2285714285714285
persistence,9,13,holdout,4,Sorrel 2,0.4210526315789473,0.1785714285714285
persistence,9,13,holdout,4,Other,0.0188679245283018,0.0
persistence,10,11,calibration,1,Menard 1,0.1194029850746268,0.1739130434782608
persistence,10,11,calibration,1,Menard 2,0.1333333333333333,0.1333333333333333
persistence,10,11,calibration,1,Sorrel 0,0.08,0.0980392156862745
persistence,10,11,calibration,1,Sorrel 1,0.391304347826087,0.3555555555555555
persistence,10,11,calibration,1,Sorrel 2,0.2222222222222222,0.2352941176470588
persistence,10,11,calibration,1,Other,0.0363636363636363,0.1176470588235294
persistence,10,12,holdout,2,Menard 1,0.1194029850746268,0.25
persistence,10,12,holdout,2,Menard 2,0.1333333333333333,0.1111111111111111
persistence,10,12,holdout,2,Sorrel 0,0.08,0.0612244897959183
persistence,10,12,holdout,2,Sorrel 1,0.391304347826087,0.3055555555555556
persistence,10,12,holdout,2,Sorrel 2,0.2222222222222222,0.1578947368421052
persistence,10,12,holdout,2,Other,0.0363636363636363,0.0943396226415094
persistence,10,13,holdout,3,Menard 1,0.1194029850746268,0.1875
persistence,10,13,holdout,3,Menard 2,0.1333333333333333,0.1320754716981132
persistence,10,13,holdout,3,Sorrel 0,0.08,0.0681818181818181
persistence,10,13,holdout,3,Sorrel 1,0.391304347826087,0.2285714285714285
persistence,10,13,holdout,3,Sorrel 2,0.2222222222222222,0.1785714285714285
persistence,10,13,holdout,3,Other,0.0363636363636363,0.0
persistence,10,14,holdout,4,Menard 2,0.1333333333333333,0.1632653061224489
persistence,10,14,holdout,4,Sorrel 0,0.08,0.073170731707317
persistence,10,14,holdout,4,Sorrel 1,0.391304347826087,0.2258064516129032
persistence,10,14,holdout,4,Sorrel 2,0.2222222222222222,0.1290322580645161
persistence,10,14,holdout,4,Other,0.0363636363636363,0.0294117647058823
persistence,11,12,holdout,1,Menard 1,0.1739130434782608,0.25
persistence,11,12,holdout,1,Menard 2,0.1333333333333333,0.1111111111111111
persistence,11,12,holdout,1,Sorrel 0,0.0980392156862745,0.0612244897959183
persistence,11,12,holdout,1,Sorrel 1,0.3555555555555555,0.3055555555555556
persistence,11,12,holdout,1,Sorrel 2,0.2352941176470588,0.1578947368421052
persistence,11,12,holdout,1,Other,0.1176470588235294,0.0943396226415094
persistence,11,13,holdout,2,Menard 1,0.1739130434782608,0.1875
persistence,11,13,holdout,2,Menard 2,0.1333333333333333,0.1320754716981132
persistence,11,13,holdout,2,Sorrel 0,0.0980392156862745,0.0681818181818181
persistence,11,13,holdout,2,Sorrel 1,0.3555555555555555,0.2285714285714285
persistence,11,13,holdout,2,Sorrel 2,0.2352941176470588,0.1785714285714285
persistence,11,13,holdout,2,Other,0.1176470588235294,0.0
persistence,11,14,holdout,3,Menard 2,0.1333333333333333,0.1632653061224489
persistence,11,14,holdout,3,Sorrel 0,0.0980392156862745,0.073170731707317
persistence,11,14,holdout,3,Sorrel 1,0.3555555555555555,0.2258064516129032
persistence,11,14,holdout,3,Sorrel 2,0.2352941176470588,0.1290322580645161
persistence,11,14,holdout,3,Other,0.1176470588235294,0.0294117647058823
persistence,11,15,holdout,4,Menard 2,0.1333333333333333,0.1555555555555555
persistence,11,15,holdout,4,Sorrel 0,0.0980392156862745,0.1034482758620689
persistence,11,15,holdout,4,Sorrel 2,0.2352941176470588,0.1111111111111111
persistence,11,15,holdout,4,Other,0.1176470588235294,0.0909090909090909
persistence,12,13,holdout,1,Menard 1,0.25,0.1875
persistence,12,13,holdout,1,Menard 2,0.1111111111111111,0.1320754716981132
persistence,12,13,holdout,1,Sorrel 0,0.0612244897959183,0.0681818181818181
persistence,12,13,holdout,1,Sorrel 1,0.3055555555555556,0.2285714285714285
persistence,12,13,holdout,1,Sorrel 2,0.1578947368421052,0.1785714285714285
persistence,12,13,holdout,1,Other,0.0943396226415094,0.0
persistence,12,14,holdout,2,Menard 2,0.1111111111111111,0.1632653061224489
persistence,12,14,holdout,2,Sorrel 0,0.0612244897959183,0.073170731707317
persistence,12,14,holdout,2,Sorrel 1,0.3055555555555556,0.2258064516129032
persistence,12,14,holdout,2,Sorrel 2,0.1578947368421052,0.1290322580645161
persistence,12,14,holdout,2,Other,0.0943396226415094,0.0294117647058823
persistence,12,15,holdout,3,Menard 2,0.1111111111111111,0.1555555555555555
persistence,12,15,holdout,3,Sorrel 0,0.0612244897959183,0.1034482758620689
persistence,12,15,holdout,3,Sorrel 2,0.1578947368421052,0.1111111111111111
persistence,12,15,holdout,3,Other,0.0943396226415094,0.0909090909090909
persistence,12,16,holdout,4,Sorrel 0,0.0612244897959183,0.0769230769230769
persistence,12,16,holdout,4,Sorrel 2,0.1578947368421052,0.1785714285714285
persistence,12,16,holdout,4,Other,0.0943396226415094,0.0666666666666666
persistence,13,14,holdout,1,Menard 2,0.1320754716981132,0.1632653061224489
persistence,13,14,holdout,1,Sorrel 0,0.0681818181818181,0.073170731707317
persistence,13,14,holdout,1,Sorrel 1,0.2285714285714285,0.2258064516129032
persistence,13,14,holdout,1,Sorrel 2,0.1785714285714285,0.1290322580645161
persistence,13,14,holdout,1,Other,0.0,0.0294117647058823
persistence,13,15,holdout,2,Menard 2,0.1320754716981132,0.1555555555555555
persistence,13,15,holdout,2,Sorrel 0,0.0681818181818181,0.1034482758620689
persistence,13,15,holdout,2,Sorrel 2,0.1785714285714285,0.1111111111111111
persistence,13,15,holdout,2,Other,0.0,0.0909090909090909
persistence,13,16,holdout,3,Sorrel 0,0.0681818181818181,0.0769230769230769
persistence,13,16,holdout,3,Sorrel 2,0.1785714285714285,0.1785714285714285
persistence,13,16,holdout,3,Other,0.0,0.0666666666666666
persistence,14,15,holdout,1,Menard 2,0.1632653061224489,0.1555555555555555
persistence,14,15,holdout,1,Sorrel 0,0.073170731707317,0.1034482758620689
persistence,14,15,holdout,1,Sorrel 2,0.1290322580645161,0.1111111111111111
persistence,14,15,holdout,1,Other,0.0294117647058823,0.0909090909090909
persistence,14,16,holdout,2,Sorrel 0,0.073170731707317,0.0769230769230769
persistence,14,16,holdout,2,Sorrel 2,0.1290322580645161,0.1785714285714285
persistence,14,16,holdout,2,Other,0.0294117647058823,0.0666666666666666
persistence,15,16,holdout,1,Sorrel 0,0.1034482758620689,0.0769230769230769
persistence,15,16,holdout,1,Sorrel 2,0.1111111111111111,0.1785714285714285
persistence,15,16,holdout,1,Other,0.0909090909090909,0.0666666666666666
historical_mean,0,1,calibration,1,Menard 1,0.15804831235711223,0.0980392156862745
historical_mean,0,1,calibration,1,Menard 2,0.17892244794484502,0.2203389830508474
historical_mean,0,1,calibration,1,Sorrel 0,0.14687977903688645,0.2244897959183673
historical_mean,0,1,calibration,1,Sorrel 1,0.37170528643389095,0.3076923076923077
historical_mean,0,1,calibration,1,Sorrel 2,0.20731079366915275,0.175
historical_mean,0,1,calibration,1,Other,0.05793709944431363,0.0392156862745098
historical_mean,0,2,calibration,2,Menard 1,0.15804831235711223,0.1842105263157894
historical_mean,0,2,calibration,2,Menard 2,0.17892244794484502,0.1785714285714285
historical_mean,0,2,calibration,2,Sorrel 1,0.37170528643389095,0.45
historical_mean,0,2,calibration,2,Sorrel 2,0.20731079366915275,0.25
historical_mean,0,3,calibration,3,Menard 1,0.15804831235711223,0.1269841269841269
historical_mean,0,3,calibration,3,Menard 2,0.17892244794484502,0.125
historical_mean,0,3,calibration,3,Sorrel 0,0.14687977903688645,0.173076923076923
historical_mean,0,3,calibration,3,Sorrel 1,0.37170528643389095,0.25
historical_mean,0,3,calibration,3,Sorrel 2,0.20731079366915275,0.1714285714285714
historical_mean,0,3,calibration,3,Other,0.05793709944431363,0.0392156862745098
historical_mean,0,4,calibration,4,Menard 1,0.15804831235711223,0.1692307692307692
historical_mean,0,4,calibration,4,Menard 2,0.17892244794484502,0.2692307692307692
historical_mean,0,4,calibration,4,Sorrel 0,0.14687977903688645,0.2083333333333333
historical_mean,0,4,calibration,4,Sorrel 1,0.37170528643389095,0.3953488372093023
historical_mean,0,4,calibration,4,Sorrel 2,0.20731079366915275,0.15
historical_mean,0,4,calibration,4,Other,0.05793709944431363,0.12
historical_mean,1,2,calibration,1,Menard 1,0.15804831235711223,0.1842105263157894
historical_mean,1,2,calibration,1,Menard 2,0.17892244794484502,0.1785714285714285
historical_mean,1,2,calibration,1,Sorrel 1,0.37170528643389095,0.45
historical_mean,1,2,calibration,1,Sorrel 2,0.20731079366915275,0.25
historical_mean,1,3,calibration,2,Menard 1,0.15804831235711223,0.1269841269841269
historical_mean,1,3,calibration,2,Menard 2,0.17892244794484502,0.125
historical_mean,1,3,calibration,2,Sorrel 0,0.14687977903688645,0.173076923076923
historical_mean,1,3,calibration,2,Sorrel 1,0.37170528643389095,0.25
historical_mean,1,3,calibration,2,Sorrel 2,0.20731079366915275,0.1714285714285714
historical_mean,1,3,calibration,2,Other,0.05793709944431363,0.0392156862745098
historical_mean,1,4,calibration,3,Menard 1,0.15804831235711223,0.1692307692307692
historical_mean,1,4,calibration,3,Menard 2,0.17892244794484502,0.2692307692307692
historical_mean,1,4,calibration,3,Sorrel 0,0.14687977903688645,0.2083333333333333
historical_mean,1,4,calibration,3,Sorrel 1,0.37170528643389095,0.3953488372093023
historical_mean,1,4,calibration,3,Sorrel 2,0.20731079366915275,0.15
historical_mean,1,4,calibration,3,Other,0.05793709944431363,0.12
historical_mean,1,5,calibration,4,Menard 1,0.15804831235711223,0.1940298507462686
historical_mean,1,5,calibration,4,Menard 2,0.17892244794484502,0.3220338983050847
historical_mean,1,5,calibration,4,Sorrel 0,0.14687977903688645,0.2909090909090909
historical_mean,1,5,calibration,4,Sorrel 1,0.37170528643389095,0.4
historical_mean,1,5,calibration,4,Sorrel 2,0.20731079366915275,0.2045454545454545
historical_mean,1,5,calibration,4,Other,0.05793709944431363,0.1296296296296296
historical_mean,2,3,calibration,1,Menard 1,0.15804831235711223,0.1269841269841269
historical_mean,2,3,calibration,1,Menard 2,0.17892244794484502,0.125
historical_mean,2,3,calibration,1,Sorrel 0,0.14687977903688645,0.173076923076923
historical_mean,2,3,calibration,1,Sorrel 1,0.37170528643389095,0.25
historical_mean,2,3,calibration,1,Sorrel 2,0.20731079366915275,0.1714285714285714
historical_mean,2,3,calibration,1,Other,0.05793709944431363,0.0392156862745098
historical_mean,2,4,calibration,2,Menard 1,0.15804831235711223,0.1692307692307692
historical_mean,2,4,calibration,2,Menard 2,0.17892244794484502,0.2692307692307692
historical_mean,2,4,calibration,2,Sorrel 0,0.14687977903688645,0.2083333333333333
historical_mean,2,4,calibration,2,Sorrel 1,0.37170528643389095,0.3953488372093023
historical_mean,2,4,calibration,2,Sorrel 2,0.20731079366915275,0.15
historical_mean,2,4,calibration,2,Other,0.05793709944431363,0.12
historical_mean,2,5,calibration,3,Menard 1,0.15804831235711223,0.1940298507462686
historical_mean,2,5,calibration,3,Menard 2,0.17892244794484502,0.3220338983050847
historical_mean,2,5,calibration,3,Sorrel 0,0.14687977903688645,0.2909090909090909
historical_mean,2,5,calibration,3,Sorrel 1,0.37170528643389095,0.4
historical_mean,2,5,calibration,3,Sorrel 2,0.20731079366915275,0.2045454545454545
historical_mean,2,5,calibration,3,Other,0.05793709944431363,0.1296296296296296
historical_mean,2,6,calibration,4,Menard 1,0.15804831235711223,0.1384615384615384
historical_mean,2,6,calibration,4,Sorrel 0,0.14687977903688645,0.16
historical_mean,2,6,calibration,4,Sorrel 1,0.37170528643389095,0.3260869565217391
historical_mean,2,6,calibration,4,Sorrel 2,0.20731079366915275,0.2162162162162162
historical_mean,3,4,calibration,1,Menard 1,0.15804831235711223,0.1692307692307692
historical_mean,3,4,calibration,1,Menard 2,0.17892244794484502,0.2692307692307692
historical_mean,3,4,calibration,1,Sorrel 0,0.14687977903688645,0.2083333333333333
historical_mean,3,4,calibration,1,Sorrel 1,0.37170528643389095,0.3953488372093023
historical_mean,3,4,calibration,1,Sorrel 2,0.20731079366915275,0.15
historical_mean,3,4,calibration,1,Other,0.05793709944431363,0.12
historical_mean,3,5,calibration,2,Menard 1,0.15804831235711223,0.1940298507462686
historical_mean,3,5,calibration,2,Menard 2,0.17892244794484502,0.3220338983050847
historical_mean,3,5,calibration,2,Sorrel 0,0.14687977903688645,0.2909090909090909
historical_mean,3,5,calibration,2,Sorrel 1,0.37170528643389095,0.4
historical_mean,3,5,calibration,2,Sorrel 2,0.20731079366915275,0.2045454545454545
historical_mean,3,5,calibration,2,Other,0.05793709944431363,0.1296296296296296
historical_mean,3,6,calibration,3,Menard 1,0.15804831235711223,0.1384615384615384
historical_mean,3,6,calibration,3,Sorrel 0,0.14687977903688645,0.16
historical_mean,3,6,calibration,3,Sorrel 1,0.37170528643389095,0.3260869565217391
historical_mean,3,6,calibration,3,Sorrel 2,0.20731079366915275,0.2162162162162162
historical_mean,3,7,calibration,4,Menard 1,0.15804831235711223,0.1666666666666666
historical_mean,3,7,calibration,4,Menard 2,0.17892244794484502,0.1
historical_mean,3,7,calibration,4,Sorrel 0,0.14687977903688645,0.1016949152542373
historical_mean,3,7,calibration,4,Sorrel 1,0.37170528643389095,0.3469387755102041
historical_mean,3,7,calibration,4,Sorrel 2,0.20731079366915275,0.2051282051282051
historical_mean,3,7,calibration,4,Other,0.05793709944431363,0.0196078431372549
historical_mean,4,5,calibration,1,Menard 1,0.15804831235711223,0.1940298507462686
historical_mean,4,5,calibration,1,Menard 2,0.17892244794484502,0.3220338983050847
historical_mean,4,5,calibration,1,Sorrel 0,0.14687977903688645,0.2909090909090909
historical_mean,4,5,calibration,1,Sorrel 1,0.37170528643389095,0.4
historical_mean,4,5,calibration,1,Sorrel 2,0.20731079366915275,0.2045454545454545
historical_mean,4,5,calibration,1,Other,0.05793709944431363,0.1296296296296296
historical_mean,4,6,calibration,2,Menard 1,0.15804831235711223,0.1384615384615384
historical_mean,4,6,calibration,2,Sorrel 0,0.14687977903688645,0.16
historical_mean,4,6,calibration,2,Sorrel 1,0.37170528643389095,0.3260869565217391
historical_mean,4,6,calibration,2,Sorrel 2,0.20731079366915275,0.2162162162162162
historical_mean,4,7,calibration,3,Menard 1,0.15804831235711223,0.1666666666666666
historical_mean,4,7,calibration,3,Menard 2,0.17892244794484502,0.1
historical_mean,4,7,calibration,3,Sorrel 0,0.14687977903688645,0.1016949152542373
historical_mean,4,7,calibration,3,Sorrel 1,0.37170528643389095,0.3469387755102041
historical_mean,4,7,calibration,3,Sorrel 2,0.20731079366915275,0.2051282051282051
historical_mean,4,7,calibration,3,Other,0.05793709944431363,0.0196078431372549
historical_mean,4,8,calibration,4,Menard 1,0.15804831235711223,0.144927536231884
historical_mean,4,8,calibration,4,Menard 2,0.17892244794484502,0.1020408163265306
historical_mean,4,8,calibration,4,Sorrel 0,0.14687977903688645,0.1470588235294117
historical_mean,4,8,calibration,4,Sorrel 1,0.37170528643389095,0.3181818181818182
historical_mean,4,8,calibration,4,Sorrel 2,0.20731079366915275,0.2368421052631578
historical_mean,4,8,calibration,4,Other,0.05793709944431363,0.0588235294117647
historical_mean,5,6,calibration,1,Menard 1,0.15804831235711223,0.1384615384615384
historical_mean,5,6,calibration,1,Sorrel 0,0.14687977903688645,0.16
historical_mean,5,6,calibration,1,Sorrel 1,0.37170528643389095,0.3260869565217391
historical_mean,5,6,calibration,1,Sorrel 2,0.20731079366915275,0.2162162162162162
historical_mean,5,7,calibration,2,Menard 1,0.15804831235711223,0.1666666666666666
historical_mean,5,7,calibration,2,Menard 2,0.17892244794484502,0.1
historical_mean,5,7,calibration,2,Sorrel 0,0.14687977903688645,0.1016949152542373
historical_mean,5,7,calibration,2,Sorrel 1,0.37170528643389095,0.3469387755102041
historical_mean,5,7,calibration,2,Sorrel 2,0.20731079366915275,0.2051282051282051
historical_mean,5,7,calibration,2,Other,0.05793709944431363,0.0196078431372549
historical_mean,5,8,calibration,3,Menard 1,0.15804831235711223,0.144927536231884
historical_mean,5,8,calibration,3,Menard 2,0.17892244794484502,0.1020408163265306
historical_mean,5,8,calibration,3,Sorrel 0,0.14687977903688645,0.1470588235294117
historical_mean,5,8,calibration,3,Sorrel 1,0.37170528643389095,0.3181818181818182
historical_mean,5,8,calibration,3,Sorrel 2,0.20731079366915275,0.2368421052631578
historical_mean,5,8,calibration,3,Other,0.05793709944431363,0.0588235294117647
historical_mean,5,9,calibration,4,Menard 1,0.15804831235711223,0.1884057971014492
historical_mean,5,9,calibration,4,Menard 2,0.17892244794484502,0.1346153846153846
historical_mean,5,9,calibration,4,Sorrel 0,0.14687977903688645,0.1320754716981132
historical_mean,5,9,calibration,4,Sorrel 1,0.37170528643389095,0.4193548387096774
historical_mean,5,9,calibration,4,Sorrel 2,0.20731079366915275,0.4210526315789473
historical_mean,5,9,calibration,4,Other,0.05793709944431363,0.0188679245283018
historical_mean,6,7,calibration,1,Menard 1,0.15804831235711223,0.1666666666666666
historical_mean,6,7,calibration,1,Menard 2,0.17892244794484502,0.1
historical_mean,6,7,calibration,1,Sorrel 0,0.14687977903688645,0.1016949152542373
historical_mean,6,7,calibration,1,Sorrel 1,0.37170528643389095,0.3469387755102041
historical_mean,6,7,calibration,1,Sorrel 2,0.20731079366915275,0.2051282051282051
historical_mean,6,7,calibration,1,Other,0.05793709944431363,0.0196078431372549
historical_mean,6,8,calibration,2,Menard 1,0.15804831235711223,0.144927536231884
historical_mean,6,8,calibration,2,Menard 2,0.17892244794484502,0.1020408163265306
historical_mean,6,8,calibration,2,Sorrel 0,0.14687977903688645,0.1470588235294117
historical_mean,6,8,calibration,2,Sorrel 1,0.37170528643389095,0.3181818181818182
historical_mean,6,8,calibration,2,Sorrel 2,0.20731079366915275,0.2368421052631578
historical_mean,6,8,calibration,2,Other,0.05793709944431363,0.0588235294117647
historical_mean,6,9,calibration,3,Menard 1,0.15804831235711223,0.1884057971014492
historical_mean,6,9,calibration,3,Menard 2,0.17892244794484502,0.1346153846153846
historical_mean,6,9,calibration,3,Sorrel 0,0.14687977903688645,0.1320754716981132
historical_mean,6,9,calibration,3,Sorrel 1,0.37170528643389095,0.4193548387096774
historical_mean,6,9,calibration,3,Sorrel 2,0.20731079366915275,0.4210526315789473
historical_mean,6,9,calibration,3,Other,0.05793709944431363,0.0188679245283018
historical_mean,6,10,calibration,4,Menard 1,0.15804831235711223,0.1194029850746268
historical_mean,6,10,calibration,4,Menard 2,0.17892244794484502,0.1333333333333333
historical_mean,6,10,calibration,4,Sorrel 0,0.14687977903688645,0.08
historical_mean,6,10,calibration,4,Sorrel 1,0.37170528643389095,0.391304347826087
historical_mean,6,10,calibration,4,Sorrel 2,0.20731079366915275,0.2222222222222222
historical_mean,6,10,calibration,4,Other,0.05793709944431363,0.0363636363636363
historical_mean,7,8,calibration,1,Menard 1,0.15804831235711223,0.144927536231884
historical_mean,7,8,calibration,1,Menard 2,0.17892244794484502,0.1020408163265306
historical_mean,7,8,calibration,1,Sorrel 0,0.14687977903688645,0.1470588235294117
historical_mean,7,8,calibration,1,Sorrel 1,0.37170528643389095,0.3181818181818182
historical_mean,7,8,calibration,1,Sorrel 2,0.20731079366915275,0.2368421052631578
historical_mean,7,8,calibration,1,Other,0.05793709944431363,0.0588235294117647
historical_mean,7,9,calibration,2,Menard 1,0.15804831235711223,0.1884057971014492
historical_mean,7,9,calibration,2,Menard 2,0.17892244794484502,0.1346153846153846
historical_mean,7,9,calibration,2,Sorrel 0,0.14687977903688645,0.1320754716981132
historical_mean,7,9,calibration,2,Sorrel 1,0.37170528643389095,0.4193548387096774
historical_mean,7,9,calibration,2,Sorrel 2,0.20731079366915275,0.4210526315789473
historical_mean,7,9,calibration,2,Other,0.05793709944431363,0.0188679245283018
historical_mean,7,10,calibration,3,Menard 1,0.15804831235711223,0.1194029850746268
historical_mean,7,10,calibration,3,Menard 2,0.17892244794484502,0.1333333333333333
historical_mean,7,10,calibration,3,Sorrel 0,0.14687977903688645,0.08
historical_mean,7,10,calibration,3,Sorrel 1,0.37170528643389095,0.391304347826087
historical_mean,7,10,calibration,3,Sorrel 2,0.20731079366915275,0.2222222222222222
historical_mean,7,10,calibration,3,Other,0.05793709944431363,0.0363636363636363
historical_mean,7,11,calibration,4,Menard 1,0.15804831235711223,0.1739130434782608
historical_mean,7,11,calibration,4,Menard 2,0.17892244794484502,0.1333333333333333
historical_mean,7,11,calibration,4,Sorrel 0,0.14687977903688645,0.0980392156862745
historical_mean,7,11,calibration,4,Sorrel 1,0.37170528643389095,0.3555555555555555
historical_mean,7,11,calibration,4,Sorrel 2,0.20731079366915275,0.2352941176470588
historical_mean,7,11,calibration,4,Other,0.05793709944431363,0.1176470588235294
historical_mean,8,9,calibration,1,Menard 1,0.15804831235711223,0.1884057971014492
historical_mean,8,9,calibration,1,Menard 2,0.17892244794484502,0.1346153846153846
historical_mean,8,9,calibration,1,Sorrel 0,0.14687977903688645,0.1320754716981132
historical_mean,8,9,calibration,1,Sorrel 1,0.37170528643389095,0.4193548387096774
historical_mean,8,9,calibration,1,Sorrel 2,0.20731079366915275,0.4210526315789473
historical_mean,8,9,calibration,1,Other,0.05793709944431363,0.0188679245283018
historical_mean,8,10,calibration,2,Menard 1,0.15804831235711223,0.1194029850746268
historical_mean,8,10,calibration,2,Menard 2,0.17892244794484502,0.1333333333333333
historical_mean,8,10,calibration,2,Sorrel 0,0.14687977903688645,0.08
historical_mean,8,10,calibration,2,Sorrel 1,0.37170528643389095,0.391304347826087
historical_mean,8,10,calibration,2,Sorrel 2,0.20731079366915275,0.2222222222222222
historical_mean,8,10,calibration,2,Other,0.05793709944431363,0.0363636363636363
historical_mean,8,11,calibration,3,Menard 1,0.15804831235711223,0.1739130434782608
historical_mean,8,11,calibration,3,Menard 2,0.17892244794484502,0.1333333333333333
historical_mean,8,11,calibration,3,Sorrel 0,0.14687977903688645,0.0980392156862745
historical_mean,8,11,calibration,3,Sorrel 1,0.37170528643389095,0.3555555555555555
historical_mean,8,11,calibration,3,Sorrel 2,0.20731079366915275,0.2352941176470588
historical_mean,8,11,calibration,3,Other,0.05793709944431363,0.1176470588235294
historical_mean,8,12,holdout,4,Menard 1,0.15804831235711223,0.25
historical_mean,8,12,holdout,4,Menard 2,0.17892244794484502,0.1111111111111111
historical_mean,8,12,holdout,4,Sorrel 0,0.14687977903688645,0.0612244897959183
historical_mean,8,12,holdout,4,Sorrel 1,0.37170528643389095,0.3055555555555556
historical_mean,8,12,holdout,4,Sorrel 2,0.20731079366915275,0.1578947368421052
historical_mean,8,12,holdout,4,Other,0.05793709944431363,0.0943396226415094
historical_mean,9,10,calibration,1,Menard 1,0.15804831235711223,0.1194029850746268
historical_mean,9,10,calibration,1,Menard 2,0.17892244794484502,0.1333333333333333
historical_mean,9,10,calibration,1,Sorrel 0,0.14687977903688645,0.08
historical_mean,9,10,calibration,1,Sorrel 1,0.37170528643389095,0.391304347826087
historical_mean,9,10,calibration,1,Sorrel 2,0.20731079366915275,0.2222222222222222
historical_mean,9,10,calibration,1,Other,0.05793709944431363,0.0363636363636363
historical_mean,9,11,calibration,2,Menard 1,0.15804831235711223,0.1739130434782608
historical_mean,9,11,calibration,2,Menard 2,0.17892244794484502,0.1333333333333333
historical_mean,9,11,calibration,2,Sorrel 0,0.14687977903688645,0.0980392156862745
historical_mean,9,11,calibration,2,Sorrel 1,0.37170528643389095,0.3555555555555555
historical_mean,9,11,calibration,2,Sorrel 2,0.20731079366915275,0.2352941176470588
historical_mean,9,11,calibration,2,Other,0.05793709944431363,0.1176470588235294
historical_mean,9,12,holdout,3,Menard 1,0.15804831235711223,0.25
historical_mean,9,12,holdout,3,Menard 2,0.17892244794484502,0.1111111111111111
historical_mean,9,12,holdout,3,Sorrel 0,0.14687977903688645,0.0612244897959183
historical_mean,9,12,holdout,3,Sorrel 1,0.37170528643389095,0.3055555555555556
historical_mean,9,12,holdout,3,Sorrel 2,0.20731079366915275,0.1578947368421052
historical_mean,9,12,holdout,3,Other,0.05793709944431363,0.0943396226415094
historical_mean,9,13,holdout,4,Menard 1,0.15804831235711223,0.1875
historical_mean,9,13,holdout,4,Menard 2,0.17892244794484502,0.1320754716981132
historical_mean,9,13,holdout,4,Sorrel 0,0.14687977903688645,0.0681818181818181
historical_mean,9,13,holdout,4,Sorrel 1,0.37170528643389095,0.2285714285714285
historical_mean,9,13,holdout,4,Sorrel 2,0.20731079366915275,0.1785714285714285
historical_mean,9,13,holdout,4,Other,0.05793709944431363,0.0
historical_mean,10,11,calibration,1,Menard 1,0.15804831235711223,0.1739130434782608
historical_mean,10,11,calibration,1,Menard 2,0.17892244794484502,0.1333333333333333
historical_mean,10,11,calibration,1,Sorrel 0,0.14687977903688645,0.0980392156862745
historical_mean,10,11,calibration,1,Sorrel 1,0.37170528643389095,0.3555555555555555
historical_mean,10,11,calibration,1,Sorrel 2,0.20731079366915275,0.2352941176470588
historical_mean,10,11,calibration,1,Other,0.05793709944431363,0.1176470588235294
historical_mean,10,12,holdout,2,Menard 1,0.15804831235711223,0.25
historical_mean,10,12,holdout,2,Menard 2,0.17892244794484502,0.1111111111111111
historical_mean,10,12,holdout,2,Sorrel 0,0.14687977903688645,0.0612244897959183
historical_mean,10,12,holdout,2,Sorrel 1,0.37170528643389095,0.3055555555555556
historical_mean,10,12,holdout,2,Sorrel 2,0.20731079366915275,0.1578947368421052
historical_mean,10,12,holdout,2,Other,0.05793709944431363,0.0943396226415094
historical_mean,10,13,holdout,3,Menard 1,0.15804831235711223,0.1875
historical_mean,10,13,holdout,3,Menard 2,0.17892244794484502,0.1320754716981132
historical_mean,10,13,holdout,3,Sorrel 0,0.14687977903688645,0.0681818181818181
historical_mean,10,13,holdout,3,Sorrel 1,0.37170528643389095,0.2285714285714285
historical_mean,10,13,holdout,3,Sorrel 2,0.20731079366915275,0.1785714285714285
historical_mean,10,13,holdout,3,Other,0.05793709944431363,0.0
historical_mean,10,14,holdout,4,Menard 2,0.17892244794484502,0.1632653061224489
historical_mean,10,14,holdout,4,Sorrel 0,0.14687977903688645,0.073170731707317
historical_mean,10,14,holdout,4,Sorrel 1,0.37170528643389095,0.2258064516129032
historical_mean,10,14,holdout,4,Sorrel 2,0.20731079366915275,0.1290322580645161
historical_mean,10,14,holdout,4,Other,0.05793709944431363,0.0294117647058823
historical_mean,11,12,holdout,1,Menard 1,0.15804831235711223,0.25
historical_mean,11,12,holdout,1,Menard 2,0.17892244794484502,0.1111111111111111
historical_mean,11,12,holdout,1,Sorrel 0,0.14687977903688645,0.0612244897959183
historical_mean,11,12,holdout,1,Sorrel 1,0.37170528643389095,0.3055555555555556
historical_mean,11,12,holdout,1,Sorrel 2,0.20731079366915275,0.1578947368421052
historical_mean,11,12,holdout,1,Other,0.05793709944431363,0.0943396226415094
historical_mean,11,13,holdout,2,Menard 1,0.15804831235711223,0.1875
historical_mean,11,13,holdout,2,Menard 2,0.17892244794484502,0.1320754716981132
historical_mean,11,13,holdout,2,Sorrel 0,0.14687977903688645,0.0681818181818181
historical_mean,11,13,holdout,2,Sorrel 1,0.37170528643389095,0.2285714285714285
historical_mean,11,13,holdout,2,Sorrel 2,0.20731079366915275,0.1785714285714285
historical_mean,11,13,holdout,2,Other,0.05793709944431363,0.0
historical_mean,11,14,holdout,3,Menard 2,0.17892244794484502,0.1632653061224489
historical_mean,11,14,holdout,3,Sorrel 0,0.14687977903688645,0.073170731707317
historical_mean,11,14,holdout,3,Sorrel 1,0.37170528643389095,0.2258064516129032
historical_mean,11,14,holdout,3,Sorrel 2,0.20731079366915275,0.1290322580645161
historical_mean,11,14,holdout,3,Other,0.05793709944431363,0.0294117647058823
historical_mean,11,15,holdout,4,Menard 2,0.17892244794484502,0.1555555555555555
historical_mean,11,15,holdout,4,Sorrel 0,0.14687977903688645,0.1034482758620689
historical_mean,11,15,holdout,4,Sorrel 2,0.20731079366915275,0.1111111111111111
historical_mean,11,15,holdout,4,Other,0.05793709944431363,0.0909090909090909
historical_mean,12,13,holdout,1,Menard 1,0.15804831235711223,0.1875
historical_mean,12,13,holdout,1,Menard 2,0.17892244794484502,0.1320754716981132
historical_mean,12,13,holdout,1,Sorrel 0,0.14687977903688645,0.0681818181818181
historical_mean,12,13,holdout,1,Sorrel 1,0.37170528643389095,0.2285714285714285
historical_mean,12,13,holdout,1,Sorrel 2,0.20731079366915275,0.1785714285714285
historical_mean,12,13,holdout,1,Other,0.05793709944431363,0.0
historical_mean,12,14,holdout,2,Menard 2,0.17892244794484502,0.1632653061224489
historical_mean,12,14,holdout,2,Sorrel 0,0.14687977903688645,0.073170731707317
historical_mean,12,14,holdout,2,Sorrel 1,0.37170528643389095,0.2258064516129032
historical_mean,12,14,holdout,2,Sorrel 2,0.20731079366915275,0.1290322580645161
historical_mean,12,14,holdout,2,Other,0.05793709944431363,0.0294117647058823
historical_mean,12,15,holdout,3,Menard 2,0.17892244794484502,0.1555555555555555
historical_mean,12,15,holdout,3,Sorrel 0,0.14687977903688645,0.1034482758620689
historical_mean,12,15,holdout,3,Sorrel 2,0.20731079366915275,0.1111111111111111
historical_mean,12,15,holdout,3,Other,0.05793709944431363,0.0909090909090909
historical_mean,12,16,holdout,4,Sorrel 0,0.14687977903688645,0.0769230769230769
historical_mean,12,16,holdout,4,Sorrel 2,0.20731079366915275,0.1785714285714285
historical_mean,12,16,holdout,4,Other,0.05793709944431363,0.0666666666666666
historical_mean,13,14,holdout,1,Menard 2,0.17892244794484502,0.1632653061224489
historical_mean,13,14,holdout,1,Sorrel 0,0.14687977903688645,0.073170731707317
historical_mean,13,14,holdout,1,Sorrel 1,0.37170528643389095,0.2258064516129032
historical_mean,13,14,holdout,1,Sorrel 2,0.20731079366915275,0.1290322580645161
historical_mean,13,14,holdout,1,Other,0.05793709944431363,0.0294117647058823
historical_mean,13,15,holdout,2,Menard 2,0.17892244794484502,0.1555555555555555
historical_mean,13,15,holdout,2,Sorrel 0,0.14687977903688645,0.1034482758620689
historical_mean,13,15,holdout,2,Sorrel 2,0.20731079366915275,0.1111111111111111
historical_mean,13,15,holdout,2,Other,0.05793709944431363,0.0909090909090909
historical_mean,13,16,holdout,3,Sorrel 0,0.14687977903688645,0.0769230769230769
historical_mean,13,16,holdout,3,Sorrel 2,0.20731079366915275,0.1785714285714285
historical_mean,13,16,holdout,3,Other,0.05793709944431363,0.0666666666666666
historical_mean,14,15,holdout,1,Menard 2,0.17892244794484502,0.1555555555555555
historical_mean,14,15,holdout,1,Sorrel 0,0.14687977903688645,0.1034482758620689
historical_mean,14,15,holdout,1,Sorrel 2,0.20731079366915275,0.1111111111111111
historical_mean,14,15,holdout,1,Other,0.05793709944431363,0.0909090909090909
historical_mean,14,16,holdout,2,Sorrel 0,0.14687977903688645,0.0769230769230769
historical_mean,14,16,holdout,2,Sorrel 2,0.20731079366915275,0.1785714285714285
historical_mean,14,16,holdout,2,Other,0.05793709944431363,0.0666666666666666
historical_mean,15,16,holdout,1,Sorrel 0,0.14687977903688645,0.0769230769230769
historical_mean,15,16,holdout,1,Sorrel 2,0.20731079366915275,0.1785714285714285
historical_mean,15,16,holdout,1,Other,0.05793709944431363,0.0666666666666666
network_exposure,0,1,calibration,1,Menard 1,0.19483517919328908,0.0980392156862745
network_exposure,0,1,calibration,1,Menard 2,0.2821775365292211,0.2203389830508474
network_exposure,0,1,calibration,1,Sorrel 0,0.13232279686567422,0.2244897959183673
network_exposure,0,1,calibration,1,Sorrel 1,0.3066953830391157,0.3076923076923077
network_exposure,0,1,calibration,1,Sorrel 2,0.12063356922903694,0.175
network_exposure,0,1,calibration,1,Other,0.13809192658426614,0.0392156862745098
network_exposure,0,2,calibration,2,Menard 1,0.19542618019135,0.1842105263157894
network_exposure,0,2,calibration,2,Menard 2,0.22775332811018878,0.1785714285714285
network_exposure,0,2,calibration,2,Sorrel 1,0.236170950908426,0.45
network_exposure,0,2,calibration,2,Sorrel 2,0.1668592165552052,0.25
network_exposure,0,3,calibration,3,Menard 1,0.19549861178810105,0.1269841269841269
network_exposure,0,3,calibration,3,Menard 2,0.2074762487382319,0.125
network_exposure,0,3,calibration,3,Sorrel 0,0.18910786342205077,0.173076923076923
network_exposure,0,3,calibration,3,Sorrel 1,0.21036660776851557,0.25
network_exposure,0,3,calibration,3,Sorrel 2,0.18452136003651404,0.1714285714285714
network_exposure,0,3,calibration,3,Other,0.19086466357273582,0.0392156862745098
network_exposure,0,4,calibration,4,Menard 1,0.19546443461967314,0.1692307692307692
network_exposure,0,4,calibration,4,Menard 2,0.1999065288622398,0.2692307692307692
network_exposure,0,4,calibration,4,Sorrel 0,0.19346479487406082,0.2083333333333333
network_exposure,0,4,calibration,4,Sorrel 1,0.20089901186283857,0.3953488372093023
network_exposure,0,4,calibration,4,Sorrel 2,0.1912530802097437,0.15
network_exposure,0,4,calibration,4,Other,0.19420995001597052,0.12
network_exposure,1,2,calibration,1,Menard 1,0.15806943020897368,0.1842105263157894
network_exposure,1,2,calibration,1,Menard 2,0.204121912078567,0.1785714285714285
network_exposure,1,2,calibration,1,Sorrel 1,0.23622173579089678,0.45
network_exposure,1,2,calibration,1,Sorrel 2,0.18745677205701655,0.25
network_exposure,1,3,calibration,2,Menard 1,0.18108509220364302,0.1269841269841269
network_exposure,1,3,calibration,2,Menard 2,0.19844500934188292,0.125
network_exposure,1,3,calibration,2,Sorrel 0,0.19889560871250975,0.173076923076923
network_exposure,1,3,calibration,2,Sorrel 1,0.210251952214721,0.25
network_exposure,1,3,calibration,2,Sorrel 2,0.19232372407103754,0.1714285714285714
network_exposure,1,3,calibration,2,Other,0.18096178833460727,0.0392156862745098
network_exposure,1,4,calibration,3,Menard 1,0.18990413638628836,0.1692307692307692
network_exposure,1,4,calibration,3,Menard 2,0.19645408545157877,0.2692307692307692
network_exposure,1,4,calibration,3,Sorrel 0,0.19663287147457917,0.2083333333333333
network_exposure,1,4,calibration,3,Sorrel 1,0.20080058253701863,0.3953488372093023
network_exposure,1,4,calibration,3,Sorrel 2,0.19420749665687081,0.15
network_exposure,1,4,calibration,3,Other,0.19100879612437244,0.12
network_exposure,1,5,calibration,4,Menard 1,0.1932819260988952,0.1940298507462686
network_exposure,1,5,calibration,4,Menard 2,0.1957551508913094,0.3220338983050847
network_exposure,1,5,calibration,4,Sorrel 0,0.19583152819116503,0.2909090909090909
network_exposure,1,5,calibration,4,Sorrel 1,0.19735643691477542,0.4
network_exposure,1,5,calibration,4,Sorrel 2,0.19493138495660406,0.2045454545454545
network_exposure,1,5,calibration,4,Other,0.19405573930136083,0.1296296296296296
network_exposure,2,3,calibration,1,Menard 1,0.19132236602418648,0.1269841269841269
network_exposure,2,3,calibration,1,Menard 2,0.1891778888932264,0.125
network_exposure,2,3,calibration,1,Sorrel 0,0.20674493513189549,0.173076923076923
network_exposure,2,3,calibration,1,Sorrel 1,0.2893912951583379,0.25
network_exposure,2,3,calibration,1,Sorrel 2,0.21603854230871525,0.1714285714285714
network_exposure,2,3,calibration,1,Other,0.1509368733677208,0.0392156862745098
network_exposure,2,4,calibration,2,Menard 1,0.19392341565616084,0.1692307692307692
network_exposure,2,4,calibration,2,Menard 2,0.19313640449897906,0.2692307692307692
network_exposure,2,4,calibration,2,Sorrel 0,0.20048562100145687,0.2083333333333333
network_exposure,2,4,calibration,2,Sorrel 1,0.23016096859775553,0.3953488372093023
network_exposure,2,4,calibration,2,Sorrel 2,0.20323840744653388,0.15
network_exposure,2,4,calibration,2,Other,0.18346860266945195,0.12
network_exposure,2,5,calibration,3,Menard 1,0.19486291159660907,0.1940298507462686
network_exposure,2,5,calibration,3,Menard 2,0.19458342572399223,0.3220338983050847
network_exposure,2,5,calibration,3,Sorrel 0,0.19761930794316457,0.2909090909090909
network_exposure,2,5,calibration,3,Sorrel 1,0.20827079821108355,0.4
network_exposure,2,5,calibration,3,Sorrel 2,0.19838326631381972,0.2045454545454545
network_exposure,2,5,calibration,3,Other,0.19240574006662894,0.1296296296296296
network_exposure,2,6,calibration,4,Menard 1,0.19519798517858739,0.1384615384615384
network_exposure,2,6,calibration,4,Sorrel 0,0.19634182983077922,0.16
network_exposure,2,6,calibration,4,Sorrel 1,0.2001648492398479,0.3260869565217391
network_exposure,2,6,calibration,4,Sorrel 2,0.19653161973090785,0.2162162162162162
network_exposure,3,4,calibration,1,Menard 1,0.16885485103449427,0.1692307692307692
network_exposure,3,4,calibration,1,Menard 2,0.1681543301470957,0.2692307692307692
network_exposure,3,4,calibration,1,Sorrel 0,0.18605544070438984,0.2083333333333333
network_exposure,3,4,calibration,1,Sorrel 1,0.21438325938918784,0.3953488372093023
network_exposure,3,4,calibration,1,Sorrel 2,0.18567106404277045,0.15
network_exposure,3,4,calibration,1,Other,0.14480603745184767,0.12
network_exposure,3,5,calibration,2,Menard 1,0.1850989329571428,0.1940298507462686
network_exposure,3,5,calibration,2,Menard 2,0.1848664164464348,0.3220338983050847
network_exposure,3,5,calibration,2,Sorrel 0,0.1915818430456412,0.2909090909090909
network_exposure,3,5,calibration,2,Sorrel 1,0.20197339998364738,0.4
network_exposure,3,5,calibration,2,Sorrel 2,0.19147537613022658,0.2045454545454545
network_exposure,3,5,calibration,2,Other,0.17882802072972975,0.1296296296296296
network_exposure,3,6,calibration,3,Menard 1,0.1913960825307063,0.1384615384615384
network_exposure,3,6,calibration,3,Sorrel 0,0.1938575477529556,0.16
network_exposure,3,6,calibration,3,Sorrel 1,0.19765839884769706,0.3260869565217391
network_exposure,3,6,calibration,3,Sorrel 2,0.19381836300882457,0.2162162162162162
network_exposure,3,7,calibration,4,Menard 1,0.1938358101963849,0.1666666666666666
network_exposure,3,7,calibration,4,Menard 2,0.19381636726991078,0.1
network_exposure,3,7,calibration,4,Sorrel 0,0.19477526727361072,0.1016949152542373
network_exposure,3,7,calibration,4,Sorrel 1,0.19616249140091063,0.3469387755102041
network_exposure,3,7,calibration,4,Sorrel 2,0.1947574097675539,0.2051282051282051
network_exposure,3,7,calibration,4,Other,0.19353894805699173,0.0196078431372549
network_exposure,4,5,calibration,1,Menard 1,0.18574445349534993,0.1940298507462686
network_exposure,4,5,calibration,1,Menard 2,0.22313919619166175,0.3220338983050847
network_exposure,4,5,calibration,1,Sorrel 0,0.20263085193406266,0.2909090909090909
network_exposure,4,5,calibration,1,Sorrel 1,0.26939400215015064,0.4
network_exposure,4,5,calibration,1,Sorrel 2,0.17830082186569193,0.2045454545454545
network_exposure,4,5,calibration,1,Other,0.17600146844416137,0.1296296296296296
network_exposure,4,6,calibration,2,Menard 1,0.1918409744107589,0.1384615384615384
network_exposure,4,6,calibration,2,Sorrel 0,0.19898273038439954,0.16
network_exposure,4,6,calibration,2,Sorrel 1,0.22282399260245062,0.3260869565217391
network_exposure,4,6,calibration,2,Sorrel 2,0.18898137856657252,0.2162162162162162
network_exposure,4,7,calibration,3,Menard 1,0.19408367378582853,0.1666666666666666
network_exposure,4,7,calibration,3,Menard 2,0.19933276897212104,0.1
network_exposure,4,7,calibration,3,Sorrel 0,0.19705373012855182,0.1016949152542373
network_exposure,4,7,calibration,3,Sorrel 1,0.20557224505320643,0.3469387755102041
network_exposure,4,7,calibration,3,Sorrel 2,0.19299197617669794,0.2051282051282051
network_exposure,4,7,calibration,3,Other,0.19458974215322766,0.0196078431372549
network_exposure,4,8,calibration,4,Menard 1,0.19490580762894943,0.144927536231884
network_exposure,4,8,calibration,4,Menard 2,0.19687556342264906,0.1020408163265306
network_exposure,4,8,calibration,4,Sorrel 0,0.1961240610348242,0.1470588235294117
network_exposure,4,8,calibration,4,Sorrel 1,0.1991700882741801,0.3181818181818182
network_exposure,4,8,calibration,4,Sorrel 2,0.1944912434128967,0.2368421052631578
network_exposure,4,8,calibration,4,Other,0.19536369281568683,0.0588235294117647
network_exposure,5,6,calibration,1,Menard 1,0.19546526045091894,0.1384615384615384
network_exposure,5,6,calibration,1,Sorrel 0,0.23213404175363495,0.16
network_exposure,5,6,calibration,1,Sorrel 1,0.2720096474732207,0.3260869565217391
network_exposure,5,6,calibration,1,Sorrel 2,0.19948855576492036,0.2162162162162162
network_exposure,5,7,calibration,2,Menard 1,0.19565267278913398,0.1666666666666666
network_exposure,5,7,calibration,2,Menard 2,0.21368203087901874,0.1
network_exposure,5,7,calibration,2,Sorrel 0,0.20959590825321855,0.1016949152542373
network_exposure,5,7,calibration,2,Sorrel 1,0.22413271826388642,0.3469387755102041
network_exposure,5,7,calibration,2,Sorrel 2,0.19720980613133038,0.2051282051282051
network_exposure,5,7,calibration,2,Other,0.19416901330421912,0.0196078431372549
network_exposure,5,8,calibration,3,Menard 1,0.19557862664266493,0.144927536231884
network_exposure,5,8,calibration,3,Menard 2,0.20235431891660888,0.1020408163265306
network_exposure,5,8,calibration,3,Sorrel 0,0.20089711514182806,0.1470588235294117
network_exposure,5,8,calibration,3,Sorrel 1,0.2061864833837318,0.3181818181818182
network_exposure,5,8,calibration,3,Sorrel 2,0.19618679551355184,0.2368421052631578
network_exposure,5,8,calibration,3,Other,0.19608937562806017,0.0588235294117647
network_exposure,5,9,calibration,4,Menard 1,0.1954921976761783,0.1884057971014492
network_exposure,5,9,calibration,4,Menard 2,0.19804048884951977,0.1346153846153846
network_exposure,5,9,calibration,4,Sorrel 0,0.19752487976893196,0.1320754716981132
network_exposure,5,9,calibration,4,Sorrel 1,0.19944698364426985,0.4193548387096774
network_exposure,5,9,calibration,4,Sorrel 2,0.1957313827194692,0.4210526315789473
network_exposure,5,9,calibration,4,Other,0.19601636037038928,0.0188679245283018
network_exposure,6,7,calibration,1,Menard 1,0.1732068972520085,0.1666666666666666
network_exposure,6,7,calibration,1,Menard 2,0.12158486601656543,0.1
network_exposure,6,7,calibration,1,Sorrel 0,0.18275022339572083,0.1016949152542373
network_exposure,6,7,calibration,1,Sorrel 1,0.24265967425474577,0.3469387755102041
network_exposure,6,7,calibration,1,Sorrel 2,0.20268985042162824,0.2051282051282051
network_exposure,6,7,calibration,1,Other,0.17017384425689355,0.0196078431372549
network_exposure,6,8,calibration,2,Menard 1,0.18674495245507944,0.144927536231884
network_exposure,6,8,calibration,2,Menard 2,0.16750846044610504,0.1020408163265306
network_exposure,6,8,calibration,2,Sorrel 0,0.19084358378457378,0.1470588235294117
network_exposure,6,8,calibration,2,Sorrel 1,0.21247343248446138,0.3181818181818182
network_exposure,6,8,calibration,2,Sorrel 2,0.1979345283189022,0.2368421052631578
network_exposure,6,8,calibration,2,Other,0.18669343796799928,0.0588235294117647
network_exposure,6,9,calibration,3,Menard 1,0.19201735113815813,0.1884057971014492
network_exposure,6,9,calibration,3,Menard 2,0.18485227839101373,0.1346153846153846
network_exposure,6,9,calibration,3,Sorrel 0,0.19373794399642477,0.1320754716981132
network_exposure,6,9,calibration,3,Sorrel 1,0.20155494904708338,0.4193548387096774
network_exposure,6,9,calibration,3,Sorrel 2,0.19626750641116467,0.4210526315789473
network_exposure,6,9,calibration,3,Other,0.19234242379633995,0.0188679245283018
network_exposure,6,10,calibration,4,Menard 1,0.19406990543182126,0.1194029850746268
network_exposure,6,10,calibration,4,Menard 2,0.19140221551070005,0.1333333333333333
network_exposure,6,10,calibration,4,Sorrel 0,0.19477977541968092,0.08
network_exposure,6,10,calibration,4,Sorrel 1,0.19760776630814703,0.391304347826087
network_exposure,6,10,calibration,4,Sorrel 2,0.19568538315400355,0.2222222222222222
network_exposure,6,10,calibration,4,Other,0.19430144587093054,0.0363636363636363
network_exposure,7,8,calibration,1,Menard 1,0.18413903237291182,0.144927536231884
network_exposure,7,8,calibration,1,Menard 2,0.1588978666464228,0.1020408163265306
network_exposure,7,8,calibration,1,Sorrel 0,0.16319148158987207,0.1470588235294117
network_exposure,7,8,calibration,1,Sorrel 1,0.24996581198715173,0.3181818181818182
network_exposure,7,8,calibration,1,Sorrel 2,0.1982431043558345,0.2368421052631578
network_exposure,7,8,calibration,1,Other,0.1397465323735705,0.0588235294117647
network_exposure,7,9,calibration,2,Menard 1,0.1909896290680784,0.1884057971014492
network_exposure,7,9,calibration,2,Menard 2,0.18145837657411504,0.1346153846153846
network_exposure,7,9,calibration,2,Sorrel 0,0.18435725299633254,0.1320754716981132
network_exposure,7,9,calibration,2,Sorrel 1,0.21506897280698659,0.4193548387096774
network_exposure,7,9,calibration,2,Sorrel 2,0.19618417921875322,0.4210526315789473
network_exposure,7,9,calibration,2,Other,0.17770842921909288,0.0188679245283018
network_exposure,7,10,calibration,3,Menard 1,0.1936677470441878,0.1194029850746268
network_exposure,7,10,calibration,3,Menard 2,0.1900769052894287,0.1333333333333333
network_exposure,7,10,calibration,3,Sorrel 0,0.19161529494972365,0.08
network_exposure,7,10,calibration,3,Sorrel 1,0.20249037448120744,0.391304347826087
network_exposure,7,10,calibration,3,Sorrel 2,0.1955886368427026,0.2222222222222222
network_exposure,7,10,calibration,3,Other,0.18974275415500813,0.0363636363636363
network_exposure,7,11,calibration,4,Menard 1,0.19471230636371067,0.1739130434782608
network_exposure,7,11,calibration,4,Menard 2,0.19336215205123566,0.1333333333333333
network_exposure,7,11,calibration,4,Sorrel 0,0.19409626378511088,0.0980392156862745
network_exposure,7,11,calibration,4,Sorrel 1,0.19794980551187785,0.3555555555555555
network_exposure,7,11,calibration,4,Sorrel 2,0.1954252804145204,0.2352941176470588
network_exposure,7,11,calibration,4,Other,0.1935720544117844,0.1176470588235294
network_exposure,8,9,calibration,1,Menard 1,0.17582044906138075,0.1884057971014492
network_exposure,8,9,calibration,1,Menard 2,0.15979613268032927,0.1346153846153846
network_exposure,8,9,calibration,1,Sorrel 0,0.1787736848211796,0.1320754716981132
network_exposure,8,9,calibration,1,Sorrel 1,0.2396774222490805,0.4193548387096774
network_exposure,8,9,calibration,1,Sorrel 2,0.2105403388413601,0.4210526315789473
network_exposure,8,9,calibration,1,Other,0.15230632496112143,0.0188679245283018
network_exposure,8,10,calibration,2,Menard 1,0.18780403158731152,0.1194029850746268
network_exposure,8,10,calibration,2,Menard 2,0.18183578634215808,0.1333333333333333
network_exposure,8,10,calibration,2,Sorrel 0,0.18970288829976212,0.08
network_exposure,8,10,calibration,2,Sorrel 1,0.21137653760488326,0.391304347826087
network_exposure,8,10,calibration,2,Sorrel 2,0.20093974524109737,0.2222222222222222
network_exposure,8,10,calibration,2,Other,0.18173648926932284,0.0363636363636363
network_exposure,8,11,calibration,3,Menard 1,0.19244702474952144,0.1739130434782608
network_exposure,8,11,calibration,3,Menard 2,0.19023052586040196,0.1333333333333333
network_exposure,8,11,calibration,3,Sorrel 0,0.19344700237594287,0.0980392156862745
network_exposure,8,11,calibration,3,Sorrel 1,0.20116108338957478,0.3555555555555555
network_exposure,8,11,calibration,3,Sorrel 2,0.19742353486016004,0.2352941176470588
network_exposure,8,11,calibration,3,Other,0.19103595636398954,0.1176470588235294
network_exposure,8,12,holdout,4,Menard 1,0.19424426338064502,0.25
network_exposure,8,12,holdout,4,Menard 2,0.19342324365713873,0.1111111111111111
network_exposure,8,12,holdout,4,Sorrel 0,0.19472319790492443,0.0612244897959183
network_exposure,8,12,holdout,4,Sorrel 1,0.19746979864635986,0.3055555555555556
network_exposure,8,12,holdout,4,Sorrel 2,0.19613189319215546,0.1578947368421052
network_exposure,8,12,holdout,4,Other,0.19398750748251406,0.0943396226415094
network_exposure,9,10,calibration,1,Menard 1,0.19272187189749043,0.1194029850746268
network_exposure,9,10,calibration,1,Menard 2,0.1725503021290007,0.1333333333333333
network_exposure,9,10,calibration,1,Sorrel 0,0.1768138571718,0.08
network_exposure,9,10,calibration,1,Sorrel 1,0.27741485415583883,0.391304347826087
network_exposure,9,10,calibration,1,Sorrel 2,0.2806487784906842,0.2222222222222222
network_exposure,9,10,calibration,1,Other,0.1445784881661582,0.0363636363636363
network_exposure,9,11,calibration,2,Menard 1,0.19438277766513173,0.1739130434782608
network_exposure,9,11,calibration,2,Menard 2,0.18685567523996985,0.1333333333333333
network_exposure,9,11,calibration,2,Sorrel 0,0.19029937268046135,0.0980392156862745
network_exposure,9,11,calibration,2,Sorrel 1,0.2255107794569358,0.3555555555555555
network_exposure,9,11,calibration,2,Sorrel 2,0.22765466843487558,0.2352941176470588
network_exposure,9,11,calibration,2,Other,0.1811921461510979,0.1176470588235294
network_exposure,9,12,holdout,3,Menard 1,0.19501052878526817,0.25
network_exposure,9,12,holdout,3,Menard 2,0.19221421191481539,0.1111111111111111
network_exposure,9,12,holdout,3,Sorrel 0,0.19415441379753706,0.0612244897959183
network_exposure,9,12,holdout,3,Sorrel 1,0.20647520645679263,0.3055555555555556
network_exposure,9,12,holdout,3,Sorrel 2,0.20761430623775842,0.1578947368421052
network_exposure,9,12,holdout,3,Other,0.19160141501602945,0.0943396226415094
network_exposure,9,13,holdout,4,Menard 1,0.1952440676717143,0.1875
network_exposure,9,13,holdout,4,Menard 2,0.1942094585688826,0.1320754716981132
network_exposure,9,13,holdout,4,Sorrel 0,0.19516411841254713,0.0681818181818181
network_exposure,9,13,holdout,4,Sorrel 1,0.19947481637204512,0.2285714285714285
network_exposure,9,13,holdout,4,Sorrel 2,0.2000230528912981,0.1785714285714285
network_exposure,9,13,holdout,4,Other,0.1944534181801064,0.0
network_exposure,10,11,calibration,1,Menard 1,0.16612895202435302,0.1739130434782608
network_exposure,10,11,calibration,1,Menard 2,0.17127794784779338,0.1333333333333333
network_exposure,10,11,calibration,1,Sorrel 0,0.15682401691998915,0.0980392156862745
network_exposure,10,11,calibration,1,Sorrel 1,0.2662032570913535,0.3555555555555555
network_exposure,10,11,calibration,1,Sorrel 2,0.2048147255786288,0.2352941176470588
network_exposure,10,11,calibration,1,Other,0.1453995140652111,0.1176470588235294
network_exposure,10,12,holdout,2,Menard 1,0.18412555237698364,0.25
network_exposure,10,12,holdout,2,Menard 2,0.1860576610448048,0.1111111111111111
network_exposure,10,12,holdout,2,Sorrel 0,0.1825623825485579,0.0612244897959183
network_exposure,10,12,holdout,2,Sorrel 1,0.22101783119394608,0.3055555555555556
network_exposure,10,12,holdout,2,Sorrel 2,0.19871376322587908,0.1578947368421052
network_exposure,10,12,holdout,2,Other,0.1796508828344819,0.0943396226415094
network_exposure,10,13,holdout,3,Menard 1,0.19105124974924614,0.1875
network_exposure,10,13,holdout,3,Menard 2,0.19178601943936366,0.1320754716981132
network_exposure,10,13,holdout,3,Sorrel 0,0.1911412357975727,0.0681818181818181
network_exposure,10,13,holdout,3,Sorrel 1,0.2046719604315517,0.2285714285714285
network_exposure,10,13,holdout,3,Sorrel 2,0.196563404244753,0.1785714285714285
network_exposure,10,13,holdout,3,Other,0.19042203064548346,0.0
network_exposure,10,14,holdout,4,Menard 2,0.19399741654966815,0.1632653061224489
network_exposure,10,14,holdout,4,Sorrel 0,0.19398534273197102,0.073170731707317
network_exposure,10,14,holdout,4,Sorrel 1,0.1987505779122008,0.2258064516129032
network_exposure,10,14,holdout,4,Sorrel 2,0.1958012529234197,0.1290322580645161
network_exposure,10,14,holdout,4,Other,0.19381344116589916,0.0294117647058823
network_exposure,11,12,holdout,1,Menard 1,0.18711408402406943,0.25
network_exposure,11,12,holdout,1,Menard 2,0.1717751054832829,0.1111111111111111
network_exposure,11,12,holdout,1,Sorrel 0,0.1635182680778427,0.0612244897959183
network_exposure,11,12,holdout,1,Sorrel 1,0.2536503210083956,0.3055555555555556
network_exposure,11,12,holdout,1,Sorrel 2,0.21004090731078723,0.1578947368421052
network_exposure,11,12,holdout,1,Other,0.17140515890912683,0.0943396226415094
network_exposure,11,13,holdout,2,Menard 1,0.1922015343175612,0.1875
network_exposure,11,13,holdout,2,Menard 2,0.18642357696427175,0.1320754716981132
network_exposure,11,13,holdout,2,Sorrel 0,0.18503259269349956,0.0681818181818181
network_exposure,11,13,holdout,2,Sorrel 1,0.21661347972856373,0.2285714285714285
network_exposure,11,13,holdout,2,Sorrel 2,0.20078714102743686,0.1785714285714285
network_exposure,11,13,holdout,2,Other,0.18804037496493828,0.0
network_exposure,11,14,holdout,3,Menard 2,0.19198869783706424,0.1632653061224489
network_exposure,11,14,holdout,3,Sorrel 0,0.19205022162847754,0.073170731707317
network_exposure,11,14,holdout,3,Sorrel 1,0.20312881469074417,0.2258064516129032
network_exposure,11,14,holdout,3,Sorrel 2,0.19738118998187715,0.1290322580645161
network_exposure,11,14,holdout,3,Other,0.1931549264664351,0.0294117647058823
network_exposure,11,15,holdout,4,Menard 2,0.19409752118660323,0.1555555555555555
network_exposure,11,15,holdout,4,Sorrel 0,0.19431967702078398,0.1034482758620689
network_exposure,11,15,holdout,4,Sorrel 2,0.19612237829826454,0.1111111111111111
network_exposure,11,15,holdout,4,Other,0.19471369670321365,0.0909090909090909
network_exposure,12,13,holdout,1,Menard 1,0.2161594297696553,0.1875
network_exposure,12,13,holdout,1,Menard 2,0.16342244279722168,0.1320754716981132
network_exposure,12,13,holdout,1,Sorrel 0,0.14947233997692946,0.0681818181818181
network_exposure,12,13,holdout,1,Sorrel 1,0.23501275126512522,0.2285714285714285
network_exposure,12,13,holdout,1,Sorrel 2,0.18032896599486087,0.1785714285714285
network_exposure,12,13,holdout,1,Other,0.16254463399650923,0.0
network_exposure,12,14,holdout,2,Menard 2,0.18328474443160397,0.1632653061224489
network_exposure,12,14,holdout,2,Sorrel 0,0.17968098132619154,0.073170731707317
network_exposure,12,14,holdout,2,Sorrel 1,0.20966592348744248,0.2258064516129032
network_exposure,12,14,holdout,2,Sorrel 2,0.18938275617012684,0.1290322580645161
network_exposure,12,14,holdout,2,Other,0.18467803101934116,0.0294117647058823
network_exposure,12,15,holdout,3,Menard 2,0.1908094628943279,0.1555555555555555
network_exposure,12,15,holdout,3,Sorrel 0,0.19001373024079324,0.1034482758620689
network_exposure,12,15,holdout,3,Sorrel 2,0.19300438451014537,0.1111111111111111
network_exposure,12,15,holdout,3,Other,0.19188099617268256,0.0909090909090909
network_exposure,12,16,holdout,4,Sorrel 0,0.1935455796911045,0.0769230769230769
network_exposure,12,16,holdout,4,Sorrel 2,0.1944428593171972,0.1785714285714285
network_exposure,12,16,holdout,4,Other,0.1942316902195648,0.0666666666666666
network_exposure,13,14,holdout,1,Menard 2,0.1706629531587697,0.1632653061224489
network_exposure,13,14,holdout,1,Sorrel 0,0.14980854844992728,0.073170731707317
network_exposure,13,14,holdout,1,Sorrel 1,0.20588314980849884,0.2258064516129032
network_exposure,13,14,holdout,1,Sorrel 2,0.1879322082086152,0.1290322580645161
network_exposure,13,14,holdout,1,Other,0.1314502949701892,0.0294117647058823
network_exposure,13,15,holdout,2,Menard 2,0.18576642601567933,0.1555555555555555
network_exposure,13,15,holdout,2,Sorrel 0,0.1790505924460433,0.1034482758620689
network_exposure,13,15,holdout,2,Sorrel 2,0.19217808939274686,0.1111111111111111
network_exposure,13,15,holdout,2,Other,0.17428637110072975,0.0909090909090909
network_exposure,13,16,holdout,3,Sorrel 0,0.18952345094878517,0.0769230769230769
network_exposure,13,16,holdout,3,Sorrel 2,0.1940313495827961,0.1785714285714285
network_exposure,13,16,holdout,3,Other,0.18835613752127534,0.0666666666666666
network_exposure,14,15,holdout,1,Menard 2,0.18239314473389787,0.1555555555555555
network_exposure,14,15,holdout,1,Sorrel 0,0.1516462360826439,0.1034482758620689
network_exposure,14,15,holdout,1,Sorrel 2,0.16923905914834475,0.1111111111111111
network_exposure,14,15,holdout,1,Other,0.1405913783447495,0.0909090909090909
network_exposure,14,16,holdout,2,Sorrel 0,0.1797142212454071,0.0769230769230769
network_exposure,14,16,holdout,2,Sorrel 2,0.1851193021496073,0.1785714285714285
network_exposure,14,16,holdout,2,Other,0.17712786675764988,0.0666666666666666
network_exposure,15,16,holdout,1,Sorrel 0,0.16222765822020324,0.0769230769230769
network_exposure,15,16,holdout,1,Sorrel 2,0.16265999325352362,0.1785714285714285
network_exposure,15,16,holdout,1,Other,0.1598659856081993,0.0666666666666666
ward_sis,0,1,calibration,1,Menard 1,0.19513355058374038,0.0980392156862745
ward_sis,0,1,calibration,1,Menard 2,0.3506986763653645,0.2203389830508474
ward_sis,0,1,calibration,1,Sorrel 0,0.059262118483494976,0.2244897959183673
ward_sis,0,1,calibration,1,Sorrel 1,0.3806567205196787,0.3076923076923077
ward_sis,0,1,calibration,1,Sorrel 2,0.00643374507821704,0.175
ward_sis,0,1,calibration,1,Other,0.08533516184198137,0.0392156862745098
ward_sis,0,2,calibration,2,Menard 1,0.19669517080855484,0.1842105263157894
ward_sis,0,2,calibration,2,Menard 2,0.30582038540832945,0.1785714285714285
ward_sis,0,2,calibration,2,Sorrel 1,0.32024966363658897,0.45
ward_sis,0,2,calibration,2,Sorrel 2,0.014052093013180937,0.25
ward_sis,0,3,calibration,3,Menard 1,0.1976005752008872,0.1269841269841269
ward_sis,0,3,calibration,3,Menard 2,0.27678022200638075,0.125
ward_sis,0,3,calibration,3,Sorrel 0,0.13002659012583528,0.173076923076923
ward_sis,0,3,calibration,3,Sorrel 1,0.2837812897800861,0.25
ward_sis,0,3,calibration,3,Sorrel 2,0.022717604604851147,0.1714285714285714
ward_sis,0,3,calibration,3,Other,0.15932375614385363,0.0392156862745098
ward_sis,0,4,calibration,4,Menard 1,0.19810247770037587,0.1692307692307692
ward_sis,0,4,calibration,4,Menard 2,0.25672898651704995,0.2692307692307692
ward_sis,0,4,calibration,4,Sorrel 0,0.15024617374937788,0.2083333333333333
ward_sis,0,4,calibration,4,Sorrel 1,0.2598435971318307,0.3953488372093023
ward_sis,0,4,calibration,4,Sorrel 2,0.032221122879460405,0.15
ward_sis,0,4,calibration,4,Other,0.17363223562598057,0.12
ward_sis,1,2,calibration,1,Menard 1,0.10709479658131132,0.1842105263157894
ward_sis,1,2,calibration,1,Menard 2,0.2132006537892175,0.1785714285714285
ward_sis,1,2,calibration,1,Sorrel 1,0.2752642171693385,0.45
ward_sis,1,2,calibration,1,Sorrel 2,0.1775258968476109,0.25
ward_sis,1,3,calibration,2,Menard 1,0.11582902318602357,0.1269841269841269
ward_sis,1,3,calibration,2,Menard 2,0.20798791623662016,0.125
ward_sis,1,3,calibration,2,Sorrel 0,0.20948345638948948,0.173076923076923
ward_sis,1,3,calibration,2,Sorrel 1,0.2535346121884182,0.25
ward_sis,1,3,calibration,2,Sorrel 2,0.1800159972183954,0.1714285714285714
ward_sis,1,3,calibration,2,Other,0.1398323370927772,0.0392156862745098
ward_sis,1,4,calibration,3,Menard 1,0.12414415095969712,0.1692307692307692
ward_sis,1,4,calibration,3,Menard 2,0.20413853678924906,0.2692307692307692
ward_sis,1,4,calibration,3,Sorrel 0,0.2053873365011824,0.2083333333333333
ward_sis,1,4,calibration,3,Sorrel 1,0.238314534480585,0.3953488372093023
ward_sis,1,4,calibration,3,Sorrel 2,0.1823274053543047,0.15
ward_sis,1,4,calibration,3,Other,0.16238566636280766,0.12
ward_sis,1,5,calibration,4,Menard 1,0.13195916175184896,0.1940298507462686
ward_sis,1,5,calibration,4,Menard 2,0.20126701234369948,0.3220338983050847
ward_sis,1,5,calibration,4,Sorrel 0,0.20248449526686577,0.2909090909090909
ward_sis,1,5,calibration,4,Sorrel 1,0.227322271869674,0.4
ward_sis,1,5,calibration,4,Sorrel 2,0.18438499840020303,0.2045454545454545
ward_sis,1,5,calibration,4,Other,0.17524855484169485,0.1296296296296296
ward_sis,2,3,calibration,1,Menard 1,0.18673396647880208,0.1269841269841269
ward_sis,2,3,calibration,1,Menard 2,0.18193759758089306,0.125
ward_sis,2,3,calibration,1,Sorrel 0,0.2226284151700613,0.173076923076923
ward_sis,2,3,calibration,1,Sorrel 1,0.3598304823296033,0.25
ward_sis,2,3,calibration,1,Sorrel 2,0.23870192686150776,0.1714285714285714
ward_sis,2,3,calibration,1,Other,0.11670149295053293,0.0392156862745098
ward_sis,2,4,calibration,2,Menard 1,0.1887042725805897,0.1692307692307692
ward_sis,2,4,calibration,2,Menard 2,0.18497631548249327,0.2692307692307692
ward_sis,2,4,calibration,2,Sorrel 0,0.22157453123629306,0.2083333333333333
ward_sis,2,4,calibration,2,Sorrel 1,0.31069036453496257,0.3953488372093023
ward_sis,2,4,calibration,2,Sorrel 2,0.23044407204613537,0.15
ward_sis,2,4,calibration,2,Other,0.16158984160426645,0.12
ward_sis,2,5,calibration,3,Menard 1,0.1902914749377958,0.1940298507462686
ward_sis,2,5,calibration,3,Menard 2,0.18760862409349,0.3220338983050847
ward_sis,2,5,calibration,3,Sorrel 0,0.2193820666756964,0.2909090909090909
ward_sis,2,5,calibration,3,Sorrel 1,0.2799635188162709,0.4
ward_sis,2,5,calibration,3,Sorrel 2,0.2242147040628873,0.2045454545454545
ward_sis,2,5,calibration,3,Other,0.18530976137815383,0.1296296296296296
ward_sis,2,6,calibration,4,Menard 1,0.19156928735443246,0.1384615384615384
ward_sis,2,6,calibration,4,Sorrel 0,0.2168501173820203,0.16
ward_sis,2,6,calibration,4,Sorrel 1,0.25926326001241584,0.3260869565217391
ward_sis,2,6,calibration,4,Sorrel 2,0.21937697098129907,0.2162162162162162
ward_sis,3,4,calibration,1,Menard 1,0.1334161705857807,0.1692307692307692
ward_sis,3,4,calibration,1,Menard 2,0.13179720768140382,0.2692307692307692
ward_sis,3,4,calibration,1,Sorrel 0,0.17336526231004218,0.2083333333333333
ward_sis,3,4,calibration,1,Sorrel 1,0.23309125435500527,0.3953488372093023
ward_sis,3,4,calibration,1,Sorrel 2,0.1728445201844617,0.15
ward_sis,3,4,calibration,1,Other,0.08810906291152969,0.12
ward_sis,3,5,calibration,2,Menard 1,0.13957667124136253,0.1940298507462686
ward_sis,3,5,calibration,2,Menard 2,0.13846904708353067,0.3220338983050847
ward_sis,3,5,calibration,2,Sorrel 0,0.17456226162935484,0.2909090909090909
ward_sis,3,5,calibration,2,Sorrel 1,0.22120146185076162,0.4
ward_sis,3,5,calibration,2,Sorrel 2,0.17454648024570568,0.2045454545454545
ward_sis,3,5,calibration,2,Other,0.12098089543611037,0.1296296296296296
ward_sis,3,6,calibration,3,Menard 1,0.1453976326920299,0.1384615384615384
ward_sis,3,6,calibration,3,Sorrel 0,0.17618901331579442,0.16
ward_sis,3,6,calibration,3,Sorrel 1,0.2127100001128672,0.3260869565217391
ward_sis,3,6,calibration,3,Sorrel 2,0.17636506940228144,0.2162162162162162
ward_sis,3,7,calibration,4,Menard 1,0.15083080959930217,0.1666666666666666
ward_sis,3,7,calibration,4,Menard 2,0.1507913222025542,0.1
ward_sis,3,7,calibration,4,Sorrel 0,0.17794122913071575,0.1016949152542373
ward_sis,3,7,calibration,4,Sorrel 1,0.20658788443404077,0.3469387755102041
ward_sis,3,7,calibration,4,Sorrel 2,0.17818513109115114,0.2051282051282051
ward_sis,3,7,calibration,4,Other,0.1565767923805254,0.0196078431372549
ward_sis,4,5,calibration,1,Menard 1,0.17435026550692112,0.1940298507462686
ward_sis,4,5,calibration,1,Menard 2,0.25248567337014727,0.3220338983050847
ward_sis,4,5,calibration,1,Sorrel 0,0.2144373405529728,0.2909090909090909
ward_sis,4,5,calibration,1,Sorrel 1,0.3313832775472042,0.4
ward_sis,4,5,calibration,1,Sorrel 2,0.1569745629780774,0.2045454545454545
ward_sis,4,5,calibration,1,Other,0.16592916102686844,0.1296296296296296
ward_sis,4,6,calibration,2,Menard 1,0.17851377975777963,0.1384615384615384
ward_sis,4,6,calibration,2,Sorrel 0,0.21599765921361275,0.16
ward_sis,4,6,calibration,2,Sorrel 1,0.29342202156310726,0.3260869565217391
ward_sis,4,6,calibration,2,Sorrel 2,0.16333035892774564,0.2162162162162162
ward_sis,4,7,calibration,3,Menard 1,0.18191026361163695,0.1666666666666666
ward_sis,4,7,calibration,3,Menard 2,0.2312718537045143,0.1
ward_sis,4,7,calibration,3,Sorrel 0,0.2154208264784417,0.1016949152542373
ward_sis,4,7,calibration,3,Sorrel 1,0.26858401831633183,0.3469387755102041
ward_sis,4,7,calibration,3,Sorrel 2,0.16892861374383378,0.2051282051282051
ward_sis,4,7,calibration,3,Other,0.20001504436448936,0.0196078431372549
ward_sis,4,8,calibration,4,Menard 1,0.18467338002774136,0.144927536231884
ward_sis,4,8,calibration,4,Menard 2,0.22433229184477435,0.1020408163265306
ward_sis,4,8,calibration,4,Sorrel 0,0.21384861577321793,0.1470588235294117
ward_sis,4,8,calibration,4,Sorrel 1,0.25134777360612653,0.3181818181818182
ward_sis,4,8,calibration,4,Sorrel 2,0.17374229285893894,0.2368421052631578
ward_sis,4,8,calibration,4,Other,0.20450418328652886,0.0588235294117647
ward_sis,5,6,calibration,1,Menard 1,0.1964789283448128,0.1384615384615384
ward_sis,5,6,calibration,1,Sorrel 0,0.2706828672401413,0.16
ward_sis,5,6,calibration,1,Sorrel 1,0.33641362527266616,0.3260869565217391
ward_sis,5,6,calibration,1,Sorrel 2,0.2052537649202911,0.2162162162162162
ward_sis,5,7,calibration,2,Menard 1,0.19809074441697871,0.1666666666666666
ward_sis,5,7,calibration,2,Menard 2,0.26936468206591646,0.1
ward_sis,5,7,calibration,2,Sorrel 0,0.2558240219012393,0.1016949152542373
ward_sis,5,7,calibration,2,Sorrel 1,0.2987091183025187,0.3469387755102041
ward_sis,5,7,calibration,2,Sorrel 2,0.20564398378414533,0.2051282051282051
ward_sis,5,7,calibration,2,Other,0.2097050278991277,0.0196078431372549
ward_sis,5,8,calibration,3,Menard 1,0.19911788575299888,0.144927536231884
ward_sis,5,8,calibration,3,Menard 2,0.2540302280449851,0.1020408163265306
ward_sis,5,8,calibration,3,Sorrel 0,0.2446338158147224,0.1470588235294117
ward_sis,5,8,calibration,3,Sorrel 1,0.27392669759123944,0.3181818181818182
ward_sis,5,8,calibration,3,Sorrel 2,0.205718575072855,0.2368421052631578
ward_sis,5,8,calibration,3,Other,0.21901570850153634,0.0588235294117647
ward_sis,5,9,calibration,4,Menard 1,0.19972395178386856,0.1884057971014492
ward_sis,5,9,calibration,4,Menard 2,0.24259682101283955,0.1346153846153846
ward_sis,5,9,calibration,4,Sorrel 0,0.23595526467392927,0.1320754716981132
ward_sis,5,9,calibration,4,Sorrel 1,0.25658694705789387,0.4193548387096774
ward_sis,5,9,calibration,4,Sorrel 2,0.2055269352261233,0.4210526315789473
ward_sis,5,9,calibration,4,Other,0.2210836355486427,0.0188679245283018
ward_sis,6,7,calibration,1,Menard 1,0.14387014384822894,0.1666666666666666
ward_sis,6,7,calibration,1,Menard 2,0.010733042129570696,0.1
ward_sis,6,7,calibration,1,Sorrel 0,0.16826794060677322,0.1016949152542373
ward_sis,6,7,calibration,1,Sorrel 1,0.2862399589449636,0.3469387755102041
ward_sis,6,7,calibration,1,Sorrel 2,0.21034925762764642,0.2051282051282051
ward_sis,6,7,calibration,1,Other,0.1420275149582083,0.0196078431372549
ward_sis,6,8,calibration,2,Menard 1,0.14878548102854278,0.144927536231884
ward_sis,6,8,calibration,2,Menard 2,0.022156078652631486,0.1020408163265306
ward_sis,6,8,calibration,2,Sorrel 0,0.17287011487328702,0.1470588235294117
ward_sis,6,8,calibration,2,Sorrel 1,0.25991093647060504,0.3181818181818182
ward_sis,6,8,calibration,2,Sorrel 2,0.20581506234648966,0.2368421052631578
ward_sis,6,8,calibration,2,Other,0.15378619785966588,0.0588235294117647
ward_sis,6,9,calibration,3,Menard 1,0.15325945592001472,0.1884057971014492
ward_sis,6,9,calibration,3,Menard 2,0.03409321095489552,0.1346153846153846
ward_sis,6,9,calibration,3,Sorrel 0,0.17536184670141902,0.1320754716981132
ward_sis,6,9,calibration,3,Sorrel 1,0.24153084521712803,0.4193548387096774
ward_sis,6,9,calibration,3,Sorrel 2,0.20226061879523927,0.4210526315789473
ward_sis,6,9,calibration,3,Other,0.16045789242181002,0.0188679245283018
ward_sis,6,10,calibration,4,Menard 1,0.15733144202782784,0.1194029850746268
ward_sis,6,10,calibration,4,Menard 2,0.046361778832055583,0.1333333333333333
ward_sis,6,10,calibration,4,Sorrel 0,0.17667137677770134,0.08
ward_sis,6,10,calibration,4,Sorrel 1,0.22824290396653493,0.391304347826087
ward_sis,6,10,calibration,4,Sorrel 2,0.19945060175221474,0.2222222222222222
ward_sis,6,10,calibration,4,Other,0.16436031776212084,0.0363636363636363
ward_sis,7,8,calibration,1,Menard 1,0.16975333982506774,0.144927536231884
ward_sis,7,8,calibration,1,Menard 2,0.10930723497145264,0.1020408163265306
ward_sis,7,8,calibration,1,Sorrel 0,0.12573858396797402,0.1470588235294117
ward_sis,7,8,calibration,1,Sorrel 1,0.29830205095092804,0.3181818181818182
ward_sis,7,8,calibration,1,Sorrel 2,0.20046084726450775,0.2368421052631578
ward_sis,7,8,calibration,1,Other,0.07905809263667246,0.0588235294117647
ward_sis,7,9,calibration,2,Menard 1,0.1725583141887799,0.1884057971014492
ward_sis,7,9,calibration,2,Menard 2,0.11860532337576986,0.1346153846153846
ward_sis,7,9,calibration,2,Sorrel 0,0.14356520825665428,0.1320754716981132
ward_sis,7,9,calibration,2,Sorrel 1,0.26764185488458103,0.4193548387096774
ward_sis,7,9,calibration,2,Sorrel 2,0.19735603768159746,0.4210526315789473
ward_sis,7,9,calibration,2,Other,0.11839454981178746,0.0188679245283018
ward_sis,7,10,calibration,3,Menard 1,0.17511691235299656,0.1194029850746268
ward_sis,7,10,calibration,3,Menard 2,0.1276158381808573,0.1333333333333333
ward_sis,7,10,calibration,3,Sorrel 0,0.1567497852849302,0.08
ward_sis,7,10,calibration,3,Sorrel 1,0.24710020332894408,0.391304347826087
ward_sis,7,10,calibration,3,Sorrel 2,0.1953317593377302,0.2222222222222222
ward_sis,7,10,calibration,3,Other,0.1437528075805559,0.0363636363636363
ward_sis,7,11,calibration,4,Menard 1,0.17744109652145057,0.1739130434782608
ward_sis,7,11,calibration,4,Menard 2,0.13612021972547067,0.1333333333333333
ward_sis,7,11,calibration,4,Sorrel 0,0.16641916546972063,0.0980392156862745
ward_sis,7,11,calibration,4,Sorrel 1,0.2328139850833106,0.3555555555555555
ward_sis,7,11,calibration,4,Sorrel 2,0.19404616181608597,0.2352941176470588
ward_sis,7,11,calibration,4,Other,0.1598794082889104,0.1176470588235294
ward_sis,8,9,calibration,1,Menard 1,0.15031205523215235,0.1884057971014492
ward_sis,8,9,calibration,1,Menard 2,0.11174942979206764,0.1346153846153846
ward_sis,8,9,calibration,1,Sorrel 0,0.16048520108492015,0.1320754716981132
ward_sis,8,9,calibration,1,Sorrel 1,0.2808998998220468,0.4193548387096774
ward_sis,8,9,calibration,1,Sorrel 2,0.22681657434982258,0.4210526315789473
ward_sis,8,9,calibration,1,Other,0.10748196071438712,0.0188679245283018
ward_sis,8,10,calibration,2,Menard 1,0.15529375705991627,0.1194029850746268
ward_sis,8,10,calibration,2,Menard 2,0.12123621933631377,0.1333333333333333
ward_sis,8,10,calibration,2,Sorrel 0,0.16987523517075773,0.08
ward_sis,8,10,calibration,2,Sorrel 1,0.2564506288262543,0.391304347826087
ward_sis,8,10,calibration,2,Sorrel 2,0.2194391650763261,0.2222222222222222
ward_sis,8,10,calibration,2,Other,0.13836089075050093,0.0363636363636363
ward_sis,8,11,calibration,3,Menard 1,0.15987001164436893,0.1739130434782608
ward_sis,8,11,calibration,3,Menard 2,0.1302552180513882,0.1333333333333333
ward_sis,8,11,calibration,3,Sorrel 0,0.1764549095385673,0.0980392156862745
ward_sis,8,11,calibration,3,Sorrel 1,0.23963130531533622,0.3555555555555555
ward_sis,8,11,calibration,3,Sorrel 2,0.2139159248307949,0.2352941176470588
ward_sis,8,11,calibration,3,Other,0.1574987038090698,0.1176470588235294
ward_sis,8,12,holdout,4,Menard 1,0.1640396063474031,0.25
ward_sis,8,12,holdout,4,Menard 2,0.13863544719952942,0.1111111111111111
ward_sis,8,12,holdout,4,Sorrel 0,0.1810499114676613,0.0612244897959183
ward_sis,8,12,holdout,4,Sorrel 1,0.22769293050650455,0.3055555555555556
ward_sis,8,12,holdout,4,Sorrel 2,0.20971869548013414,0.1578947368421052
ward_sis,8,12,holdout,4,Other,0.16924573384880628,0.0943396226415094
ward_sis,9,10,calibration,1,Menard 1,0.1895577057803311,0.1194029850746268
ward_sis,9,10,calibration,1,Menard 2,0.14352118739418868,0.1333333333333333
ward_sis,9,10,calibration,1,Sorrel 0,0.16172048917693643,0.08
ward_sis,9,10,calibration,1,Sorrel 1,0.3422925070414675,0.391304347826087
ward_sis,9,10,calibration,1,Sorrel 2,0.35002294472083945,0.2222222222222222
ward_sis,9,10,calibration,1,Other,0.10098749965927388,0.0363636363636363
ward_sis,9,11,calibration,2,Menard 1,0.19052825984691046,0.1739130434782608
ward_sis,9,11,calibration,2,Menard 2,0.15171972948484092,0.1333333333333333
ward_sis,9,11,calibration,2,Sorrel 0,0.1796712870095653,0.0980392156862745
ward_sis,9,11,calibration,2,Sorrel 1,0.29850244866722886,0.3555555555555555
ward_sis,9,11,calibration,2,Sorrel 2,0.3083867513815159,0.2352941176470588
ward_sis,9,11,calibration,2,Other,0.14866210221617052,0.1176470588235294
ward_sis,9,12,holdout,3,Menard 1,0.19137996869826884,0.25
ward_sis,9,12,holdout,3,Menard 2,0.1590936495403042,0.1111111111111111
ward_sis,9,12,holdout,3,Sorrel 0,0.19051798155895977,0.0612244897959183
ward_sis,9,12,holdout,3,Sorrel 1,0.27071047385725927,0.3055555555555556
ward_sis,9,12,holdout,3,Sorrel 2,0.28112238287111724,0.1578947368421052
ward_sis,9,12,holdout,3,Other,0.17515368700603412,0.0943396226415094
ward_sis,9,13,holdout,4,Menard 1,0.1921213684780067,0.1875
ward_sis,9,13,holdout,4,Menard 2,0.16555801791465502,0.1320754716981132
ward_sis,9,13,holdout,4,Sorrel 0,0.19684502341091165,0.0681818181818181
ward_sis,9,13,holdout,4,Sorrel 1,0.25191756701403545,0.2285714285714285
ward_sis,9,13,holdout,4,Sorrel 2,0.26208234700518485,0.1785714285714285
ward_sis,9,13,holdout,4,Other,0.18923179414229785,0.0
ward_sis,10,11,calibration,1,Menard 1,0.12701261281732096,0.1739130434782608
ward_sis,10,11,calibration,1,Menard 2,0.1392806226080088,0.1333333333333333
ward_sis,10,11,calibration,1,Sorrel 0,0.11295531919535935,0.0980392156862745
ward_sis,10,11,calibration,1,Sorrel 1,0.3244373332524596,0.3555555555555555
ward_sis,10,11,calibration,1,Sorrel 2,0.21463359387211411,0.2352941176470588
ward_sis,10,11,calibration,1,Other,0.09258593539727523,0.1176470588235294
ward_sis,10,12,holdout,2,Menard 1,0.13412234244340326,0.25
ward_sis,10,12,holdout,2,Menard 2,0.1452200908045089,0.1111111111111111
ward_sis,10,12,holdout,2,Sorrel 0,0.13660511931662672,0.0612244897959183
ward_sis,10,12,holdout,2,Sorrel 1,0.2846255843432122,0.3055555555555556
ward_sis,10,12,holdout,2,Sorrel 2,0.20924429004668693,0.1578947368421052
ward_sis,10,12,holdout,2,Other,0.12830152820929167,0.0943396226415094
ward_sis,10,13,holdout,3,Menard 1,0.14075771480267826,0.1875
ward_sis,10,13,holdout,3,Menard 2,0.1509653443011869,0.1320754716981132
ward_sis,10,13,holdout,3,Sorrel 0,0.15351360288707291,0.0681818181818181
ward_sis,10,13,holdout,3,Sorrel 1,0.25873180711483557,0.2285714285714285
ward_sis,10,13,holdout,3,Sorrel 2,0.20538615830234613,0.1785714285714285
ward_sis,10,13,holdout,3,Other,0.15069098428049563,0.0
ward_sis,10,14,holdout,4,Menard 2,0.15636871206002245,0.1632653061224489
ward_sis,10,14,holdout,4,Sorrel 0,0.16545894369749164,0.073170731707317
ward_sis,10,14,holdout,4,Sorrel 1,0.2410245852479902,0.2258064516129032
ward_sis,10,14,holdout,4,Sorrel 2,0.20259799092225042,0.1290322580645161
ward_sis,10,14,holdout,4,Other,0.1646415745087168,0.0294117647058823
ward_sis,11,12,holdout,1,Menard 1,0.17685392186289495,0.25
ward_sis,11,12,holdout,1,Menard 2,0.14122789913947034,0.1111111111111111
ward_sis,11,12,holdout,1,Sorrel 0,0.12930604471478396,0.0612244897959183
ward_sis,11,12,holdout,1,Sorrel 1,0.3050985316037392,0.3055555555555556
ward_sis,11,12,holdout,1,Sorrel 2,0.22590954719165363,0.1578947368421052
ward_sis,11,12,holdout,1,Other,0.1490783309888674,0.0943396226415094
ward_sis,11,13,holdout,2,Menard 1,0.17938196649500276,0.1875
ward_sis,11,13,holdout,2,Menard 2,0.14861518915552455,0.1320754716981132
ward_sis,11,13,holdout,2,Sorrel 0,0.15121711278681504,0.0681818181818181
ward_sis,11,13,holdout,2,Sorrel 1,0.2735904221157099,0.2285714285714285
ward_sis,11,13,holdout,2,Sorrel 2,0.2190319872247905,0.1785714285714285
ward_sis,11,13,holdout,2,Other,0.16758376711758155,0.0
ward_sis,11,14,holdout,3,Menard 2,0.15536663588826377,0.1632653061224489
ward_sis,11,14,holdout,3,Sorrel 0,0.166309559781798,0.073170731707317
ward_sis,11,14,holdout,3,Sorrel 1,0.252542160340211,0.2258064516129032
ward_sis,11,14,holdout,3,Sorrel 2,0.2139065987311662,0.1290322580645161
ward_sis,11,14,holdout,3,Other,0.1784863255619782,0.0294117647058823
ward_sis,11,15,holdout,4,Menard 2,0.1614122078732515,0.1555555555555555
ward_sis,11,15,holdout,4,Sorrel 0,0.17651903544000502,0.1034482758620689
ward_sis,11,15,holdout,4,Sorrel 2,0.21002859959038978,0.1111111111111111
ward_sis,11,15,holdout,4,Other,0.1849308563931047,0.0909090909090909
ward_sis,12,13,holdout,1,Menard 1,0.23911168155991958,0.1875
ward_sis,12,13,holdout,1,Menard 2,0.12104255878246878,0.1320754716981132
ward_sis,12,13,holdout,1,Sorrel 0,0.09390000962692167,0.0681818181818181
ward_sis,12,13,holdout,1,Sorrel 1,0.2725203101725898,0.2285714285714285
ward_sis,12,13,holdout,1,Sorrel 2,0.16025583430843998,0.1785714285714285
ward_sis,12,13,holdout,1,Other,0.1276181965933033,0.0
ward_sis,12,14,holdout,2,Menard 2,0.13046216405765615,0.1632653061224489
ward_sis,12,14,holdout,2,Sorrel 0,0.11948528521768315,0.073170731707317
ward_sis,12,14,holdout,2,Sorrel 1,0.2505913286410172,0.2258064516129032
ward_sis,12,14,holdout,2,Sorrel 2,0.16305069592065974,0.1290322580645161
ward_sis,12,14,holdout,2,Other,0.14910604780048128,0.0294117647058823
ward_sis,12,15,holdout,3,Menard 2,0.13921199454350291,0.1555555555555555
ward_sis,12,15,holdout,3,Sorrel 0,0.13905308219481938,0.1034482758620689
ward_sis,12,15,holdout,3,Sorrel 2,0.16604468791628862,0.1111111111111111
ward_sis,12,15,holdout,3,Other,0.16301949983301356,0.0909090909090909
ward_sis,12,16,holdout,4,Sorrel 0,0.15372074166168465,0.0769230769230769
ward_sis,12,16,holdout,4,Sorrel 2,0.16906712563367174,0.1785714285714285
ward_sis,12,16,holdout,4,Other,0.17213726689195308,0.0666666666666666
ward_sis,13,14,holdout,1,Menard 2,0.13759354415728992,0.1632653061224489
ward_sis,13,14,holdout,1,Sorrel 0,0.09096064236189964,0.073170731707317
ward_sis,13,14,holdout,1,Sorrel 1,0.21501613741391018,0.2258064516129032
ward_sis,13,14,holdout,1,Sorrel 2,0.17731317026594345,0.1290322580645161
ward_sis,13,14,holdout,1,Other,0.05531892759318955,0.0294117647058823
ward_sis,13,15,holdout,2,Menard 2,0.1432800836378385,0.1555555555555555
ward_sis,13,15,holdout,2,Sorrel 0,0.1107740940050794,0.1034482758620689
ward_sis,13,15,holdout,2,Sorrel 2,0.17705038967386516,0.1111111111111111
ward_sis,13,15,holdout,2,Other,0.0954079736120459,0.0909090909090909
ward_sis,13,16,holdout,3,Sorrel 0,0.12751309638799535,0.0769230769230769
ward_sis,13,16,holdout,3,Sorrel 2,0.17747759564443033,0.1785714285714285
ward_sis,13,16,holdout,3,Other,0.12359326347143315,0.0666666666666666
ward_sis,14,15,holdout,1,Menard 2,0.16507121565290242,0.1555555555555555
ward_sis,14,15,holdout,1,Sorrel 0,0.09559244387861024,0.1034482758620689
ward_sis,14,15,holdout,1,Sorrel 2,0.13374912808083295,0.1111111111111111
ward_sis,14,15,holdout,1,Other,0.07620027447954554,0.0909090909090909
ward_sis,14,16,holdout,2,Sorrel 0,0.11482076242018344,0.0769230769230769
ward_sis,14,16,holdout,2,Sorrel 2,0.13883350592713073,0.1785714285714285
ward_sis,14,16,holdout,2,Other,0.10961539521948356,0.0666666666666666
ward_sis,15,16,holdout,1,Sorrel 0,0.12077146674921213,0.0769230769230769
ward_sis,15,16,holdout,1,Sorrel 2,0.11797960806508873,0.1785714285714285
ward_sis,15,16,holdout,1,Other,0.11875455705335719,0.0666666666666666
